,Cage.,Sample.,Treatment.,Time,Male.size,Male.BM,Male.dot,Female.size,Fe.bm,Fe.dot,Person,D.or.P,Note,Date,Date_year,Date_mon,Date_day,Male.dot.rate,Fe.dot.rate,MaleDotBM,FeDotBM,MaleNDBM,FeNDBM,Treattype,Treatment2,GenID,Habundance,PFe.size,PMale.size,parasitism,Pabundance,totavalar,firstP,secondP,control,Ptreat,pairscode,cagerep,cage,f,nonpara,Gen,HostID,totdot,totnodot,rrate
161,A01,212101,SH,09:13,61,0,26,59,0,15,LW,D,,Sep-4-2023,2023,9,4,0.456140351,0.254237288,0.151,0.163,0.2,0.17,Conspecific Null,SHH0,2,120,9,8,0.178947368,17,95,H,H,1,0,0,1,1,1,78,1,S,41,79,0.456140351
162,A02,212102,SH,09:17,94,0,26,71,0,23,LW,D,,Sep-4-2023,2023,9,4,0.329113924,0.323943662,0.153,0.176,0.19,0.19,Conspecific Control,SHHC,2,165,6,11,0.1328125,17,128,H,H,0,0,0,2,2,1,111,1,S,49,116,0.329113924
163,A03,212103,SH,09:21,126,0,30,98,0,23,LW,D,,Sep-4-2023,2023,9,4,0.326086957,0.234693878,0.11,0.176,0.14,0.19,Allospecific Control,SHTC,2,224,9,9,0.116129032,18,155,H,T,0,1,0,3,3,1,137,1,S,53,171,0.326086957
164,A04,212104,SH,09:25,127,0,9,130,0,10,LW,D,,Sep-4-2023,2023,9,4,0.28125,0.333333333,0.119,0.181,0.14,0.2,Allospecific Null,SHT0,2,157,3,14,0.1328125,17,128,H,T,1,1,0,4,4,1,111,1,S,19,138,0.28125
165,A05,212105,SH,09:29,19,0,15,28,0,8,LW,D,,Sep-4-2023,2023,9,4,0.365853659,0.285714286,0.112,0.18,0.14,0.19,Allospecific Null,SHT0,2,47,9,21,0.309278351,30,97,H,T,1,1,0,5,5,1,67,1,S,23,24,0.365853659
166,A06,212106,SH,09:33,67,0,19,40,0,14,LW,D,,Sep-4-2023,2023,9,4,0.422222222,0.35,0.109,0.192,0.14,0.21,Allospecific Control,SHTC,2,107,6,10,0.164948454,16,97,H,T,0,1,0,6,6,1,81,1,S,33,74,0.422222222
167,A07,212107,SH,09:37,127,0,20,92,0,11,LW,D,,Sep-4-2023,2023,9,4,0.512820513,0.261904762,0.119,0.18,0.16,0.19,Conspecific Control,SHHC,2,169,5,11,0.222222222,16,72,H,H,0,0,0,7,7,1,56,1,S,31,138,0.512820513
168,A08,212108,SH,09:41,52,0,9,26,0,12,LW,D,,Sep-4-2023,2023,9,4,0.28125,0.461538462,0.093,0.185,0.11,0.2,Conspecific Null,SHH0,2,78,7,17,0.311688312,24,77,H,H,1,0,0,8,8,1,53,1,S,21,57,0.28125
169,A09,212109,SH,09:45,128,0,24,71,0,17,LW,D,,Sep-4-2023,2023,9,4,0.347826087,0.333333333,0.105,0.168,0.13,0.18,Allospecific Control,SHTC,2,179,9,7,0.098765432,16,162,H,T,0,1,0,9,9,1,146,1,S,41,138,0.347826087
170,A10,212110,SH,09:49,3,0,0,5,0,2,LW,D,Threatened ,Sep-4-2023,2023,9,4,0,0.4,0,0.193,0.19,0.21,Conspecific Null,SHH0,2,8,11,20,0.430555556,31,72,H,H,1,0,0,10,10,1,41,1,S,2,6,0
171,A11,212111,SH,09:53,193,0,24,101,0,22,LW,D,,Sep-4-2023,2023,9,4,0.269662921,0.217821782,0.11,0.161,0.13,0.17,Conspecific Control,SHHC,2,294,14,12,0.196969697,26,132,H,H,0,0,0,11,11,1,106,1,S,46,248,0.269662921
172,A12,212112,SH,09:57,242,0,19,261,0,30,LW,D,,Sep-4-2023,2023,9,4,0.267605634,0.491803279,0.133,0.158,0.16,0.17,Conspecific Null,SHH0,2,303,14,15,0.243697479,29,119,H,H,1,0,0,12,12,1,90,1,S,49,254,0.267605634
173,A13,212113,SH,10:01,40,0,6,25,0,6,LW,D,,Sep-4-2023,2023,9,4,0.272727273,0.24,0.114,0.197,0.14,0.21,Conspecific Null,SHH0,2,65,2,18,0.192307692,20,104,H,H,1,0,0,13,13,1,84,1,S,12,53,0.272727273
174,A14,212114,SH,10:05,62,0,41,68,0,15,LW,D,,Sep-4-2023,2023,9,4,0.532467532,0.220588235,0.11,0.161,0.15,0.17,Allospecific Control,SHTC,2,130,16,12,0.202898551,28,138,H,T,0,1,0,14,14,1,110,1,S,56,74,0.532467532
175,A15,212115,SH,10:09,228,0,30,186,0,46,LW,D,,Sep-4-2023,2023,9,4,0.422535211,0.534883721,0.109,0.18,0.14,0.2,Allospecific Null,SHT0,2,314,7,12,0.138686131,19,137,H,T,1,1,0,15,15,1,118,1,S,76,238,0.422535211
176,A16,212116,SH,10:13,62,0,25,76,0,24,LW,D,,Sep-4-2023,2023,9,4,0.423728814,0.315789474,0.131,0.166,0.17,0.18,Allospecific Control,SHTC,2,138,18,9,0.272727273,27,99,H,T,0,1,0,16,16,1,72,1,S,49,89,0.423728814
177,A17,212117,SH,10:17,150,0,27,78,0,25,LW,D,,Sep-4-2023,2023,9,4,0.385714286,0.320512821,0.109,0.187,0.14,0.2,Conspecific Control,SHHC,2,228,11,11,0.171875,22,128,H,H,0,0,0,17,17,1,106,1,S,52,176,0.385714286
178,A18,212118,SH,10:21,103,0,31,92,0,47,LW,D,,Sep-4-2023,2023,9,4,0.424657534,0.510869565,0.119,0.18,0.15,0.2,Conspecific Control,SHHC,2,195,7,7,0.095890411,14,146,H,H,0,0,0,18,18,1,132,1,S,78,117,0.424657534
179,A19,212119,SH,10:25,155,0,34,66,0,27,LW,D,,Sep-4-2023,2023,9,4,0.373626374,0.409090909,0.149,0.153,0.19,0.16,Allospecific Null,SHT0,2,221,12,7,0.134751773,19,141,H,T,1,1,0,19,19,1,122,1,S,61,160,0.373626374
180,A20,212120,SH,10:29,59,0,10,42,0,3,LW,D,,Sep-4-2023,2023,9,4,0.27027027,0.071428571,0.127,0.17,0.15,0.18,Allospecific Control,SHTC,2,101,8,7,0.132743363,15,113,H,T,0,1,0,20,20,1,98,1,S,13,88,0.27027027
181,A21,212121,SH,10:33,237,0,33,172,0,15,LW,D,,Sep-4-2023,2023,9,4,0.417721519,0.208333333,0.109,0.187,0.14,0.2,Conspecific Control,SHHC,2,309,9,12,0.122807018,21,171,H,H,0,0,0,21,21,1,150,1,S,48,261,0.417721519
182,A22,212122,SH,10:37,290,0,41,179,0,22,LW,D,,Sep-4-2023,2023,9,4,0.525641026,0.278481013,0.143,0.181,0.19,0.2,Conspecific Null,SHH0,2,369,16,8,0.151898734,24,158,H,H,1,0,0,22,22,1,134,1,S,63,306,0.525641026
183,A23,212123,SH,10:41,173,0,12,143,0,17,LW,D,,Sep-4-2023,2023,9,4,0.260869565,0.395348837,0.085,0.192,0.1,0.21,Conspecific Null,SHH0,2,216,20,12,0.457142857,32,70,H,H,1,0,0,23,23,1,38,1,S,29,187,0.260869565
184,A24,212124,SH,10:45,53,0,28,47,0,11,LW,D,,Sep-4-2023,2023,9,4,0.518518519,0.234042553,0.109,0.161,0.14,0.17,Allospecific Null,SHT0,2,100,11,3,0.123893805,14,113,H,T,1,1,0,24,24,1,99,1,S,39,61,0.518518519
185,A25,212125,SH,10:49,48,0,18,46,0,28,LW,D,,Sep-4-2023,2023,9,4,0.461538462,0.608695652,0.125,0.195,0.16,0.23,Allospecific Control,SHTC,2,94,9,15,0.222222222,24,108,H,T,0,1,0,25,25,1,84,1,S,46,48,0.461538462
186,A26,212126,SH,10:53,75,0,35,106,0,34,LW,D,,Sep-4-2023,2023,9,4,0.411764706,0.320754717,0.102,0.168,0.13,0.18,Conspecific Control,SHHC,2,181,6,11,0.121428571,17,140,H,H,0,0,0,26,26,1,123,1,S,69,112,0.411764706
187,A27,212127,SH,10:57,234,0,80,167,0,74,LW,D,,Sep-4-2023,2023,9,4,0.551724138,0.443113772,0.1,0.181,0.13,0.2,Allospecific Null,SHT0,2,401,6,18,0.177777778,24,135,H,T,1,1,0,27,27,1,111,1,S,154,247,0.551724138
188,A28,212128,SH,11:01,124,0,34,96,0,24,LW,D,,Sep-4-2023,2023,9,4,0.365591398,0.25,0.114,0.168,0.14,0.18,Conspecific Control,SHHC,2,220,5,17,0.146666667,22,150,H,H,0,0,0,28,28,1,128,1,S,58,162,0.365591398
189,A29,212129,SH,11:05,76,0,34,48,0,17,LW,D,,Sep-4-2023,2023,9,4,0.419753086,0.354166667,0.117,0.173,0.15,0.19,Conspecific Null,SHH0,2,124,4,5,0.065693431,9,137,H,H,1,0,0,29,29,1,128,1,S,51,73,0.419753086
190,A30,212130,SH,11:09,6,0,6,18,0,3,LW,D,,Sep-4-2023,2023,9,4,0.352941176,0.166666667,0.126,0.197,0.16,0.21,Conspecific Null,SHH0,2,24,13,18,0.360465116,31,86,H,H,1,0,0,30,30,1,55,1,S,9,15,0.352941176
191,A31,212131,SH,11:13,98,0,8,63,0,11,LW,D,,Sep-4-2023,2023,9,4,0.125,0.174603175,0.129,0.175,0.15,0.19,Allospecific Null,SHT0,2,161,10,13,0.140243902,23,164,H,T,1,1,0,31,31,1,141,1,S,19,142,0.125
192,A32,212132,SH,11:17,145,0,20,53,0,22,LW,D,,Sep-4-2023,2023,9,4,0.37037037,0.41509434,0.104,0.164,0.13,0.18,Allospecific Null,SHT0,2,198,11,15,0.153846154,26,169,H,T,1,1,0,32,32,1,143,1,S,42,156,0.37037037
193,A33,212133,SH,11:21,8,0,1,4,0,1,LW,D,Threatened ,Sep-4-2023,2023,9,4,0.2,0.25,0.124,0.18,0.15,0.19,Conspecific Control,SHHC,2,12,17,20,0.521126761,37,71,H,H,0,0,0,33,33,1,34,1,S,2,10,0.2
194,A34,212134,SH,11:25,209,0,38,153,0,17,LW,D,,Sep-4-2023,2023,9,4,0.535211268,0.320754717,0.109,0.183,0.14,0.2,Conspecific Control,SHHC,2,262,8,8,0.172043011,16,93,H,H,0,0,0,34,34,1,77,1,S,55,207,0.535211268
195,A35,212135,SH,11:29,5,0,3,11,0,4,LW,D,Threatened ,Sep-4-2023,2023,9,4,0.3,0.363636364,0.105,0.185,0.13,0.2,Allospecific Control,SHTC,2,16,9,15,0.4,24,60,H,T,0,1,0,35,35,1,36,1,S,7,9,0.3
196,A36,212136,SH,11:33,191,0,49,106,0,49,LW,D,,Sep-4-2023,2023,9,4,0.388888889,0.462264151,0.135,0.188,0.17,0.21,Allospecific Null,SHT0,2,297,11,18,0.169590643,29,171,H,T,1,1,0,36,36,1,142,1,S,98,199,0.388888889
197,A37,212137,SH,11:37,122,0,25,60,0,9,LW,D,,Sep-4-2023,2023,9,4,0.423728814,0.15,0.141,0.154,0.18,0.16,Allospecific Control,SHTC,2,182,11,14,0.19379845,25,129,H,T,0,1,0,37,37,1,104,1,S,34,148,0.423728814
198,A38,212138,SH,11:41,57,0,15,35,0,7,LW,D,,Sep-4-2023,2023,9,4,0.405405405,0.2,0.117,0.171,0.15,0.18,Allospecific Control,SHTC,2,92,7,4,0.095652174,11,115,H,T,0,1,0,38,38,1,104,1,S,22,70,0.405405405
199,A39,212139,SH,11:45,73,0,12,22,0,8,LW,D,,Sep-4-2023,2023,9,4,0.571428571,0.363636364,0.124,0.181,0.17,0.2,Allospecific Null,SHT0,2,95,14,17,0.356321839,31,87,H,T,1,1,0,39,39,1,56,1,S,20,75,0.571428571
200,A40,212140,SH,11:49,30,0,15,22,0,8,LW,D,,Sep-4-2023,2023,9,4,0.517241379,0.363636364,0.107,0.159,0.14,0.17,Conspecific Null,SHH0,2,52,17,17,0.382022472,34,89,H,H,1,0,0,40,40,1,55,1,S,23,29,0.517241379
201,B01,212201,ST,11:53,48,0,10,45,0,2,LW,D,,Sep-4-2023,2023,9,4,0.434782609,0.044444444,0.154,0.19,0.2,0.2,Conspecific Null,STT0,2,93,3,4,0.086419753,7,81,T,T,1,0,1,1,41,1,74,1,S,12,81,0.434782609
202,B02,212202,ST,11:57,12,0,4,30,0,16,LW,D,,Sep-4-2023,2023,9,4,0.235294118,0.533333333,0.118,0.204,0.14,0.23,Allospecific Control,STHC,2,42,8,6,0.145833333,14,96,T,H,0,1,1,2,42,1,82,1,S,20,22,0.235294118
203,B03,212203,ST,12:01,117,0,18,105,0,46,LW,D,,Sep-4-2023,2023,9,4,0.391304348,0.438095238,0.128,0.179,0.16,0.2,Allospecific Control,STHC,2,222,11,4,0.109489051,15,137,T,H,0,1,1,3,43,1,122,1,S,64,158,0.391304348
204,B04,212204,ST,12:03,5,0,3,15,0,2,LW,D,Threatened ,Sep-4-2023,2023,9,4,0.375,0.133333333,0.123,0.174,0.15,0.18,Allospecific Control,STHC,2,20,6,12,0.290322581,18,62,T,H,0,1,1,4,44,1,44,1,S,5,15,0.375
205,B05,212205,ST,12:05,63,0,14,125,0,38,LW,D,,Sep-4-2023,2023,9,4,0.259259259,0.304,0.117,0.169,0.14,0.18,Allospecific Control,STHC,2,188,2,11,0.073033708,13,178,T,H,0,1,1,5,45,1,165,1,S,52,136,0.259259259
206,B06,212206,ST,12:07,100,0,15,95,0,55,LW,D,,Sep-4-2023,2023,9,4,0.3125,0.578947368,0.129,0.194,0.16,0.22,Allospecific Control,STHC,2,195,4,8,0.08,12,150,T,H,0,1,1,6,46,1,138,1,S,70,125,0.3125
207,B07,212207,ST,12:09,32,0,12,70,0,27,LW,D,,Sep-4-2023,2023,9,4,0.260869565,0.385714286,0.118,0.169,0.14,0.18,Conspecific Control,STTC,2,82,5,8,0.074712644,13,174,T,T,0,0,1,7,47,1,161,1,S,39,43,0.260869565
208,B08,212208,ST,12:11,12,0,5,45,0,9,LW,D,,Sep-4-2023,2023,9,4,0.3125,0.2,0.107,0.196,0.13,0.21,Conspecific Control,STTC,2,57,11,11,0.23655914,22,93,T,T,0,0,1,8,48,1,71,1,S,14,43,0.3125
209,B09,212209,ST,12:13,9,0,6,37,0,14,LW,D,,Sep-4-2023,2023,9,4,0.315789474,0.378378378,0.115,0.199,0.14,0.22,Conspecific Null,STT0,2,46,7,9,0.222222222,16,72,T,T,1,0,1,9,49,1,56,1,S,20,26,0.315789474
210,B10,212210,ST,12:15,81,0,3,70,0,21,LW,D,,Sep-4-2023,2023,9,4,0.076923077,0.3,0.111,0.191,0.13,0.21,Conspecific Control,STTC,2,151,8,8,0.14159292,16,113,T,T,0,0,1,10,50,1,97,1,S,24,127,0.076923077
211,B11,212211,ST,12:17,261,0,12,90,0,28,LW,D,,Sep-4-2023,2023,9,4,0.193548387,0.311111111,0.159,0.186,0.19,0.2,Allospecific Control,STHC,2,351,3,4,0.03626943,7,193,T,H,0,1,1,11,51,1,186,1,S,40,311,0.193548387
212,B12,212212,ST,12:19,157,0,5,92,0,33,LW,D,,Sep-4-2023,2023,9,4,0.119047619,0.358695652,0.109,0.169,0.13,0.18,Allospecific Null,STH0,2,249,11,6,0.163461538,17,104,T,H,1,1,1,12,52,1,87,1,S,38,211,0.119047619
213,B13,212213,ST,12:21,14,0,4,17,0,3,LW,D,,Sep-4-2023,2023,9,4,0.571428571,0.176470588,0.134,0.177,0.18,0.19,Conspecific Null,STT0,2,31,7,7,0.291666667,14,48,T,T,1,0,1,13,53,1,34,1,S,7,24,0.571428571
214,B14,212214,ST,12:23,43,0,11,55,0,26,LW,D,,Sep-4-2023,2023,9,4,0.458333333,0.472727273,0.112,0.197,0.14,0.22,Conspecific Null,STT0,2,98,6,10,0.115107914,16,139,T,T,1,0,1,14,54,1,123,1,S,37,61,0.458333333
215,B15,212215,ST,12:25,55,0,10,30,0,9,LW,D,,Sep-4-2023,2023,9,4,0.416666667,0.3,0.119,0.18,0.15,0.19,Allospecific Control,STHC,2,85,11,15,0.232142857,26,112,T,H,0,1,1,15,55,1,86,1,S,19,66,0.416666667
216,B16,212216,ST,12:27,22,0,3,60,0,32,LW,D,,Sep-4-2023,2023,9,4,0.085714286,0.533333333,0.15,0.148,0.18,0.16,Conspecific Null,STT0,2,82,7,15,0.201834862,22,109,T,T,1,0,1,16,56,1,87,1,S,35,47,0.085714286
217,B17,212217,ST,12:29,164,0,21,82,0,28,LW,D,,Sep-4-2023,2023,9,4,0.328125,0.341463415,0.149,0.18,0.18,0.2,Conspecific Control,STTC,2,246,7,12,0.113772455,19,167,T,T,0,0,1,17,57,1,148,1,S,49,197,0.328125
218,B18,212218,ST,12:31,54,0,8,105,0,28,LW,D,,Sep-4-2023,2023,9,4,0.163265306,0.266666667,0.137,0.17,0.16,0.18,Conspecific Null,STT0,2,159,7,14,0.141891892,21,148,T,T,1,0,1,18,58,1,127,1,S,36,123,0.163265306
219,B19,212219,ST,12:33,92,0,5,32,0,16,LW,D,,Sep-4-2023,2023,9,4,0.238095238,0.5,0.094,0.189,0.11,0.21,Conspecific Control,STTC,2,124,4,11,0.111940299,15,134,T,T,0,0,1,19,59,1,119,1,S,21,103,0.238095238
220,B20,212220,ST,12:35,76,0,3,40,0,16,LW,D,,Sep-4-2023,2023,9,4,0.142857143,0.4,0.134,0.207,0.16,0.23,Allospecific Null,STH0,2,116,8,7,0.135135135,15,111,T,H,1,1,1,20,60,1,96,1,S,19,97,0.142857143
221,B21,212221,ST,12:37,82,0,9,72,0,22,LW,D,,Sep-4-2023,2023,9,4,0.209302326,0.305555556,0.149,0.182,0.18,0.2,Conspecific Control,STTC,2,154,5,7,0.090909091,12,132,T,T,0,0,1,21,61,1,120,1,S,31,123,0.209302326
222,B22,212222,ST,12:39,39,0,26,75,0,15,LW,D,,Sep-4-2023,2023,9,4,0.472727273,0.2,0.153,0.203,0.2,0.22,Conspecific Control,STTC,2,104,4,7,0.080882353,11,136,T,T,0,0,1,22,62,1,125,1,S,41,63,0.472727273
223,B23,212223,ST,12:41,102,0,6,67,0,31,LW,D,,Sep-4-2023,2023,9,4,0.115384615,0.462686567,0.119,0.187,0.14,0.21,Allospecific Null,STH0,2,169,2,5,0.052631579,7,133,T,H,1,1,1,23,63,1,126,1,S,37,132,0.115384615
224,B24,212224,ST,12:43,52,0,3,52,0,21,LW,D,,Sep-4-2023,2023,9,4,0.157894737,0.403846154,0.123,0.182,0.15,0.2,Allospecific Null,STH0,2,104,10,10,0.210526316,20,95,T,H,1,1,1,24,64,1,75,1,S,24,80,0.157894737
225,B25,212225,ST,12:45,68,0,44,125,0,33,LW,D,,Sep-4-2023,2023,9,4,0.61971831,0.264,0.085,0.192,0.12,0.21,Allospecific Null,STH0,2,193,8,7,0.088235294,15,170,T,H,1,1,1,25,65,1,155,1,S,77,116,0.61971831
226,B26,212226,ST,12:47,7,0,0,7,0,1,LW,D,,Sep-4-2023,2023,9,4,0,0.142857143,0.114,0.201,0.13,0.22,Conspecific Null,STT0,2,14,7,6,0.194029851,13,67,T,T,1,0,1,26,66,1,54,1,S,1,13,0
227,B27,212227,ST,12:49,47,0,6,32,0,8,LW,D,,Sep-4-2023,2023,9,4,0.260869565,0.25,0.144,0.19,0.18,0.21,Allospecific Control,STHC,2,79,11,8,0.150793651,19,126,T,H,0,1,1,27,67,1,107,1,S,14,65,0.260869565
228,B28,212228,ST,12:51,44,0,8,52,0,19,LW,D,,Sep-4-2023,2023,9,4,0.347826087,0.365384615,0.123,0.184,0.15,0.2,Allospecific Null,STH0,2,96,9,9,0.128571429,18,140,T,H,1,1,1,28,68,1,122,1,S,27,69,0.347826087
229,B29,212229,ST,13:09,0,0,0,0,0,0,LW,D,E,Sep-4-2023,2023,9,4,0,0,0,0,0,0,Allospecific Null,STH0,2,0,13,11,0.201680672,24,119,T,H,1,1,1,29,69,1,95,1,S,0,0,0
230,B30,212230,ST,13:12,14,0,5,25,0,7,LW,D,Threatened ,Sep-4-2023,2023,9,4,0.454545455,0.28,0.178,0.19,0.23,0.21,Conspecific Null,STT0,2,39,6,5,0.141025641,11,78,T,T,1,0,1,30,70,1,67,1,S,12,27,0.454545455
231,B31,212231,ST,13:15,10,0,1,17,0,7,LW,D,Threatened ,Sep-4-2023,2023,9,4,0.142857143,0.411764706,0.148,0.187,0.18,0.21,Conspecific Null,STT0,2,27,4,8,0.115384615,12,104,T,T,1,0,1,31,71,1,92,1,S,8,19,0.142857143
232,B32,212232,ST,13:18,17,0,3,17,0,7,LW,D,,Sep-4-2023,2023,9,4,0.375,0.411764706,0.112,0.172,0.14,0.19,Allospecific Null,STH0,2,34,7,3,0.158730159,10,63,T,H,1,1,1,32,72,1,53,1,S,10,24,0.375
233,B33,212233,ST,13:21,20,0,2,15,0,5,LW,D,Threatened ,Sep-4-2023,2023,9,4,0.25,0.333333333,0.146,0.192,0.18,0.21,Conspecific Control,STTC,2,35,12,7,0.275362319,19,69,T,T,0,0,1,33,73,1,50,1,S,7,28,0.25
234,B34,212234,ST,13:24,45,0,11,57,0,19,LW,D,,Sep-4-2023,2023,9,4,0.366666667,0.333333333,0.137,0.203,0.17,0.22,Allospecific Control,STHC,2,102,5,11,0.228571429,16,70,T,H,0,1,1,34,74,1,54,1,S,30,72,0.366666667
235,B35,212235,ST,13:27,203,0,12,57,0,30,LW,D,,Sep-4-2023,2023,9,4,0.315789474,0.526315789,0.081,0.172,0.1,0.19,Allospecific Control,STHC,2,260,7,16,0.176923077,23,130,T,H,0,1,1,35,75,1,107,1,S,42,218,0.315789474
236,B36,212236,ST,13:30,97,0,5,60,0,17,LW,D,,Sep-4-2023,2023,9,4,0.138888889,0.283333333,0.136,0.192,0.16,0.21,Conspecific Control,STTC,2,157,3,10,0.086092715,13,151,T,T,0,0,1,36,76,1,138,1,S,22,135,0.138888889
237,B37,212237,ST,13:33,83,0,28,90,0,63,LW,D,,Sep-4-2023,2023,9,4,0.451612903,0.7,0.129,0.165,0.17,0.19,Conspecific Null,STT0,2,173,11,9,0.12987013,20,154,T,T,1,0,1,37,77,1,134,1,S,91,82,0.451612903
238,B38,212238,ST,13:36,93,0,11,90,0,30,LW,D,,Sep-4-2023,2023,9,4,0.275,0.333333333,0.175,0.175,0.21,0.19,Conspecific Control,STTC,2,143,6,4,0.061349693,10,163,T,T,0,0,1,38,78,1,153,1,S,41,102,0.275
239,B39,212239,ST,13:39,33,0,7,57,0,25,LW,D,,Sep-4-2023,2023,9,4,0.233333333,0.438596491,0.135,0.192,0.16,0.21,Allospecific Null,STH0,2,90,8,6,0.097902098,14,143,T,H,1,1,1,39,79,1,129,1,S,32,58,0.233333333
240,B40,212240,ST,13:42,67,0,2,32,0,14,LW,D,,Sep-4-2023,2023,9,4,0.076923077,0.4375,0.148,0.197,0.17,0.22,Allospecific Null,STH0,2,99,9,6,0.123966942,15,121,T,H,1,1,1,40,80,1,106,1,S,16,83,0.076923077
241,C01,212301,MH,13:45,51,0,10,42,0,13,LW,D,,Sep-4-2023,2023,9,4,0.333333333,0.30952381,0.166,0.194,0.21,0.21,Allospecific Null,MHT0,2,93,10,4,0.179487179,14,78,H,T,1,1,2,1,81,1,64,1,M,23,70,0.333333333
242,C02,212302,MH,13:48,119,0,11,87,0,19,LW,D,,Sep-4-2023,2023,9,4,0.13253012,0.218390805,0.161,0.185,0.19,0.2,Allospecific Control,MHTC,2,206,11,9,0.131578947,20,152,H,T,0,1,2,2,82,1,132,1,M,30,176,0.13253012
243,C03,212303,MH,13:51,75,0,30,62,0,17,LW,D,,Sep-4-2023,2023,9,4,0.434782609,0.274193548,0.157,0.194,0.2,0.21,Conspecific Control,MHHC,2,137,5,8,0.119266055,13,109,H,H,0,0,2,3,83,1,96,1,M,47,90,0.434782609
244,C04,212304,MH,13:54,92,0,29,64,0,20,LW,D,,Sep-4-2023,2023,9,4,0.491525424,0.37037037,0.144,0.195,0.19,0.22,Allospecific Null,MHT0,2,146,2,10,0.073619632,12,163,H,T,1,1,2,4,84,1,151,1,M,49,97,0.491525424
245,C05,212305,MH,13:57,8,0,0,7,0,1,LW,D,Threatened ,Sep-4-2023,2023,9,4,0,0.142857143,0,0.175,0.19,0.19,Conspecific Control,MHHC,2,15,2,9,0.2,11,55,H,H,0,0,2,5,85,1,44,1,M,1,14,0
246,C06,212306,MH,14:00,124,0,16,80,0,18,LW,D,,Sep-4-2023,2023,9,4,0.380952381,0.36,0.171,0.195,0.22,0.21,Allospecific Null,MHT0,2,174,4,8,0.090225564,12,133,H,T,1,1,2,6,86,1,121,1,M,34,140,0.380952381
247,C07,212307,MH,14:03,66,0,35,36,0,17,LW,D,,Sep-4-2023,2023,9,4,0.614035088,0.472222222,0.172,0.19,0.25,0.21,Allospecific Control,MHTC,2,102,6,2,0.0625,8,128,H,T,0,1,2,7,87,1,120,1,M,52,50,0.614035088
248,C08,212308,MH,14:06,84,0,11,47,0,12,LW,D,,Sep-4-2023,2023,9,4,0.366666667,0.444444444,0.171,0.188,0.21,0.21,Conspecific Null,MHH0,2,111,5,15,0.240963855,20,83,H,H,1,0,2,8,88,1,63,1,M,23,88,0.366666667
249,C09,212309,MH,14:09,104,0,46,85,0,36,LW,D,,Sep-4-2023,2023,9,4,0.73015873,0.423529412,0.172,0.185,0.28,0.2,Conspecific Control,MHHC,2,189,6,5,0.070063694,11,157,H,H,0,0,2,9,89,1,146,1,M,82,107,0.73015873
250,C10,212310,MH,14:12,78,0,21,67,0,21,LW,D,,Sep-4-2023,2023,9,4,0.344262295,0.313432836,0.167,0.18,0.21,0.19,Allospecific Control,MHTC,2,145,4,8,0.091603053,12,131,H,T,0,1,2,10,90,1,119,1,M,42,103,0.344262295
251,C11,212311,MH,14:15,132,0,6,99,0,21,LW,D,,Sep-4-2023,2023,9,4,0.089552239,0.304347826,0.164,0.185,0.19,0.2,Allospecific Null,MHT0,2,201,7,4,0.119565217,11,92,H,T,1,1,2,11,91,1,81,1,M,27,174,0.089552239
252,C12,212312,MH,14:18,72,0,15,58,0,23,LW,D,,Sep-4-2023,2023,9,4,0.254237288,0.396551724,0.159,0.209,0.19,0.23,Conspecific Null,MHH0,2,130,4,9,0.131313131,13,99,H,H,1,0,2,12,92,1,86,1,M,38,92,0.254237288
253,C13,212313,MH,14:21,8,0,0,7,0,2,LW,D,Threatened ,Sep-4-2023,2023,9,4,0,0.285714286,0,0.219,0.18,0.24,Conspecific Control,MHHC,2,15,10,2,0.255319149,12,47,H,H,0,0,2,13,93,1,35,1,M,2,13,0
254,C14,212314,MH,14:24,232,0,38,144,0,16,LW,D,,Sep-4-2023,2023,9,4,0.603174603,0.363636364,0.164,0.187,0.23,0.2,Conspecific Control,MHHC,2,276,5,3,0.080808081,8,99,H,H,0,0,2,14,94,1,91,1,M,54,222,0.603174603
255,C15,212315,MH,14:27,149,0,2,92,0,16,LW,D,,Sep-4-2023,2023,9,4,0.045454545,0.307692308,0.164,0.187,0.19,0.2,Conspecific Null,MHH0,2,201,6,7,0.119266055,13,109,H,H,1,0,2,15,95,1,96,1,M,18,183,0.045454545
256,C16,212316,MH,14:30,173,0,9,140,0,17,LW,D,,Sep-4-2023,2023,9,4,0.195652174,0.425,0.171,0.197,0.21,0.22,Conspecific Null,MHH0,2,213,6,9,0.151515152,15,99,H,H,1,0,2,16,96,1,84,1,M,26,187,0.195652174
257,C17,212317,MH,14:33,361,0,14,154,0,22,LW,D,,Sep-4-2023,2023,9,4,0.191780822,0.407407407,0.172,0.209,0.21,0.23,Allospecific Null,MHT0,2,415,6,8,0.116666667,14,120,H,T,1,1,2,17,97,1,106,1,M,36,379,0.191780822
258,C18,212318,MH,14:36,40,0,7,44,0,19,LW,D,,Sep-4-2023,2023,9,4,0.205882353,0.431818182,0.183,0.212,0.22,0.24,Conspecific Null,MHH0,2,84,8,14,0.372881356,22,59,H,H,1,0,2,18,98,1,37,1,M,26,58,0.205882353
259,C19,212319,MH,14:39,53,0,4,15,0,3,LW,D,,Sep-4-2023,2023,9,4,0.333333333,0.2,0.183,0.207,0.23,0.23,Allospecific Null,MHT0,2,68,6,9,0.3,15,50,H,T,1,1,2,19,99,1,35,1,M,7,61,0.333333333
260,C20,212320,MH,14:42,32,0,9,33,0,11,LW,D,,Sep-4-2023,2023,9,4,0.28125,0.333333333,0.178,0.217,0.22,0.24,Conspecific Null,MHH0,2,65,7,8,0.182926829,15,82,H,H,1,0,2,20,100,1,67,1,M,20,45,0.28125
261,C21,212321,MH,14:45,53,0,18,38,0,15,LW,D,,Sep-4-2023,2023,9,4,0.428571429,0.394736842,0.166,0.212,0.21,0.24,Conspecific Null,MHH0,2,91,2,9,0.148648649,11,74,H,H,1,0,2,21,101,1,63,1,M,33,58,0.428571429
262,C22,212322,MH,14:48,97,0,4,27,0,9,LW,D,,Sep-4-2023,2023,9,4,0.142857143,0.333333333,0.179,0.219,0.21,0.24,Conspecific Control,MHHC,2,124,7,3,0.111111111,10,90,H,H,0,0,2,22,102,1,80,1,M,13,111,0.142857143
263,C23,212323,MH,14:51,233,0,23,169,0,28,LW,D,,Sep-4-2023,2023,9,4,0.306666667,0.405797101,0.172,0.175,0.21,0.19,Allospecific Null,MHT0,2,302,9,2,0.080291971,11,137,H,T,1,1,2,23,103,1,126,1,M,51,251,0.306666667
264,C24,212324,MH,14:54,173,0,20,71,0,29,LW,D,,Sep-4-2023,2023,9,4,0.24691358,0.408450704,0.178,0.187,0.22,0.2,Allospecific Null,MHT0,2,244,9,8,0.140495868,17,121,H,T,1,1,2,24,104,1,104,1,M,49,195,0.24691358
265,C25,212325,MH,14:57,64,0,17,64,0,23,LW,D,,Sep-4-2023,2023,9,4,0.298245614,0.359375,0.166,0.195,0.2,0.21,Conspecific Control,MHHC,2,128,7,2,0.096774194,9,93,H,H,0,0,2,25,105,1,84,1,M,40,88,0.298245614
266,C26,212326,MH,15:00,128,0,16,73,0,18,LW,D,,Sep-4-2023,2023,9,4,0.280701754,0.246575342,0.161,0.192,0.2,0.21,Conspecific Null,MHH0,2,201,3,6,0.060402685,9,149,H,H,1,0,2,26,106,1,140,1,M,34,167,0.280701754
267,C27,212327,MH,15:03,28,0,5,17,0,5,LW,D,,Sep-4-2023,2023,9,4,0.357142857,0.294117647,0.169,0.2,0.21,0.22,Allospecific Null,MHT0,2,45,5,6,0.282051282,11,39,H,T,1,1,2,27,107,1,28,1,M,10,35,0.357142857
268,C28,212328,MH,15:06,119,0,14,52,0,18,LW,D,,Sep-4-2023,2023,9,4,0.333333333,0.346153846,0.172,0.188,0.21,0.21,Allospecific Control,MHTC,2,171,7,4,0.119565217,11,92,H,T,0,1,2,28,108,1,81,1,M,32,139,0.333333333
269,C29,212329,MH,15:09,244,0,6,131,0,10,LW,D,,Sep-4-2023,2023,9,4,0.111111111,0.322580645,0.169,0.188,0.2,0.21,Conspecific Control,MHHC,2,275,4,11,0.12195122,15,123,H,H,0,0,2,29,109,1,108,1,M,16,259,0.111111111
270,C30,212330,MH,15:12,109,0,41,77,0,24,LW,D,,Sep-4-2023,2023,9,4,0.577464789,0.311688312,0.171,0.185,0.24,0.2,Allospecific Control,MHTC,2,186,3,9,0.097560976,12,123,H,T,0,1,2,30,110,1,111,1,M,65,121,0.577464789
271,C31,212331,MH,15:15,32,0,16,56,0,21,LW,D,,Sep-4-2023,2023,9,4,0.219178082,0.375,0.179,0.17,0.22,0.18,Conspecific Control,MHHC,2,88,2,7,0.063380282,9,142,H,H,0,0,2,31,111,1,133,1,M,37,51,0.219178082
272,C32,212332,MH,15:18,125,0,4,73,0,25,LW,D,,Sep-4-2023,2023,9,4,0.08,0.342465753,0.147,0.188,0.17,0.21,Conspecific Null,MHH0,2,198,9,8,0.158878505,17,107,H,H,1,0,2,32,112,1,90,1,M,29,169,0.08
273,C33,212333,MH,15:21,200,0,13,167,0,20,LW,D,,Sep-4-2023,2023,9,4,0.178082192,0.298507463,0.176,0.18,0.21,0.19,Allospecific Control,MHTC,2,267,6,7,0.098484848,13,132,H,T,0,1,2,33,113,1,119,1,M,33,234,0.178082192
274,C34,212334,MH,15:24,95,0,24,48,0,18,LW,D,,Sep-4-2023,2023,9,4,0.380952381,0.375,0.142,0.177,0.18,0.19,Allospecific Control,MHTC,2,143,7,5,0.100840336,12,119,H,T,0,1,2,34,114,1,107,1,M,42,101,0.380952381
275,C35,212335,MH,15:27,324,0,17,173,0,34,LW,D,,Sep-4-2023,2023,9,4,0.209876543,0.465753425,0.145,0.187,0.17,0.21,Allospecific Null,MHT0,2,397,10,7,0.117241379,17,145,H,T,1,1,2,35,115,1,128,1,M,51,346,0.209876543
276,C36,212336,MH,15:30,104,0,24,69,0,25,LW,D,,Sep-4-2023,2023,9,4,0.380952381,0.362318841,0.176,0.192,0.22,0.21,Allospecific Control,MHTC,2,173,6,12,0.125874126,18,143,H,T,0,1,2,36,116,1,125,1,M,49,124,0.380952381
277,C37,212337,MH,15:33,119,0,24,48,0,22,LW,D,,Sep-4-2023,2023,9,4,0.5,0.458333333,0.155,0.204,0.21,0.23,Conspecific Control,MHHC,2,167,6,5,0.0859375,11,128,H,H,0,0,2,37,117,1,117,1,M,46,121,0.5
278,C38,212338,MH,15:36,99,0,14,64,0,20,LW,D,,Sep-4-2023,2023,9,4,0.229508197,0.3125,0.172,0.182,0.21,0.2,Conspecific Null,MHH0,2,163,4,1,0.032679739,5,153,H,H,1,0,2,38,118,1,148,1,M,34,129,0.229508197
279,C39,212339,MH,15:39,87,0,31,64,0,20,LW,D,,Sep-4-2023,2023,9,4,0.364705882,0.3125,0.147,0.2,0.18,0.22,Allospecific Control,MHTC,2,151,6,12,0.120805369,18,149,H,T,0,1,2,39,119,1,131,1,M,51,100,0.364705882
280,C40,212340,MH,15:42,35,0,22,36,0,16,LW,D,,Sep-4-2023,2023,9,4,0.578947368,0.444444444,0.155,0.197,0.22,0.22,Allospecific Control,MHTC,2,71,6,2,0.108108108,8,74,H,T,0,1,2,40,120,1,66,1,M,38,33,0.578947368
281,D01,212401,MT,15:45,212,0,81,189,0,28,LW,D,,Sep-4-2023,2023,9,4,0.835051546,0.314606742,0.154,0.177,0.3,0.19,Conspecific Null,MTT0,2,301,4,9,0.074285714,13,175,T,T,1,0,3,1,121,1,162,1,M,109,192,0.835051546
282,D02,212402,MT,15:48,2,0,5,7,0,1,LW,D,,Sep-4-2023,2023,9,4,0.625,0.142857143,0.131,0.191,0.18,0.2,Conspecific Null,MTT0,2,9,11,3,0.368421053,14,38,T,T,1,0,3,2,122,1,24,1,M,6,3,0.625
283,D03,212403,MT,15:51,53,0,5,14,0,5,LW,D,,Sep-4-2023,2023,9,4,0.3125,0.357142857,0.134,0.194,0.17,0.21,Conspecific Control,MTTC,2,67,7,10,0.261538462,17,65,T,T,0,0,3,3,123,1,48,1,M,10,57,0.3125
284,D04,212404,MT,15:54,42,0,20,24,0,8,LW,D,,Sep-4-2023,2023,9,4,0.740740741,0.333333333,0.142,0.18,0.23,0.2,Allospecific Null,MTH0,2,66,5,12,0.220779221,17,77,T,H,1,1,3,4,124,1,60,1,M,28,38,0.740740741
285,D05,212405,MT,15:57,63,0,43,64,0,19,LW,D,,Sep-4-2023,2023,9,4,0.614285714,0.296875,0.104,0.162,0.15,0.17,Conspecific Null,MTT0,2,127,6,6,0.072289157,12,166,T,T,1,0,3,5,125,1,154,1,M,62,65,0.614285714
286,D06,212406,MT,16:00,119,0,12,44,0,14,LW,D,,Sep-4-2023,2023,9,4,0.25,0.318181818,0.122,0.175,0.15,0.19,Conspecific Control,MTTC,2,163,2,7,0.0625,9,144,T,T,0,0,3,6,126,1,135,1,M,26,137,0.25
287,D07,212407,MT,16:03,47,0,14,44,0,3,LW,D,,Sep-4-2023,2023,9,4,0.291666667,0.068181818,0.135,0.157,0.17,0.16,Allospecific Control,MTHC,2,91,10,14,0.176470588,24,136,T,H,0,1,3,7,127,1,112,1,M,17,74,0.291666667
288,D08,212408,MT,16:06,447,0,33,116,0,35,LW,D,,Sep-4-2023,2023,9,4,0.25984252,0.301724138,0.1,0.16,0.12,0.17,Conspecific Null,MTT0,2,563,7,7,0.097222222,14,144,T,T,1,0,3,8,128,1,130,1,M,68,495,0.25984252
289,D09,212409,MT,16:09,157,0,48,87,0,19,LW,D,,Sep-4-2023,2023,9,4,0.510638298,0.218390805,0.16,0.192,0.21,0.21,Conspecific Control,MTTC,2,244,17,20,0.23125,37,160,T,T,0,0,3,9,129,1,123,1,M,67,177,0.510638298
290,D10,212410,MT,16:12,34,0,27,44,0,5,LW,D,,Sep-4-2023,2023,9,4,0.5625,0.113636364,0.138,0.194,0.19,0.21,Allospecific Control,MTHC,2,78,16,17,0.452054795,33,73,T,H,0,1,3,10,130,1,40,1,M,32,46,0.5625
291,D11,212411,MT,16:15,279,0,26,57,0,22,LW,D,,Sep-4-2023,2023,9,4,0.419354839,0.385964912,0.113,0.202,0.14,0.22,Conspecific Control,MTTC,2,336,5,13,0.204545455,18,88,T,T,0,0,3,11,131,1,70,1,M,48,288,0.419354839
292,D12,212412,MT,16:18,98,0,31,62,0,25,LW,D,,Sep-4-2023,2023,9,4,0.462686567,0.403225806,0.081,0.179,0.1,0.19,Conspecific Null,MTT0,2,160,7,11,0.127659574,18,141,T,T,1,0,3,12,132,1,123,1,M,56,104,0.462686567
293,D13,212413,MT,16:21,224,0,51,182,0,34,LW,D,,Sep-4-2023,2023,9,4,0.573033708,0.414634146,0.154,0.187,0.21,0.21,Allospecific Null,MTH0,2,306,3,17,0.119047619,20,168,T,H,1,1,3,13,133,1,148,1,M,85,221,0.573033708
294,D14,212414,MT,16:24,199,0,78,126,0,51,LW,D,,Sep-4-2023,2023,9,4,0.565217391,0.404761905,0.107,0.174,0.15,0.19,Conspecific Control,MTTC,2,325,6,12,0.156521739,18,115,T,T,0,0,3,14,134,1,97,1,M,129,196,0.565217391
295,D15,212415,MT,16:27,200,0,41,87,0,21,LW,D,,Sep-4-2023,2023,9,4,0.436170213,0.24137931,0.145,0.172,0.19,0.18,Allospecific Null,MTH0,2,287,7,14,0.201923077,21,104,T,H,1,1,3,15,135,1,83,1,M,62,225,0.436170213
296,D16,212416,MT,16:30,53,0,13,29,0,9,LW,D,,Sep-4-2023,2023,9,4,0.40625,0.310344828,0.083,0.189,0.1,0.21,Allospecific Control,MTHC,2,82,8,17,0.280898876,25,89,T,H,0,1,3,16,136,1,64,1,M,22,60,0.40625
297,D17,212417,MT,16:33,246,0,38,69,0,15,LW,D,,Sep-4-2023,2023,9,4,0.506666667,0.217391304,0.114,0.174,0.15,0.18,Allospecific Control,MTHC,2,315,10,7,0.133858268,17,127,T,H,0,1,3,17,137,1,110,1,M,53,262,0.506666667
298,D18,212418,MT,16:36,92,0,22,52,0,12,LW,D,,Sep-4-2023,2023,9,4,0.392857143,0.230769231,0.102,0.197,0,0.21,Allospecific Null,MTH0,2,144,9,13,0.173228346,22,127,T,H,1,1,3,18,138,1,105,1,M,34,110,0.392857143
299,D19,212419,MT,16:39,83,0,40,69,0,22,LW,D,,Sep-4-2023,2023,9,4,0.533333333,0.31884058,0.094,0.148,0.12,0.15,Allospecific Null,MTH0,2,152,6,11,0.138211382,17,123,T,H,1,1,3,19,139,1,106,1,M,62,90,0.533333333
300,D20,212420,MT,16:42,152,0,32,44,0,5,LW,D,,Sep-4-2023,2023,9,4,0.666666667,0.113636364,0.128,0.189,0.19,0.2,Conspecific Control,MTTC,2,196,14,21,0.343137255,35,102,T,T,0,0,3,20,140,1,67,1,M,37,159,0.666666667
301,D21,212421,MT,16:45,82,0,12,34,0,8,LW,D,,Sep-4-2023,2023,9,4,0.324324324,0.235294118,0.108,0.194,0.13,0.21,Conspecific Null,MTT0,2,116,9,13,0.241758242,22,91,T,T,1,0,3,21,141,1,69,1,M,20,96,0.324324324
302,D22,212422,MT,16:48,170,0,46,82,0,11,LW,D,,Sep-4-2023,2023,9,4,0.516853933,0.134146341,0.137,0.179,0.18,0.19,Allospecific Control,MTHC,2,252,4,12,0.126984127,16,126,T,H,0,1,3,22,142,1,110,1,M,57,195,0.516853933
303,D23,212423,MT,16:51,122,0,29,54,0,15,LW,D,,Sep-4-2023,2023,9,4,0.491525424,0.277777778,0.08,0.17,0.1,0.18,Allospecific Null,MTH0,2,176,5,6,0.074829932,11,147,T,H,1,1,3,23,143,1,136,1,M,44,132,0.491525424
304,D24,212424,MT,16:54,92,0,18,42,0,20,LW,D,,Sep-4-2023,2023,9,4,0.391304348,0.476190476,0.096,0.196,0.12,0.22,Conspecific Null,MTT0,2,134,3,8,0.146666667,11,75,T,T,1,0,3,24,144,1,64,1,M,38,96,0.391304348
305,D25,212425,MT,16:57,211,0,17,104,0,32,LW,D,,Sep-4-2023,2023,9,4,0.150442478,0.307692308,0.095,0.168,0.11,0.18,Conspecific Control,MTTC,2,315,3,8,0.06918239,11,159,T,T,0,0,3,25,145,1,148,1,M,49,266,0.150442478
306,D26,212426,MT,17:00,410,0,93,204,0,35,LW,D,,Sep-4-2023,2023,9,4,0.82300885,0.336538462,0.133,0.182,0.25,0.2,Conspecific Control,MTTC,2,514,10,8,0.104046243,18,173,T,T,0,0,3,26,146,1,155,1,M,128,386,0.82300885
307,D27,212427,MT,17:03,22,0,12,32,0,6,LW,D,,Sep-4-2023,2023,9,4,0.342857143,0.1875,0.162,0.197,0.2,0.21,Allospecific Control,MTHC,2,54,9,13,0.192982456,22,114,T,H,0,1,3,27,147,1,92,1,M,18,36,0.342857143
308,D28,212428,MT,17:06,85,0,29,39,0,9,LW,D,,Sep-4-2023,2023,9,4,0.674418605,0.230769231,0.127,0.202,0.19,0.22,Allospecific Control,MTHC,2,124,13,13,0.490566038,26,53,T,H,0,1,3,28,148,1,27,1,M,38,86,0.674418605
309,D29,212429,MT,17:09,31,0,1,14,0,4,LW,D,,Sep-4-2023,2023,9,4,0.0625,0.285714286,0.15,0.174,0.18,0.19,Conspecific Null,MTT0,2,45,8,7,0.294117647,15,51,T,T,1,0,3,29,149,1,36,1,M,5,40,0.0625
310,D30,212430,MT,17:12,127,0,34,74,0,31,LW,D,,Sep-4-2023,2023,9,4,0.419753086,0.418918919,0.096,0.182,0.12,0.2,Allospecific Null,MTH0,2,201,5,17,0.178861789,22,123,T,H,1,1,3,30,150,1,101,1,M,65,136,0.419753086
311,D31,212431,MT,17:15,142,0,43,57,0,5,LW,D,,Sep-4-2023,2023,9,4,0.693548387,0.087719298,0.116,0.174,0.17,0.18,Allospecific Null,MTH0,2,199,7,9,0.134453782,16,119,T,H,1,1,3,31,151,1,103,1,M,48,151,0.693548387
312,D32,212432,MT,17:18,74,0,30,129,0,33,LW,D,,Sep-4-2023,2023,9,4,0.214285714,0.255813953,0.073,0.172,0.09,0.18,Conspecific Null,MTT0,2,203,5,14,0.110465116,19,172,T,T,1,0,3,32,152,1,153,1,M,63,140,0.214285714
313,D33,212433,MT,17:21,56,0,28,54,0,18,LW,D,,Sep-4-2023,2023,9,4,0.474576271,0.333333333,0.113,0.157,0.15,0.16,Allospecific Control,MTHC,2,110,8,12,0.163934426,20,122,T,H,0,1,3,33,153,1,102,1,M,46,64,0.474576271
314,D34,212434,MT,17:24,379,0,31,174,0,19,LW,D,,Sep-4-2023,2023,9,4,0.382716049,0.256756757,0.131,0.174,0.16,0.18,Conspecific Control,MTTC,2,453,10,14,0.16,24,150,T,T,0,0,3,34,154,1,126,1,M,50,403,0.382716049
315,D35,212435,MT,17:27,208,0,47,92,0,43,LW,D,,Sep-4-2023,2023,9,4,0.47,0.467391304,0.154,0.168,0.2,0.18,Allospecific Null,MTH0,2,300,3,5,0.053333333,8,150,T,H,1,1,3,35,155,1,142,1,M,90,210,0.47
316,D36,212436,MT,17:30,101,0,30,52,0,24,LW,D,,Sep-4-2023,2023,9,4,0.535714286,0.461538462,0.089,0.174,0.12,0.19,Allospecific Null,MTH0,2,153,10,13,0.209090909,23,110,T,H,1,1,3,36,156,1,87,1,M,54,99,0.535714286
317,D37,212437,MT,17:33,96,0,10,34,0,15,LW,D,,Sep-4-2023,2023,9,4,0.27027027,0.441176471,0.109,0.18,0.13,0.2,Allospecific Control,MTHC,2,130,5,11,0.216216216,16,74,T,H,0,1,3,37,157,1,58,1,M,25,105,0.27027027
318,D38,212438,MT,17:36,229,0,23,144,0,10,LW,D,,Sep-4-2023,2023,9,4,0.479166667,0.227272727,0.115,0.157,0.15,0.16,Allospecific Control,MTHC,2,273,6,10,0.155339806,16,103,T,H,0,1,3,38,158,1,87,1,M,33,240,0.479166667
319,D39,212439,MT,17:39,68,0,5,24,0,7,LW,D,,Sep-4-2023,2023,9,4,0.185185185,0.291666667,0.143,0.196,0.17,0.21,Conspecific Control,MTTC,2,92,7,11,0.169811321,18,106,T,T,0,0,3,39,159,1,88,1,M,12,80,0.185185185
320,D40,212440,MT,17:42,292,0,73,126,0,63,LW,D,,Sep-4-2023,2023,9,4,0.528985507,0.5,0.121,0.179,0.16,0.2,Conspecific Null,MTT0,2,418,7,13,0.100502513,20,199,T,T,1,0,3,40,160,1,179,1,M,136,282,0.528985507
321,A01,312101,SH,08:32,248,0,24,84,0,45,LW,D,,Sep-16-2023,2023,9,16,0.421052632,0.535714286,0.15,0.14,0.15,0.14,Conspecific Null,SHH0,3,332,17,15,0.240601504,32,133,H,H,1,0,0,1,1,1,101,2,S,69,263,0.421052632
322,A02,312102,SH,08:34,192,0,49,105,0,49,LW,D,,Sep-16-2023,2023,9,16,0.563218391,0.466666667,0.15,0.16,0.15,0.16,Conspecific Control,SHHC,3,297,12,20,0.23880597,32,134,H,H,0,0,0,2,2,1,102,2,S,98,199,0.563218391
323,A03,312103,SH,08:36,248,0,37,147,0,70,LW,D,,Sep-16-2023,2023,9,16,0.381443299,0.476190476,0.12,0.16,0.12,0.16,Allospecific Control,SHTC,3,395,17,18,0.233333333,35,150,H,T,0,1,0,3,3,1,115,2,S,107,288,0.381443299
324,A04,312104,SH,08:38,52,0,9,44,0,20,LW,D,,Sep-16-2023,2023,9,16,0.409090909,0.454545455,0.12,0.17,0.12,0.17,Allospecific Null,SHT0,3,96,7,27,0.180851064,34,188,H,T,1,1,0,4,4,1,154,2,S,29,67,0.409090909
325,A05,312105,SH,08:40,38,0,20,39,0,15,LW,D,,Sep-16-2023,2023,9,16,0.526315789,0.384615385,0.13,0.18,0.13,0.18,Allospecific Null,SHT0,3,77,17,39,0.138613861,56,404,H,T,1,1,0,5,5,1,348,2,S,35,42,0.526315789
326,A06,312106,SH,08:42,56,0,20,53,0,27,LW,D,,Sep-16-2023,2023,9,16,0.416666667,0.509433962,0.13,0.17,0.13,0.17,Allospecific Control,SHTC,3,109,12,22,0.207317073,34,164,H,T,0,1,0,6,6,1,130,2,S,47,62,0.416666667
327,A07,312107,SH,08:44,63,0,20,62,0,18,LW,D,,Sep-16-2023,2023,9,16,0.571428571,0.290322581,0.13,0.17,0.13,0.17,Conspecific Control,SHHC,3,125,10,20,0.108695652,30,276,H,H,0,0,0,7,7,1,246,2,S,38,87,0.571428571
328,A08,312108,SH,08:46,50,0,12,43,0,17,LW,D,,Sep-16-2023,2023,9,16,0.307692308,0.395348837,0.13,0.19,0.13,0.19,Conspecific Null,SHH0,3,93,14,33,0.176029963,47,267,H,H,1,0,0,8,8,1,220,2,S,29,64,0.307692308
329,A09,312109,SH,08:48,182,0,30,65,0,30,LW,D,,Sep-16-2023,2023,9,16,0.422535211,0.461538462,0.13,0.14,0.13,0.14,Allospecific Control,SHTC,3,247,17,15,0.175824176,32,182,H,T,0,1,0,9,9,1,150,2,S,60,187,0.422535211
330,A10,312110,SH,08:50,42,0,4,14,0,6,LW,D,,Sep-16-2023,2023,9,16,0.285714286,0.428571429,0.17,0.16,0.17,0.16,Conspecific Null,SHH0,3,56,21,40,1,50,50,H,H,1,0,0,10,10,1,11,2,S,10,46,0.285714286
331,A11,312111,SH,08:52,47,0,50,140,0,53,LW,D,,Sep-16-2023,2023,9,16,0.520833333,0.378571429,0.13,0.14,0.13,0.14,Conspecific Control,SHHC,3,187,26,26,0.293785311,52,177,H,H,0,0,0,11,11,1,125,2,S,103,84,0.520833333
332,A12,312112,SH,08:54,148,0,37,91,0,47,LW,D,,Sep-16-2023,2023,9,16,0.578125,0.516483516,0.12,0.14,0.12,0.14,Conspecific Null,SHH0,3,239,26,31,0.256756757,57,222,H,H,1,0,0,12,12,1,165,2,S,84,155,0.578125
333,A13,312113,SH,08:56,52,0,19,34,0,10,LW,D,,Sep-16-2023,2023,9,16,0.612903226,0.294117647,0.11,0.18,0.11,0.18,Conspecific Null,SHH0,3,86,5,33,0.204301075,38,186,H,H,1,0,0,13,13,1,148,2,S,29,57,0.612903226
334,A14,312114,SH,08:58,583,0,43,103,0,43,LW,D,,Sep-16-2023,2023,9,16,0.558441558,0.417475728,0.12,0.15,0.12,0.15,Allospecific Control,SHTC,3,686,30,27,0.293814433,57,194,H,T,0,1,0,14,14,1,137,2,S,86,600,0.558441558
335,A15,312115,SH,09:00,56,0,35,138,0,86,LW,D,,Sep-16-2023,2023,9,16,0.460526316,0.623188406,0.12,0.18,0.12,0.18,Allospecific Null,SHT0,3,194,14,25,0.230769231,39,169,H,T,1,1,0,15,15,1,130,2,S,121,73,0.460526316
336,A16,312116,SH,09:02,54,0,31,113,0,58,LW,D,,Sep-16-2023,2023,9,16,0.46969697,0.513274336,0.13,0.15,0.13,0.15,Allospecific Control,SHTC,3,167,34,16,0.301204819,50,166,H,T,0,1,0,16,16,1,116,2,S,89,78,0.46969697
337,A17,312117,SH,09:04,139,0,40,121,0,61,LW,D,,Sep-16-2023,2023,9,16,0.526315789,0.504132231,0.12,0.17,0.12,0.17,Conspecific Control,SHHC,3,260,21,20,0.262820513,41,156,H,H,0,0,0,17,17,1,115,2,S,101,159,0.526315789
338,A18,312118,SH,09:06,202,0,52,131,0,44,LW,D,,Sep-16-2023,2023,9,16,0.634146341,0.335877863,0.11,0.17,0.11,0.17,Conspecific Control,SHHC,3,333,14,16,0.153846154,30,195,H,H,0,0,0,18,18,1,165,2,S,96,237,0.634146341
339,A19,312119,SH,09:08,97,0,48,96,0,24,LW,D,,Sep-16-2023,2023,9,16,0.510638298,0.25,0.15,0.13,0.15,0.13,Allospecific Null,SHT0,3,193,23,12,0.168269231,35,208,H,T,1,1,0,19,19,1,173,2,S,72,121,0.510638298
340,A20,312120,SH,09:10,162,0,20,57,0,27,LW,D,,Sep-16-2023,2023,9,16,0.476190476,0.473684211,0.12,0.15,0.12,0.15,Allospecific Control,SHTC,3,219,16,12,0.189189189,28,148,H,T,0,1,0,20,20,1,120,2,S,47,172,0.476190476
341,A21,312121,SH,09:12,190,0,38,98,0,55,LW,D,,Sep-16-2023,2023,9,16,0.431818182,0.56122449,0.12,0.15,0.12,0.15,Conspecific Control,SHHC,3,288,17,21,0.208791209,38,182,H,H,0,0,0,21,21,1,144,2,S,93,195,0.431818182
342,A22,312122,SH,09:14,160,0,34,113,0,79,LW,D,,Sep-16-2023,2023,9,16,0.435897436,0.699115044,0.13,0.17,0.13,0.17,Conspecific Null,SHH0,3,273,30,11,0.179824561,41,228,H,H,1,0,0,22,22,1,187,2,S,113,160,0.435897436
343,A23,312123,SH,09:16,340,0,21,63,0,50,LW,D,,Sep-16-2023,2023,9,16,0.396226415,0.793650794,0.12,0.17,0.12,0.17,Conspecific Null,SHH0,3,403,37,21,0.389261745,58,149,H,H,1,0,0,23,23,1,91,2,S,71,332,0.396226415
344,A24,312124,SH,09:18,541,0,36,70,0,37,LW,D,,Sep-16-2023,2023,9,16,0.654545455,0.528571429,0.11,0.15,0.11,0.15,Allospecific Null,SHT0,3,611,21,6,0.203007519,27,133,H,T,1,1,0,24,24,1,106,2,S,73,538,0.654545455
345,A25,312125,SH,09:20,11,0,21,62,0,23,LW,D,,Sep-16-2023,2023,9,16,0.4375,0.370967742,0.12,0.19,0.12,0.19,Allospecific Control,SHTC,3,73,17,31,0.296296296,48,162,H,T,0,1,0,25,25,1,114,2,S,44,29,0.4375
346,A26,312126,SH,09:22,242,0,62,155,0,98,LW,D,,Sep-16-2023,2023,9,16,0.704545455,0.632258065,0.13,0.16,0.13,0.16,Conspecific Control,SHHC,3,397,12,24,0.236842105,36,152,H,H,0,0,0,26,26,1,116,2,S,160,237,0.704545455
347,A27,312127,SH,09:24,232,0,69,247,0,113,LW,D,,Sep-16-2023,2023,9,16,0.456953642,0.457489879,0.13,0.17,0.13,0.17,Allospecific Null,SHT0,3,479,12,35,0.231527094,47,203,H,T,1,1,0,27,27,1,156,2,S,182,297,0.456953642
348,A28,312128,SH,09:26,262,0,24,139,0,69,LW,D,,Sep-16-2023,2023,9,16,0.25,0.496402878,0.14,0.16,0.14,0.16,Conspecific Control,SHHC,3,401,10,32,0.215384615,42,195,H,H,0,0,0,28,28,1,153,2,S,93,308,0.25
349,A29,312129,SH,09:28,49,0,19,82,0,27,LW,D,,Sep-16-2023,2023,9,16,0.231707317,0.329268293,0.14,0.17,0.14,0.17,Conspecific Null,SHH0,3,131,8,11,0.110465116,19,172,H,H,1,0,0,29,29,1,153,2,S,46,85,0.231707317
350,A30,312130,SH,09:30,63,0,9,30,0,12,LW,D,,Sep-16-2023,2023,9,16,0.409090909,0.4,0.15,0.22,0.15,0.22,Conspecific Null,SHH0,3,93,25,40,0.255905512,65,254,H,H,1,0,0,30,30,1,189,2,S,21,72,0.409090909
351,A31,312131,SH,09:32,138,0,23,96,0,56,LW,D,,Sep-16-2023,2023,9,16,0.370967742,0.583333333,0.13,0.15,0.13,0.15,Allospecific Null,SHT0,3,234,19,27,0.247311828,46,186,H,T,1,1,0,31,31,1,140,2,S,79,155,0.370967742
352,A32,312132,SH,09:34,261,0,24,81,0,38,LW,D,,Sep-16-2023,2023,9,16,0.406779661,0.469135802,0.14,0.16,0.14,0.16,Allospecific Null,SHT0,3,342,21,30,0.309090909,51,165,H,T,1,1,0,32,32,1,114,2,S,62,280,0.406779661
353,A33,312133,SH,09:36,6,0,1,3,0,2,LW,D,,Sep-16-2023,2023,9,16,0.25,0.666666667,0.15,0.16,0.15,0.16,Conspecific Control,SHHC,3,9,32,40,0.631578947,72,114,H,H,0,0,0,33,33,1,42,2,S,3,6,0.25
354,A34,312134,SH,09:38,275,0,38,76,0,41,LW,D,,Sep-16-2023,2023,9,16,0.481012658,0.539473684,0.13,0.16,0.13,0.16,Conspecific Control,SHHC,3,351,16,18,0.195402299,34,174,H,H,0,0,0,34,34,1,140,2,S,79,272,0.481012658
355,A35,312135,SH,09:40,33,0,2,12,0,6,LW,D,,Sep-16-2023,2023,9,16,0.25,0.5,0.13,0.15,0.13,0.15,Allospecific Control,SHTC,3,45,17,30,0.746031746,47,63,H,T,0,1,0,35,35,1,16,2,S,8,37,0.25
356,A36,312136,SH,09:42,652,0,54,153,0,102,LW,D,,Sep-16-2023,2023,9,16,0.41221374,0.666666667,0.14,0.16,0.14,0.16,Allospecific Null,SHT0,3,805,21,34,0.245535714,55,224,H,T,1,1,0,36,36,1,169,2,S,156,649,0.41221374
357,A37,312137,SH,09:44,104,0,25,86,0,50,LW,D,,Sep-16-2023,2023,9,16,0.431034483,0.581395349,0.15,0.14,0.15,0.14,Allospecific Control,SHTC,3,190,21,25,0.234693878,46,196,H,T,0,1,0,37,37,1,150,2,S,75,115,0.431034483
358,A38,312138,SH,09:46,112,0,12,50,0,24,LW,D,,Sep-16-2023,2023,9,16,0.292682927,0.48,0.15,0.15,0.15,0.15,Allospecific Control,SHTC,3,162,14,8,0.123595506,22,178,H,T,0,1,0,38,38,1,156,2,S,36,126,0.292682927
359,A39,312139,SH,09:48,35,0,6,36,0,14,LW,D,,Sep-16-2023,2023,9,16,0.333333333,0.388888889,0.15,0.17,0.15,0.17,Allospecific Null,SHT0,3,71,26,31,0.337278107,57,169,H,T,1,1,0,39,39,1,112,2,S,20,51,0.333333333
360,A40,312140,SH,09:50,117,0,13,38,0,24,LW,D,,Sep-16-2023,2023,9,16,0.351351351,0.631578947,0.15,0.14,0.15,0.14,Conspecific Null,SHH0,3,155,32,33,0.5078125,65,128,H,H,1,0,0,40,40,1,63,2,S,37,118,0.351351351
361,B01,312201,ST,09:52,45,0,20,63,0,37,LW,D,,Sep-16-2023,2023,9,16,0.555555556,0.587301587,0.15,0.16,0.15,0.16,Conspecific Null,STT0,3,108,6,2,0.03030303,8,264,T,T,1,0,1,1,41,1,256,2,S,57,51,0.555555556
362,B02,312202,ST,09:54,83,0,14,49,0,17,LW,D,,Sep-16-2023,2023,9,16,0.608695652,0.346938776,2,0.2,2,0.2,Allospecific Control,STHC,3,132,12,10,0.1,22,220,T,H,0,1,1,2,42,1,198,2,S,31,101,0.608695652
363,B03,312203,ST,09:56,236,0,26,109,0,58,LW,D,,Sep-16-2023,2023,9,16,0.412698413,0.532110092,4,0.15,4,0.15,Allospecific Control,STHC,3,345,16,7,0.090196078,23,255,T,H,0,1,1,3,43,1,232,2,S,84,261,0.412698413
364,B04,312204,ST,09:58,56,0,5,17,0,10,LW,D,,Sep-16-2023,2023,9,16,0.294117647,0.588235294,0.15,0.15,0.15,0.15,Allospecific Control,STHC,3,73,9,15,0.088560886,24,271,T,H,0,1,1,4,44,1,247,2,S,15,58,0.294117647
365,B05,312205,ST,10:00,68,0,28,127,0,38,LW,D,,Sep-16-2023,2023,9,16,0.417910448,0.299212598,5,0.14,5,0.14,Allospecific Control,STHC,3,195,4,19,0.141975309,23,162,T,H,0,1,1,5,45,1,139,2,S,66,129,0.417910448
366,B06,312206,ST,10:02,149,0,49,103,0,42,LW,D,,Sep-16-2023,2023,9,16,0.753846154,0.40776699,0.12,0.2,0.12,0.2,Allospecific Control,STHC,3,252,7,14,0.087866109,21,239,T,H,0,1,1,6,46,1,218,2,S,91,161,0.753846154
367,B07,312207,ST,10:04,132,0,22,63,0,34,LW,D,,Sep-16-2023,2023,9,16,0.35483871,0.53968254,0.15,0.15,0.15,0.15,Conspecific Control,STTC,3,195,8,13,0.081395349,21,258,T,T,0,0,1,7,47,1,237,2,S,56,139,0.35483871
368,B08,312208,ST,10:06,57,0,12,52,0,11,LW,D,,Sep-16-2023,2023,9,16,0.666666667,0.211538462,0.12,0.24,0.12,0.24,Conspecific Control,STTC,3,109,16,18,0.187845304,34,181,T,T,0,0,1,8,48,1,147,2,S,23,86,0.666666667
369,B09,312209,ST,10:08,49,0,12,35,0,12,LW,D,,Sep-16-2023,2023,9,16,0.48,0.342857143,0.12,0.19,0.12,0.19,Conspecific Null,STT0,3,84,11,8,0.067375887,19,282,T,T,1,0,1,9,49,1,263,2,S,24,60,0.48
370,B10,312210,ST,10:10,177,0,26,74,0,44,LW,D,,Sep-16-2023,2023,9,16,0.481481481,0.594594595,0.16,0.18,0.16,0.18,Conspecific Control,STTC,3,251,12,8,0.096618357,20,207,T,T,0,0,1,10,50,1,187,2,S,70,181,0.481481481
371,B11,312211,ST,10:12,56,0,21,91,0,35,LW,D,,Sep-16-2023,2023,9,16,0.344262295,0.384615385,0.14,0.19,0.14,0.19,Allospecific Control,STHC,3,147,6,10,0.060836502,16,263,T,H,0,1,1,11,51,1,247,2,S,56,91,0.344262295
372,B12,312212,ST,10:14,58,0,15,90,0,31,LW,D,,Sep-16-2023,2023,9,16,0.326086957,0.344444444,0.16,0.15,0.16,0.15,Allospecific Null,STH0,3,148,16,10,0.096296296,26,270,T,H,1,1,1,12,52,1,244,2,S,46,102,0.326086957
373,B13,312213,ST,10:16,7,0,1,23,0,15,LW,D,,Sep-16-2023,2023,9,16,0.25,0.652173913,0.14,0.17,0.14,0.17,Conspecific Null,STT0,3,30,11,7,0.057324841,18,314,T,T,1,0,1,13,53,1,296,2,S,16,14,0.25
374,B14,312214,ST,10:18,76,0,12,53,0,13,LW,D,,Sep-16-2023,2023,9,16,0.387096774,0.245283019,0.12,0.21,0.12,0.21,Conspecific Null,STT0,3,129,9,11,0.071684588,20,279,T,T,1,0,1,14,54,1,259,2,S,25,104,0.387096774
375,B15,312215,ST,10:20,91,0,7,32,0,15,LW,D,,Sep-16-2023,2023,9,16,0.333333333,0.46875,0.13,0.19,0.13,0.19,Allospecific Control,STHC,3,123,16,23,0.159183673,39,245,T,H,0,1,1,15,55,1,206,2,S,22,101,0.333333333
376,B16,312216,ST,10:22,124,0,11,51,0,23,LW,D,,Sep-16-2023,2023,9,16,0.44,0.450980392,0.17,0.15,0.17,0.15,Conspecific Null,STT0,3,175,11,22,0.114583333,33,288,T,T,1,0,1,16,56,1,255,2,S,34,141,0.44
377,B17,312217,ST,10:24,245,0,7,95,0,55,LW,D,,Sep-16-2023,2023,9,16,0.112903226,0.578947368,0.14,0.18,0.14,0.18,Conspecific Control,STTC,3,340,11,22,0.139830508,33,236,T,T,0,0,1,17,57,1,203,2,S,62,278,0.112903226
378,B18,312218,ST,10:26,145,0,18,101,0,47,LW,D,,Sep-16-2023,2023,9,16,0.310344828,0.465346535,0.13,0.15,0.13,0.15,Conspecific Null,STT0,3,246,11,22,0.127906977,33,258,T,T,1,0,1,18,58,1,225,2,S,65,181,0.310344828
379,B19,312219,ST,10:28,60,0,9,38,0,13,LW,D,,Sep-16-2023,2023,9,16,0.428571429,0.342105263,0.11,0.22,0.11,0.22,Conspecific Control,STTC,3,98,7,15,0.102325581,22,215,T,T,0,0,1,19,59,1,193,2,S,22,76,0.428571429
380,B20,312220,ST,10:30,9,0,4,44,0,15,LW,D,,Sep-16-2023,2023,9,16,0.25,0.340909091,0.15,0.21,0.15,0.21,Allospecific Null,STH0,3,53,12,9,0.088607595,21,237,T,H,1,1,1,20,60,1,216,2,S,19,34,0.25
381,B21,312221,ST,10:32,51,0,11,80,0,16,LW,D,,Sep-16-2023,2023,9,16,0.25,0.2,0.14,0.2,0.14,0.2,Conspecific Control,STTC,3,131,8,12,0.136986301,20,146,T,T,0,0,1,21,61,1,126,2,S,27,104,0.25
382,B22,312222,ST,10:34,78,0,11,77,0,45,LW,D,,Sep-16-2023,2023,9,16,0.189655172,0.584415584,0.14,0.19,0.14,0.19,Conspecific Control,STTC,3,155,7,9,0.0625,16,256,T,T,0,0,1,22,62,1,240,2,S,56,99,0.189655172
383,B23,312223,ST,10:36,50,0,16,65,0,13,LW,D,,Sep-16-2023,2023,9,16,0.280701754,0.2,0.13,0.2,0.13,0.2,Allospecific Null,STH0,3,115,4,9,0.050583658,13,257,T,H,1,1,1,23,63,1,244,2,S,29,86,0.280701754
384,B24,312224,ST,10:38,113,0,9,61,0,14,LW,D,,Sep-16-2023,2023,9,16,0.391304348,0.229508197,0.11,0.17,0.11,0.17,Allospecific Null,STH0,3,174,15,15,0.227272727,30,132,T,H,1,1,1,24,64,1,102,2,S,23,151,0.391304348
385,B25,312225,ST,10:40,100,0,25,127,0,47,LW,D,,Sep-16-2023,2023,9,16,0.3125,0.37007874,0.11,0.2,0.11,0.2,Allospecific Null,STH0,3,227,12,11,0.08778626,23,262,T,H,1,1,1,25,65,1,239,2,S,72,155,0.3125
386,B26,312226,ST,10:42,16,0,2,10,0,6,LW,D,,Sep-16-2023,2023,9,16,0.25,0.6,0.13,0.19,0.13,0.19,Conspecific Null,STT0,3,26,11,8,0.076305221,19,249,T,T,1,0,1,26,66,1,230,2,S,8,18,0.25
387,B27,312227,ST,10:44,32,0,3,34,0,13,LW,D,,Sep-16-2023,2023,9,16,0.107142857,0.382352941,0.15,0.21,0.15,0.21,Allospecific Control,STHC,3,66,16,14,0.126582278,30,237,T,H,0,1,1,27,67,1,207,2,S,16,50,0.107142857
388,B28,312228,ST,10:46,130,0,2,53,0,28,LW,D,,Sep-16-2023,2023,9,16,0.057142857,0.528301887,0.13,0.18,0.13,0.18,Allospecific Null,STH0,3,183,13,16,0.140776699,29,206,T,H,1,1,1,28,68,1,177,2,S,30,153,0.057142857
389,B29,312229,ST,10:48,0,0,NA,0,0,0,LW,D,,Sep-16-2023,2023,9,16,0,0,0,0,0,0,Allospecific Null,STH0,3,0,0,0,#DIV/0!,0,0,T,H,1,1,1,29,69,1,0,2,S,#VALUE!,#VALUE!,NA
390,B30,312230,ST,10:50,11,0,3,27,0,15,LW,D,,Sep-16-2023,2023,9,16,0.333333333,0.555555556,0.16,0.2,0.16,0.2,Conspecific Null,STT0,3,38,11,10,0.079545455,21,264,T,T,1,0,1,30,70,1,243,2,S,18,20,0.333333333
391,B31,312231,ST,10:52,3,0,1,18,0,7,LW,D,,Sep-16-2023,2023,9,16,0.333333333,0.388888889,0.14,0.17,0.14,0.17,Conspecific Null,STT0,3,21,8,9,0.082524272,17,206,T,T,1,0,1,31,71,1,189,2,S,8,13,0.333333333
392,B32,312232,ST,10:54,21,0,2,10,0,4,LW,D,,Sep-16-2023,2023,9,16,0.142857143,0.4,0.11,0.18,0.11,0.18,Allospecific Null,STH0,3,31,13,5,0.077922078,18,231,T,H,1,1,1,32,72,1,213,2,S,6,25,0.142857143
393,B33,312233,ST,10:56,15,0,0,12,0,4,LW,D,,Sep-16-2023,2023,9,16,0,0.333333333,0.15,0.2,0.15,0.2,Conspecific Control,STTC,3,27,21,10,0.131355932,31,236,T,T,0,0,1,33,73,1,205,2,S,4,23,0
394,B34,312234,ST,10:58,22,0,9,63,0,22,LW,D,,Sep-16-2023,2023,9,16,0.310344828,0.349206349,0.12,0.21,0.12,0.21,Allospecific Control,STHC,3,85,10,13,0.122340426,23,188,T,H,0,1,1,34,74,1,165,2,S,31,54,0.310344828
395,B35,312235,ST,11:00,212,0,10,62,0,28,LW,D,,Sep-16-2023,2023,9,16,0.23255814,0.451612903,0.12,0.15,0.12,0.15,Allospecific Control,STHC,3,274,13,24,0.207865169,37,178,T,H,0,1,1,35,75,1,141,2,S,38,236,0.23255814
396,B36,312236,ST,11:02,73,0,10,63,0,25,LW,D,,Sep-16-2023,2023,9,16,0.277777778,0.396825397,0.13,0.21,0.13,0.21,Conspecific Control,STTC,3,136,6,16,0.077464789,22,284,T,T,0,0,1,36,76,1,262,2,S,35,101,0.277777778
397,B37,312237,ST,11:04,223,0,29,107,0,39,LW,D,,Sep-16-2023,2023,9,16,0.426470588,0.364485981,0.14,0.14,0.14,0.14,Conspecific Null,STT0,3,330,19,10,0.109848485,29,264,T,T,1,0,1,37,77,1,235,2,S,68,262,0.426470588
398,B38,312238,ST,11:06,128,0,16,106,0,40,LW,D,,Sep-16-2023,2023,9,16,0.4,0.377358491,0.17,0.17,0.17,0.17,Conspecific Control,STTC,3,234,11,3,0.049122807,14,285,T,T,0,0,1,38,78,1,271,2,S,56,178,0.4
399,B39,312239,ST,11:08,72,0,15,66,0,28,LW,D,,Sep-16-2023,2023,9,16,0.441176471,0.424242424,0.17,0.22,0.17,0.22,Allospecific Null,STH0,3,138,14,12,0.119266055,26,218,T,H,1,1,1,39,79,1,192,2,S,43,95,0.441176471
400,B40,312240,ST,11:10,64,0,13,31,0,13,LW,D,,Sep-16-2023,2023,9,16,0.433333333,0.419354839,0.13,0.18,0.13,0.18,Allospecific Null,STH0,3,95,16,10,0.076923077,26,338,T,H,1,1,1,40,80,1,312,2,S,26,69,0.433333333
401,C01,312301,MH,11:12,142,0,10,53,0,8,LW,D,,Sep-16-2023,2023,9,16,0.3125,0.150943396,0.12,0.18,0.12,0.2,Allospecific Null,MHT0,3,195,18,14,0.157635468,32,203,H,T,1,1,2,1,81,1,171,2,M,18,177,0.3125
402,C02,312302,MH,11:14,329,0,14,97,0,48,LW,D,,Sep-16-2023,2023,9,16,0.16091954,0.494845361,0.13,0.19,0.13,0.19,Allospecific Control,MHTC,3,426,19,16,0.125,35,280,H,T,0,1,2,2,82,1,245,2,M,62,364,0.16091954
403,C03,312303,MH,11:16,167,0,23,60,0,18,LW,D,,Sep-16-2023,2023,9,16,0.2875,0.3,0.13,0.16,0.13,0.22,Conspecific Control,MHHC,3,227,10,17,0.209302326,27,129,H,H,0,0,2,3,83,1,102,2,M,41,186,0.2875
404,C04,312304,MH,11:18,207,0,17,51,0,17,LW,D,,Sep-16-2023,2023,9,16,0.246376812,0.333333333,0.1,0.18,0.1,0.21,Allospecific Null,MHT0,3,258,5,17,0.144736842,22,152,H,T,1,1,2,4,84,1,130,2,M,34,224,0.246376812
405,C05,312305,MH,11:20,25,0,5,12,0,5,LW,D,,Sep-16-2023,2023,9,16,0.333333333,0.416666667,0.13,0.19,0.13,0.17,Conspecific Control,MHHC,3,37,5,11,0.098765432,16,162,H,H,0,0,2,5,85,1,146,2,M,10,27,0.333333333
406,C06,312306,MH,11:22,131,0,19,58,0,20,LW,D,,Sep-16-2023,2023,9,16,0.413043478,0.344827586,0.13,0.18,0.13,0.23,Allospecific Null,MHT0,3,189,8,12,0.114285714,20,175,H,T,1,1,2,6,86,1,155,2,M,39,150,0.413043478
407,C07,312307,MH,11:24,228,0,2,35,0,18,LW,D,,Sep-16-2023,2023,9,16,0.039215686,0.514285714,0.11,0.16,0.11,0.22,Allospecific Control,MHTC,3,263,11,3,0.056,14,250,H,T,0,1,2,7,87,1,236,2,M,20,243,0.039215686
408,C08,312308,MH,11:26,74,0,11,16,0,5,LW,D,,Sep-16-2023,2023,9,16,0.407407407,0.3125,0.13,0.17,0.13,0.2,Conspecific Null,MHH0,3,90,10,25,0.148305085,35,236,H,H,1,0,2,8,88,1,201,2,M,16,74,0.407407407
409,C09,312309,MH,11:28,97,0,17,80,0,36,LW,D,,Sep-16-2023,2023,9,16,0.298245614,0.45,0.14,0.18,0.14,0.18,Conspecific Control,MHHC,3,177,11,3,0.050541516,14,277,H,H,0,0,2,9,89,1,263,2,M,53,124,0.298245614
410,C10,312310,MH,11:30,168,0,15,67,0,25,LW,D,,Sep-16-2023,2023,9,16,0.227272727,0.373134328,0.14,0.19,0.14,0.17,Allospecific Control,MHTC,3,235,8,5,0.052419355,13,248,H,T,0,1,2,10,90,1,235,2,M,40,195,0.227272727
411,C11,312311,MH,11:32,274,0,15,68,0,24,LW,D,,Sep-16-2023,2023,9,16,0.194805195,0.352941176,0.14,0.19,0.14,0.19,Allospecific Null,MHT0,3,342,13,16,0.132420091,29,219,H,T,1,1,2,11,91,1,190,2,M,39,303,0.194805195
412,C12,312312,MH,11:34,212,0,13,62,0,26,LW,D,,Sep-16-2023,2023,9,16,0.224137931,0.419354839,0.11,0.21,0.11,0.24,Conspecific Null,MHH0,3,274,8,17,0.097276265,25,257,H,H,1,0,2,12,92,1,232,2,M,39,235,0.224137931
413,C13,312313,MH,11:36,35,0,2,7,0,3,LW,D,,Sep-16-2023,2023,9,16,0.153846154,0.428571429,0.1,0.23,0.1,0.25,Conspecific Control,MHHC,3,42,18,4,0.095238095,22,231,H,H,0,0,2,13,93,1,209,2,M,5,37,0.153846154
414,C14,312314,MH,12:36,131,0,12,33,0,15,LW,D,,Sep-16-2023,2023,9,16,0.226415094,0.454545455,0.13,0.2,0.13,0.18,Conspecific Control,MHHC,3,164,10,7,0.098265896,17,173,H,H,0,0,2,14,94,1,156,2,M,27,137,0.226415094
415,C15,312315,MH,13:36,158,0,12,58,0,33,LW,D,,Sep-16-2023,2023,9,16,0.255319149,0.568965517,0.14,0.16,0.14,0.23,Conspecific Null,MHH0,3,216,11,14,0.112612613,25,222,H,H,1,0,2,15,95,1,197,2,M,45,171,0.255319149
416,C16,312316,MH,14:36,213,0,15,40,0,20,LW,D,,Sep-16-2023,2023,9,16,0.294117647,0.5,0.13,0.21,0.13,0.19,Conspecific Null,MHH0,3,253,11,11,0.125714286,22,175,H,H,1,0,2,16,96,1,153,2,M,35,218,0.294117647
417,C17,312317,MH,15:36,67,0,21,58,0,18,LW,D,,Sep-16-2023,2023,9,16,0.269230769,0.310344828,0.17,0.19,0.17,0.23,Allospecific Null,MHT0,3,125,11,11,0.085271318,22,258,H,T,1,1,2,17,97,1,236,2,M,39,86,0.269230769
418,C18,312318,MH,16:36,27,0,11,43,0,16,LW,D,,Sep-16-2023,2023,9,16,0.268292683,0.372093023,0.13,0.23,0.13,0.23,Conspecific Null,MHH0,3,70,14,24,0.175115207,38,217,H,H,1,0,2,18,98,1,179,2,M,27,43,0.268292683
419,C19,312319,MH,17:36,38,0,3,11,0,3,LW,D,,Sep-16-2023,2023,9,16,0.25,0.272727273,0.12,0.2,0.12,0.23,Allospecific Null,MHT0,3,49,11,9,0.078431373,20,255,H,T,1,1,2,19,99,1,235,2,M,6,43,0.25
420,C20,312320,MH,18:36,75,0,8,42,0,14,LW,D,,Sep-16-2023,2023,9,16,0.275862069,0.333333333,0.17,0.2,0.17,0.25,Conspecific Null,MHH0,3,117,13,9,0.061797753,22,356,H,H,1,0,2,20,100,1,334,2,M,22,95,0.275862069
421,C21,312321,MH,19:36,29,0,10,42,0,7,LW,D,,Sep-16-2023,2023,9,16,0.212765957,0.166666667,0.16,0.19,0.16,0.23,Conspecific Null,MHH0,3,71,5,15,0.060422961,20,331,H,H,1,0,2,21,101,1,311,2,M,17,54,0.212765957
422,C22,312322,MH,20:36,40,0,10,33,0,23,LW,D,,Sep-16-2023,2023,9,16,0.303030303,0.696969697,0.16,0.24,0.16,0.17,Conspecific Control,MHHC,3,73,13,10,0.093117409,23,247,H,H,0,0,2,22,102,1,224,2,M,33,40,0.303030303
423,C23,312323,MH,21:36,295,0,15,65,0,44,LW,D,,Sep-16-2023,2023,9,16,0.180722892,0.676923077,0.14,0.17,0.14,0.2,Allospecific Null,MHT0,3,360,16,12,0.097902098,28,286,H,T,1,1,2,23,103,1,258,2,M,59,301,0.180722892
424,C24,312324,MH,22:36,201,0,21,76,0,43,LW,D,,Sep-16-2023,2023,9,16,0.230769231,0.565789474,0.13,0.18,0.13,0.23,Allospecific Null,MHT0,3,277,16,15,0.108391608,31,286,H,T,1,1,2,24,104,1,255,2,M,64,213,0.230769231
425,C25,312325,MH,23:36,74,0,14,66,0,40,LW,D,,Sep-16-2023,2023,9,16,0.254545455,0.606060606,0.14,0.17,0.14,0.25,Conspecific Control,MHHC,3,140,13,10,0.106481481,23,216,H,H,0,0,2,25,105,1,193,2,M,54,86,0.254545455
426,C26,312326,MH,00:36,135,0,15,74,0,30,LW,D,,Sep-16-2023,2023,9,16,0.25,0.405405405,0.13,0.21,0.13,0.19,Conspecific Null,MHH0,3,209,6,7,0.064039409,13,203,H,H,1,0,2,26,106,1,190,2,M,45,164,0.25
427,C27,312327,MH,01:36,87,0,5,14,0,4,LW,D,,Sep-16-2023,2023,9,16,0.294117647,0.285714286,0.13,0.18,0.13,0.21,Allospecific Null,MHT0,3,101,10,10,0.089285714,20,224,H,T,1,1,2,27,107,1,204,2,M,9,92,0.294117647
428,C28,312328,MH,02:36,117,0,8,49,0,24,LW,D,,Sep-16-2023,2023,9,16,0.181818182,0.489795918,0.15,0.18,0.15,0.22,Allospecific Control,MHTC,3,166,13,8,0.084337349,21,249,H,T,0,1,2,28,108,1,228,2,M,32,134,0.181818182
429,C29,312329,MH,03:36,279,0,11,35,0,13,LW,D,,Sep-16-2023,2023,9,16,0.211538462,0.371428571,0.16,0.18,0.16,0.2,Conspecific Control,MHHC,3,314,8,14,0.085603113,22,257,H,H,0,0,2,29,109,1,235,2,M,24,290,0.211538462
430,C30,312330,MH,04:36,53,0,17,73,0,40,LW,D,,Sep-16-2023,2023,9,16,0.232876712,0.547945205,0.14,0.17,0.14,0.21,Allospecific Control,MHTC,3,126,6,12,0.096256684,18,187,H,T,0,1,2,30,110,1,169,2,M,57,69,0.232876712
431,C31,312331,MH,05:36,220,0,22,59,0,30,LW,D,,Sep-16-2023,2023,9,16,0.25,0.508474576,0.15,0.14,0.15,0.2,Conspecific Control,MHHC,3,279,5,12,0.08056872,17,211,H,H,0,0,2,31,111,1,194,2,M,52,227,0.25
432,C32,312332,MH,06:36,254,0,13,82,0,44,LW,D,,Sep-16-2023,2023,9,16,0.236363636,0.536585366,0.12,0.19,0.12,0.19,Conspecific Null,MHH0,3,336,16,17,0.173684211,33,190,H,H,1,0,2,32,112,1,157,2,M,57,279,0.236363636
433,C33,312333,MH,07:36,741,0,17,54,0,21,LW,D,,Sep-16-2023,2023,9,16,0.2,0.388888889,0.16,0.15,0.16,0.2,Allospecific Control,MHTC,3,795,11,18,0.140776699,29,206,H,T,0,1,2,33,113,1,177,2,M,38,757,0.2
434,C34,312334,MH,08:36,275,0,15,77,0,48,LW,D,,Sep-16-2023,2023,9,16,0.227272727,0.623376623,0.13,0.18,0.13,0.18,Allospecific Control,MHTC,3,352,13,10,0.1796875,23,128,H,T,0,1,2,34,114,1,105,2,M,63,289,0.227272727
435,C35,312335,MH,09:36,319,0,30,106,0,45,LW,D,,Sep-16-2023,2023,9,16,0.361445783,0.424528302,0.11,0.17,0.11,0.2,Allospecific Null,MHT0,3,425,18,7,0.128865979,25,194,H,T,1,1,2,35,115,1,169,2,M,75,350,0.361445783
436,C36,312336,MH,10:36,77,0,17,98,0,15,LW,D,,Sep-16-2023,2023,9,16,0.278688525,0.153061224,0.17,0.19,0.17,0.21,Allospecific Control,MHTC,3,175,11,20,0.122529644,31,253,H,T,0,1,2,36,116,1,222,2,M,32,143,0.278688525
437,C37,312337,MH,11:36,76,0,6,67,0,25,LW,D,,Sep-16-2023,2023,9,16,0.125,0.373134328,0.1,0.19,0.1,0.22,Conspecific Control,MHHC,3,143,11,9,0.08097166,20,247,H,H,0,0,2,37,117,1,227,2,M,31,112,0.125
438,C38,312338,MH,12:36,242,0,18,103,0,55,LW,D,,Sep-16-2023,2023,9,16,0.268656716,0.533980583,0.15,0.15,0.15,0.24,Conspecific Null,MHH0,3,345,8,10,0.075630252,18,238,H,H,1,0,2,38,118,1,220,2,M,73,272,0.268656716
439,C39,312339,MH,13:36,202,0,20,93,0,25,LW,D,,Sep-16-2023,2023,9,16,0.217391304,0.268817204,0.12,0.19,0.12,0.22,Allospecific Control,MHTC,3,295,11,25,0.175609756,36,205,H,T,0,1,2,39,119,1,169,2,M,45,250,0.217391304
440,C40,312340,MH,14:36,110,0,7,65,0,31,LW,D,,Sep-16-2023,2023,9,16,0.155555556,0.476923077,0.11,0.22,0.11,0.2,Allospecific Control,MHTC,3,175,11,5,0.117647059,16,136,H,T,0,1,2,40,120,1,120,2,M,38,137,0.155555556
441,D21,312401,MT,15:40,118,0,20,44,0,28,LW,D,,Sep-16-2023,2023,9,16,0.392156863,0.636363636,0.14,0.2,0.14,0.23,Conspecific Null,MTT0,3,162,8,18,0.165605096,26,157,T,T,1,0,3,21,141,1,131,2,M,48,114,0.392156863
442,D19,312401,MT,15:36,147,0,34,84,0,50,LW,D,,Sep-16-2023,2023,9,16,0.377777778,0.595238095,0.15,0.12,0.15,0.19,Conspecific Null,MTT0,3,231,19,8,0.369863014,27,73,T,T,1,0,3,19,139,1,46,2,M,84,147,0.377777778
443,D20,312401,MT,15:38,123,0,24,59,0,35,LW,D,,Sep-16-2023,2023,9,16,0.452830189,0.593220339,0.13,0.16,0.13,0.28,Conspecific Control,MTTC,3,182,13,15,0.07486631,28,374,T,T,0,0,3,20,140,1,346,2,M,59,123,0.452830189
444,D24,312401,MT,15:46,107,0,23,62,0,36,LW,D,,Sep-16-2023,2023,9,16,0.425925926,0.580645161,0.14,0.17,0.14,0.27,Allospecific Null,MTH0,3,169,10,24,0.126394052,34,269,T,H,1,1,3,24,144,1,235,2,M,59,110,0.425925926
445,D01,312401,MT,15:00,762,0,25,130,0,75,LW,D,,Sep-16-2023,2023,9,16,0.213675214,0.576923077,0.14,0.18,0.14,0.2,Conspecific Null,MTT0,3,892,12,13,0.08650519,25,289,T,T,1,0,3,1,121,1,264,2,M,100,792,0.213675214
446,D15,312401,MT,15:28,348,0,51,112,0,62,LW,D,,Sep-16-2023,2023,9,16,0.481132075,0.553571429,0.15,0.16,0.15,0.2,Conspecific Control,MTTC,3,460,5,12,0.071129707,17,239,T,T,0,0,3,15,135,1,222,2,M,113,347,0.481132075
447,D28,312401,MT,15:54,82,0,22,53,0,29,LW,D,,Sep-16-2023,2023,9,16,0.423076923,0.547169811,0.15,0.18,0.15,0.27,Allospecific Control,MTHC,3,135,19,29,0.236453202,48,203,T,H,0,1,3,28,148,1,155,2,M,51,84,0.423076923
448,D23,312401,MT,15:44,102,0,36,73,0,39,LW,D,,Sep-16-2023,2023,9,16,0.486486486,0.534246575,0.15,0.17,0.15,0.19,Conspecific Null,MTT0,3,175,14,11,0.125,25,200,T,T,1,0,3,23,143,1,175,2,M,75,100,0.486486486
449,D34,312401,MT,16:06,282,0,50,100,0,51,LW,D,,Sep-16-2023,2023,9,16,0.510204082,0.51,0.13,0.18,0.13,0.18,Conspecific Control,MTTC,3,382,32,39,0.336492891,71,211,T,T,0,0,3,34,154,1,140,2,M,101,281,0.510204082
450,D17,312401,MT,15:32,208,0,36,96,0,48,LW,D,,Sep-16-2023,2023,9,16,0.444444444,0.5,0.12,0.16,0.12,0.22,Allospecific Control,MTHC,3,304,30,34,0.301886792,64,212,T,H,0,1,3,17,137,1,148,2,M,84,220,0.444444444
451,D07,312401,MT,15:12,195,0,23,49,0,23,LW,D,,Sep-16-2023,2023,9,16,0.403508772,0.469387755,0.15,0.15,0.15,0.17,Conspecific Control,MTTC,3,244,10,27,0.128472222,37,288,T,T,0,0,3,7,127,1,251,2,M,46,198,0.403508772
452,D02,312401,MT,15:02,19,0,2,7,0,3,LW,D,,Sep-16-2023,2023,9,16,0.2,0.428571429,0.14,0.22,0.14,0.2,Conspecific Null,MTT0,3,26,14,21,0.162790698,35,215,T,T,1,0,3,2,122,1,180,2,M,5,21,0.2
453,D29,312401,MT,15:56,32,0,11,19,0,8,LW,D,,Sep-16-2023,2023,9,16,0.423076923,0.421052632,0.16,0.16,0.16,0.21,Allospecific Null,MTH0,3,51,7,31,0.180094787,38,211,T,H,1,1,3,29,149,1,173,2,M,19,32,0.423076923
454,D12,312401,MT,15:22,181,0,32,79,0,33,LW,D,,Sep-16-2023,2023,9,16,0.4,0.417721519,0.18,0.15,0.18,0.22,Conspecific Control,MTTC,3,260,12,25,0.180487805,37,205,T,T,0,0,3,12,132,1,168,2,M,65,195,0.4
455,D03,312401,MT,15:04,56,0,5,24,0,10,LW,D,,Sep-16-2023,2023,9,16,0.277777778,0.416666667,0.13,0.16,0.13,0.25,Allospecific Null,MTH0,3,80,14,26,0.180995475,40,221,T,H,1,1,3,3,123,1,181,2,M,15,65,0.277777778
456,D35,312401,MT,16:08,83,0,59,129,0,53,LW,D,,Sep-16-2023,2023,9,16,0.475806452,0.410852713,0.19,0.15,0.19,0.2,Allospecific Control,MTHC,3,212,16,34,0.16722408,50,299,T,H,0,1,3,35,155,1,249,2,M,112,100,0.475806452
457,D33,312401,MT,16:04,25,0,26,73,0,29,LW,D,,Sep-16-2023,2023,9,16,0.393939394,0.397260274,0.16,0.16,0.16,0.18,Allospecific Control,MTHC,3,98,19,15,0.171717172,34,198,T,H,0,1,3,33,153,1,164,2,M,55,43,0.393939394
458,D06,312401,MT,15:10,123,0,25,58,0,23,LW,D,,Sep-16-2023,2023,9,16,0.403225806,0.396551724,0.15,0.18,0.15,0.2,Allospecific Null,MTH0,3,181,17,26,0.176954733,43,243,T,H,1,1,3,6,126,1,200,2,M,48,133,0.403225806
459,D10,312401,MT,15:18,166,0,22,58,0,23,LW,D,,Sep-16-2023,2023,9,16,0.4,0.396551724,0.13,0.21,0.13,0.21,Allospecific Null,MTH0,3,224,12,22,0.154545455,34,220,T,H,1,1,3,10,130,1,186,2,M,45,179,0.4
460,D16,312401,MT,15:30,85,0,11,40,0,15,LW,D,,Sep-16-2023,2023,9,16,0.34375,0.375,0.18,0.18,0.18,0.23,Conspecific Control,MTTC,3,125,26,42,0.245487365,68,277,T,T,0,0,3,16,136,1,209,2,M,26,99,0.34375
461,D25,312401,MT,15:48,616,0,48,140,0,52,LW,D,,Sep-16-2023,2023,9,16,0.372093023,0.371428571,0.13,0.16,0.13,0.19,Conspecific Null,MTT0,3,756,17,25,0.146341463,42,287,T,T,1,0,3,25,145,1,245,2,M,100,656,0.372093023
462,D31,312401,MT,16:00,359,0,36,76,0,28,LW,D,,Sep-16-2023,2023,9,16,0.514285714,0.368421053,0.17,0.18,0.17,0.18,Allospecific Control,MTHC,3,435,8,22,0.116731518,30,257,T,H,0,1,3,31,151,1,227,2,M,64,371,0.514285714
463,D38,312401,MT,16:14,125,0,25,60,0,22,LW,D,,Sep-16-2023,2023,9,16,0.423728814,0.366666667,0.17,0.14,0.17,0.17,Allospecific Null,MTH0,3,185,10,9,0.076923077,19,247,T,H,1,1,3,38,158,1,228,2,M,47,138,0.423728814
464,D09,312401,MT,15:16,150,0,38,122,0,44,LW,D,,Sep-16-2023,2023,9,16,0.327586207,0.360655738,0.16,0.21,0.16,0.19,Conspecific Null,MTT0,3,272,7,17,0.093023256,24,258,T,T,1,0,3,9,129,1,234,2,M,82,190,0.327586207
465,D04,312401,MT,15:06,46,0,12,34,0,12,LW,D,,Sep-16-2023,2023,9,16,0.363636364,0.352941176,0.14,0.18,0.14,0.2,Conspecific Control,MTTC,3,80,7,14,0.07266436,21,289,T,T,0,0,3,4,124,1,268,2,M,24,56,0.363636364
466,D13,312401,MT,15:24,279,0,52,111,0,39,LW,D,,Sep-16-2023,2023,9,16,0.472727273,0.351351351,0.15,0.15,0.15,0.24,Conspecific Control,MTTC,3,390,19,12,0.125506073,31,247,T,T,0,0,3,13,133,1,216,2,M,91,299,0.472727273
467,D05,312401,MT,15:08,139,0,36,99,0,33,LW,D,,Sep-16-2023,2023,9,16,0.48,0.333333333,0.12,0.19,0.12,0.18,Allospecific Control,MTHC,3,238,17,24,0.154135338,41,266,T,H,0,1,3,5,125,1,225,2,M,69,169,0.48
468,D08,312401,MT,15:14,129,0,65,148,0,47,LW,D,,Sep-16-2023,2023,9,16,0.430463576,0.317567568,0.14,0.18,0.14,0.17,Allospecific Control,MTHC,3,277,25,25,0.231481481,50,216,T,H,0,1,3,8,128,1,166,2,M,112,165,0.430463576
469,D32,312401,MT,16:02,343,0,88,169,0,47,LW,D,,Sep-16-2023,2023,9,16,0.520710059,0.278106509,0.13,0.13,0.13,0.2,Conspecific Null,MTT0,3,512,16,16,0.139737991,32,229,T,T,1,0,3,32,152,1,197,2,M,135,377,0.520710059
470,D11,312401,MT,15:20,68,0,31,73,0,19,LW,D,,Sep-16-2023,2023,9,16,0.373493976,0.260273973,0.14,0.2,0.14,0.23,Allospecific Null,MTH0,3,141,10,33,0.233695652,43,184,T,H,1,1,3,11,131,1,141,2,M,50,91,0.373493976
471,D36,312401,MT,16:10,279,0,23,67,0,17,LW,D,,Sep-16-2023,2023,9,16,0.365079365,0.253731343,0.16,0.16,0.16,0.2,Allospecific Null,MTH0,3,346,14,17,0.102310231,31,303,T,H,1,1,3,36,156,1,272,2,M,40,306,0.365079365
472,D18,312401,MT,15:34,44,0,32,61,0,15,LW,D,,Sep-16-2023,2023,9,16,0.426666667,0.245901639,0.16,0.17,0.16,0.22,Conspecific Null,MTT0,3,105,10,27,0.221556886,37,167,T,T,1,0,3,18,138,1,130,2,M,47,58,0.426666667
473,D14,312401,MT,15:26,275,0,70,172,0,41,LW,D,,Sep-16-2023,2023,9,16,0.443037975,0.238372093,0.16,0.19,0.16,0.18,Allospecific Control,MTHC,3,447,16,27,0.223958333,43,192,T,H,0,1,3,14,134,1,149,2,M,111,336,0.443037975
474,D37,312401,MT,16:12,30,0,20,50,0,11,LW,D,,Sep-16-2023,2023,9,16,0.425531915,0.22,0.12,0.16,0.12,0.21,Conspecific Control,MTTC,3,80,19,26,0.15,45,300,T,T,0,0,3,37,157,1,255,2,M,31,49,0.425531915
475,D26,312401,MT,15:50,415,0,66,138,0,29,LW,D,,Sep-16-2023,2023,9,16,0.474820144,0.210144928,0.12,0.18,0.12,0.21,Allospecific Null,MTH0,3,553,7,9,0.092485549,16,173,T,H,1,1,3,26,146,1,157,2,M,95,458,0.474820144
476,D30,312401,MT,15:58,37,0,29,99,0,20,LW,D,,Sep-16-2023,2023,9,16,0.295918367,0.202020202,0.14,0.18,0.14,0.21,Allospecific Null,MTH0,3,136,19,27,0.184738956,46,249,T,H,1,1,3,30,150,1,203,2,M,49,87,0.295918367
477,D40,312401,MT,16:18,269,0,63,165,0,31,LW,D,,Sep-16-2023,2023,9,16,0.372781065,0.187878788,0.15,0.18,0.15,0.19,Allospecific Control,MTHC,3,434,10,19,0.123404255,29,235,T,H,0,1,3,40,160,1,206,2,M,94,340,0.372781065
478,D27,312401,MT,15:52,233,0,14,46,0,8,LW,D,,Sep-16-2023,2023,9,16,0.411764706,0.173913043,0.14,0.19,0.14,0.21,Allospecific Control,MTHC,3,279,12,20,0.146788991,32,218,T,H,0,1,3,27,147,1,186,2,M,22,257,0.411764706
479,D22,312401,MT,15:42,132,0,37,110,0,18,LW,D,,Sep-16-2023,2023,9,16,0.362745098,0.163636364,0.15,0.15,0.15,0.2,Conspecific Control,MTTC,3,242,14,20,0.153846154,34,221,T,T,0,0,3,22,142,1,187,2,M,55,187,0.362745098
480,D39,312401,MT,16:16,143,0,17,34,0,4,LW,D,,Sep-16-2023,2023,9,16,0.485714286,0.117647059,0.14,0.22,0.14,0.22,Conspecific Null,MTT0,3,177,14,25,0.180555556,39,216,T,T,1,0,3,39,159,1,177,2,M,21,156,0.485714286
481,A01,412101,SH,08:23,129,0,27,83,0,23,LW,D,,Sep-28-2023,2023,9,28,0.421875,0.277108434,0.16,0.15,0.16,0.15,Conspecific Null,SHH0,4,212,22,16,0.071563089,38,531,H,H,1,0,0,1,1,1,493,3,S,50,162,0.421875
482,A02,412102,SH,08:25,121,0,44,121,0,20,LW,D,,Sep-28-2023,2023,9,28,0.468085106,0.165289256,0.14,0.2,0.14,0.2,Conspecific Control,SHHC,4,242,16,23,0.075581395,39,516,H,H,0,0,0,2,2,1,477,3,S,64,178,0.468085106
483,A03,412103,SH,08:27,177,0,39,169,0,93,LW,D,,Sep-28-2023,2023,9,28,0.330508475,0.550295858,0.15,0.15,0.15,0.15,Allospecific Control,SHTC,4,346,22,17,0.058558559,39,666,H,T,0,1,0,3,3,1,627,3,S,132,214,0.330508475
484,A04,412104,SH,08:29,27,0,7,48,0,18,LW,D,,Sep-28-2023,2023,9,28,0.4375,0.375,0.14,0.18,0.14,0.18,Allospecific Null,SHT0,4,75,10,28,0.044917258,38,846,H,T,1,1,0,4,4,1,808,3,S,25,50,0.4375
485,A05,412105,SH,08:31,19,0,25,48,0,18,LW,D,,Sep-28-2023,2023,9,28,0.543478261,0.375,0.15,0.18,0.15,0.18,Allospecific Null,SHT0,4,67,22,43,0.02998155,65,2168,H,T,1,1,0,5,5,1,2103,3,S,43,24,0.543478261
486,A06,412106,SH,08:33,137,0,29,58,0,20,LW,D,,Sep-28-2023,2023,9,28,0.517857143,0.344827586,0.16,0.18,0.16,0.18,Allospecific Control,SHTC,4,195,16,25,0.059248555,41,692,H,T,0,1,0,6,6,1,651,3,S,49,146,0.517857143
487,A07,412107,SH,08:35,219,0,26,62,0,20,LW,D,,Sep-28-2023,2023,9,28,0.577777778,0.322580645,0.13,0.18,0.13,0.18,Conspecific Control,SHHC,4,281,13,25,0.026704146,38,1423,H,H,0,0,0,7,7,1,1385,3,S,46,235,0.577777778
488,A08,412108,SH,08:37,72,0,13,51,0,12,LW,D,,Sep-28-2023,2023,9,28,0.232142857,0.235294118,0.17,0.2,0.17,0.2,Conspecific Null,SHH0,4,123,18,33,0.038665656,51,1319,H,H,1,0,0,8,8,1,1268,3,S,25,98,0.232142857
489,A09,412109,SH,08:39,341,0,49,67,0,23,LW,D,,Sep-28-2023,2023,9,28,0.52688172,0.343283582,0.16,0.17,0.16,0.17,Allospecific Control,SHTC,4,408,22,17,0.048507463,39,804,H,T,0,1,0,9,9,1,765,3,S,72,336,0.52688172
490,A10,412110,SH,08:41,30,0,5,14,0,5,LW,D,,Sep-28-2023,2023,9,28,0.454545455,0.357142857,0.15,0.18,0.15,0.18,Conspecific Null,SHH0,4,44,27,45,1,33,33,H,H,1,0,0,10,10,1,39,3,S,10,34,0.454545455
491,A11,412111,SH,08:43,629,0,65,152,0,70,LW,D,,Sep-28-2023,2023,9,28,0.541666667,0.460526316,0.12,0.15,0.12,0.15,Conspecific Control,SHHC,4,781,33,25,0.076821192,58,755,H,H,0,0,0,11,11,1,697,3,S,135,646,0.541666667
492,A12,412112,SH,08:45,135,0,46,109,0,42,LW,D,,Sep-28-2023,2023,9,28,0.58974359,0.385321101,0.15,0.17,0.15,0.17,Conspecific Null,SHH0,4,244,33,32,0.062862669,65,1034,H,H,1,0,0,12,12,1,969,3,S,88,156,0.58974359
493,A13,412113,SH,08:47,171,0,24,34,0,6,LW,D,,Sep-28-2023,2023,9,28,0.6,0.176470588,0.15,0.2,0.15,0.2,Conspecific Null,SHH0,4,205,7,39,0.057934509,46,794,H,H,1,0,0,13,13,1,748,3,S,30,175,0.6
494,A14,412114,SH,08:49,67,0,74,116,0,52,LW,D,,Sep-28-2023,2023,9,28,0.762886598,0.448275862,0.14,0.12,0.14,0.12,Allospecific Control,SHTC,4,183,38,32,0.07616975,70,919,H,T,0,1,0,14,14,1,849,3,S,126,57,0.762886598
495,A15,412115,SH,08:51,233,0,20,158,0,59,LW,D,,Sep-28-2023,2023,9,28,0.2,0.373417722,0.14,0.15,0.14,0.15,Allospecific Null,SHT0,4,391,18,26,0.060191518,44,731,H,T,1,1,0,15,15,1,687,3,S,79,312,0.2
496,A16,412116,SH,08:53,117,0,34,124,0,23,LW,D,,Sep-28-2023,2023,9,28,0.414634146,0.185483871,0.13,0.15,0.13,0.15,Allospecific Control,SHTC,4,241,43,19,0.087694484,62,707,H,T,0,1,0,16,16,1,645,3,S,57,184,0.414634146
497,A17,412117,SH,08:55,240,0,22,132,0,62,LW,D,,Sep-28-2023,2023,9,28,0.22,0.46969697,0.15,0.17,0.15,0.17,Conspecific Control,SHHC,4,372,27,25,0.078313253,52,664,H,H,0,0,0,17,17,1,612,3,S,84,288,0.22
498,A18,412118,SH,08:57,227,0,59,152,0,83,LW,D,,Sep-28-2023,2023,9,28,0.584158416,0.546052632,0.13,0.16,0.13,0.16,Conspecific Control,SHHC,4,379,18,18,0.040223464,36,895,H,H,0,0,0,18,18,1,859,3,S,142,237,0.584158416
499,A19,412119,SH,08:59,667,0,17,112,0,26,LW,D,,Sep-28-2023,2023,9,28,0.139344262,0.232142857,0.13,0.14,0.13,0.14,Allospecific Null,SHT0,4,779,29,12,0.042663892,41,961,H,T,1,1,0,19,19,1,920,3,S,43,736,0.139344262
500,A20,412120,SH,09:01,45,0,17,57,0,14,LW,D,,Sep-28-2023,2023,9,28,0.320754717,0.245614035,0.12,0.16,0.12,0.16,Allospecific Control,SHTC,4,102,21,14,0.057565789,35,608,H,T,0,1,0,20,20,1,573,3,S,31,71,0.320754717
501,A21,412121,SH,09:03,135,0,60,117,0,30,LW,D,,Sep-28-2023,2023,9,28,0.52173913,0.256410256,0.15,0.19,0.15,0.19,Conspecific Control,SHHC,4,252,22,21,0.049826188,43,863,H,H,0,0,0,21,21,1,820,3,S,90,162,0.52173913
502,A22,412122,SH,09:05,195,0,36,124,0,19,LW,D,,Sep-28-2023,2023,9,28,0.349514563,0.153225806,0.14,0.19,0.14,0.19,Conspecific Null,SHH0,4,319,38,13,0.046746104,51,1091,H,H,1,0,0,22,22,1,1040,3,S,55,264,0.349514563
503,A23,412123,SH,09:07,79,0,52,74,0,23,LW,D,,Sep-28-2023,2023,9,28,0.742857143,0.310810811,0.18,0.19,0.18,0.19,Conspecific Null,SHH0,4,153,47,24,0.104258443,71,681,H,H,1,0,0,23,23,1,610,3,S,75,78,0.742857143
504,A24,412124,SH,09:09,265,0,27,83,0,27,LW,D,,Sep-28-2023,2023,9,28,0.391304348,0.325301205,0.12,0.15,0.12,0.15,Allospecific Null,SHT0,4,348,27,6,0.061111111,33,540,H,T,1,1,0,24,24,1,507,3,S,54,294,0.391304348
505,A25,412125,SH,09:11,771,0,19,72,0,18,LW,D,,Sep-28-2023,2023,9,28,0.322033898,0.25,0.12,0.2,0.12,0.2,Allospecific Control,SHTC,4,843,22,32,0.079646018,54,678,H,T,0,1,0,25,25,1,624,3,S,37,806,0.322033898
506,A26,412126,SH,09:13,422,0,22,175,0,69,LW,D,,Sep-28-2023,2023,9,28,0.2,0.394285714,0.14,0.16,0.14,0.16,Conspecific Control,SHHC,4,597,16,28,0.066465257,44,662,H,H,0,0,0,26,26,1,618,3,S,91,506,0.2
507,A27,412127,SH,09:15,753,0,111,287,0,162,LW,D,,Sep-28-2023,2023,9,28,0.555,0.56445993,0.15,0.17,0.15,0.17,Allospecific Null,SHT0,4,1040,16,38,0.057754011,54,935,H,T,1,1,0,27,27,1,881,3,S,273,767,0.555
508,A28,412128,SH,09:17,310,0,75,160,0,40,LW,D,,Sep-28-2023,2023,9,28,0.609756098,0.25,0.12,0.17,0.12,0.17,Conspecific Control,SHHC,4,470,13,34,0.051705171,47,909,H,H,0,0,0,28,28,1,862,3,S,115,355,0.609756098
509,A29,412129,SH,09:19,46,0,43,93,0,50,LW,D,,Sep-28-2023,2023,9,28,0.417475728,0.537634409,0.12,0.16,0.12,0.16,Conspecific Null,SHH0,4,139,11,9,0.024752475,20,808,H,H,1,0,0,29,29,1,788,3,S,93,46,0.417475728
510,A30,412130,SH,09:21,27,0,19,31,0,12,LW,D,,Sep-28-2023,2023,9,28,0.575757576,0.387096774,0.14,0.21,0.14,0.21,Conspecific Null,SHH0,4,58,32,43,0.059148265,75,1268,H,H,1,0,0,30,30,1,1193,3,S,31,27,0.575757576
511,A31,412131,SH,09:23,267,0,28,108,0,29,LW,D,,Sep-28-2023,2023,9,28,0.358974359,0.268518519,0.11,0.18,0.11,0.18,Allospecific Null,SHT0,4,375,25,28,0.060849598,53,871,H,T,1,1,0,31,31,1,818,3,S,57,318,0.358974359
512,A32,412132,SH,09:25,226,0,35,90,0,29,LW,D,,Sep-28-2023,2023,9,28,0.460526316,0.322222222,0.15,0.15,0.15,0.15,Allospecific Null,SHT0,4,316,27,32,0.082402235,59,716,H,T,1,1,0,32,32,1,657,3,S,64,252,0.460526316
513,A33,412133,SH,09:27,18,0,4,2,0,0,LW,D,,Sep-28-2023,2023,9,28,0.571428571,0,0.13,0.16,0.13,0.16,Conspecific Control,SHHC,4,20,41,45,0.172690763,86,498,H,H,0,0,0,33,33,1,412,3,S,4,16,0.571428571
514,A34,412134,SH,09:29,386,0,22,83,0,29,LW,D,,Sep-28-2023,2023,9,28,0.20952381,0.34939759,0.15,0.18,0.15,0.18,Conspecific Control,SHHC,4,469,21,20,0.054376658,41,754,H,H,0,0,0,34,34,1,713,3,S,51,418,0.20952381
515,A35,412135,SH,09:31,29,0,3,14,0,2,LW,D,,Sep-28-2023,2023,9,28,0.6,0.142857143,0.15,0.19,0.15,0.19,Allospecific Control,SHTC,4,43,22,34,0.455284553,56,123,H,T,0,1,0,35,35,1,67,3,S,5,38,0.6
516,A36,412136,SH,09:33,278,0,67,173,0,55,LW,D,,Sep-28-2023,2023,9,28,0.391812865,0.317919075,0.13,0.17,0.13,0.17,Allospecific Null,SHT0,4,451,27,36,0.084224599,63,748,H,T,1,1,0,36,36,1,685,3,S,122,329,0.391812865
517,A37,412137,SH,09:35,404,0,28,97,0,27,LW,D,,Sep-28-2023,2023,9,28,0.411764706,0.278350515,0.13,0.15,0.13,0.15,Allospecific Control,SHTC,4,501,27,28,0.062642369,55,878,H,T,0,1,0,37,37,1,823,3,S,55,446,0.411764706
518,A38,412138,SH,09:37,24,0,30,58,0,20,LW,D,,Sep-28-2023,2023,9,28,0.566037736,0.344827586,0.14,0.17,0.14,0.17,Allospecific Control,SHTC,4,82,18,9,0.033962264,27,795,H,T,0,1,0,38,38,1,768,3,S,50,32,0.566037736
519,A39,412139,SH,09:39,50,0,9,34,0,11,LW,D,,Sep-28-2023,2023,9,28,0.428571429,0.323529412,0.14,0.19,0.14,0.19,Allospecific Null,SHT0,4,84,33,29,0.077018634,62,805,H,T,1,1,0,39,39,1,743,3,S,20,64,0.428571429
520,A40,412140,SH,09:41,116,0,23,36,0,17,LW,D,,Sep-28-2023,2023,9,28,0.534883721,0.472222222,0.16,0.18,0.16,0.18,Conspecific Null,SHH0,4,152,41,35,0.146153846,76,520,H,H,1,0,0,40,40,1,444,3,S,40,112,0.534883721
521,B01,412201,ST,09:43,8,0,23,64,0,16,LW,D,,Sep-28-2023,2023,9,28,0.58974359,0.25,0.15,0.16,0.17,0.16,Conspecific Null,STT0,4,72,7,3,0.014005602,10,714,T,T,1,0,1,1,41,1,704,3,S,39,33,0.58974359
522,B02,412202,ST,09:45,22,0,12,47,0,25,LW,D,,Sep-28-2023,2023,9,28,0.571428571,0.531914894,0.12,0.21,0.12,0.21,Allospecific Control,STHC,4,69,13,7,0.031201248,20,641,T,H,0,1,1,2,42,1,621,3,S,37,32,0.571428571
523,B03,412203,ST,09:47,214,0,42,101,0,43,LW,D,,Sep-28-2023,2023,9,28,0.617647059,0.425742574,0.11,0.16,0.11,0.16,Allospecific Control,STHC,4,315,17,8,0.032175032,25,777,T,H,0,1,1,3,43,1,752,3,S,85,230,0.617647059
524,B04,412204,ST,09:49,93,0,7,21,0,5,LW,D,,Sep-28-2023,2023,9,28,0.5,0.238095238,0.13,0.18,0.15,0.18,Allospecific Control,STHC,4,114,10,16,0.036568214,26,711,T,H,0,1,1,4,44,1,685,3,S,12,102,0.5
525,B05,412205,ST,09:51,247,0,11,121,0,11,LW,D,,Sep-28-2023,2023,9,28,0.152777778,0.090909091,0.11,0.16,0.11,0.16,Allospecific Control,STHC,4,368,5,18,0.036565978,23,629,T,H,0,1,1,5,45,1,606,3,S,22,346,0.152777778
526,B06,412206,ST,09:53,56,0,12,105,0,46,LW,D,,Sep-28-2023,2023,9,28,0.193548387,0.438095238,0.1,0.2,0.11,0.2,Allospecific Control,STHC,4,161,8,13,0.028074866,21,748,T,H,0,1,1,6,46,1,727,3,S,58,103,0.193548387
527,B07,412207,ST,09:55,84,0,18,62,0,12,LW,D,,Sep-28-2023,2023,9,28,0.268656716,0.193548387,0.1,0.15,0.1,0.15,Conspecific Control,STTC,4,146,9,11,0.021505376,20,930,T,T,0,0,1,7,47,1,910,3,S,30,116,0.268656716
528,B08,412208,ST,09:57,31,0,5,53,0,18,LW,D,,Sep-28-2023,2023,9,28,0.277777778,0.339622642,0.13,0.21,0.14,0.21,Conspecific Control,STTC,4,84,17,17,0.083950617,34,405,T,T,0,0,1,8,48,1,371,3,S,23,61,0.277777778
529,B09,412209,ST,09:59,84,0,4,39,0,10,LW,D,,Sep-28-2023,2023,9,28,0.166666667,0.256410256,0.14,0.2,0.14,0.2,Conspecific Null,STT0,4,123,12,9,0.021428571,21,980,T,T,1,0,1,9,49,1,959,3,S,14,109,0.166666667
530,B10,412210,ST,10:01,196,0,23,66,0,26,LW,D,,Sep-28-2023,2023,9,28,0.410714286,0.393939394,0.14,0.22,0.16,0.22,Conspecific Control,STTC,4,262,13,8,0.038674033,21,543,T,T,0,0,1,10,50,1,522,3,S,49,213,0.410714286
531,B11,412211,ST,10:03,123,0,16,99,0,57,LW,D,,Sep-28-2023,2023,9,28,0.246153846,0.575757576,0.13,0.2,0.14,0.2,Allospecific Control,STHC,4,222,7,9,0.015488867,16,1033,T,H,0,1,1,11,51,1,1017,3,S,73,149,0.246153846
532,B12,412212,ST,10:05,217,0,5,87,0,43,LW,D,,Sep-28-2023,2023,9,28,0.12195122,0.494252874,0.11,0.15,0.1,0.15,Allospecific Null,STH0,4,304,17,8,0.027995521,25,893,T,H,1,1,1,12,52,1,868,3,S,48,256,0.12195122
533,B13,412213,ST,10:07,37,0,3,18,0,4,LW,D,,Sep-28-2023,2023,9,28,0.2,0.222222222,0.12,0.2,0.12,0.2,Conspecific Null,STT0,4,55,12,8,0.019900498,20,1005,T,T,1,0,1,13,53,1,985,3,S,7,48,0.2
534,B14,412214,ST,10:09,21,0,7,50,0,23,LW,D,,Sep-28-2023,2023,9,28,0.259259259,0.46,0.09,0.19,0.1,0.19,Conspecific Null,STT0,4,71,10,10,0.0269179,20,743,T,T,1,0,1,14,54,1,723,3,S,30,41,0.259259259
535,B15,412215,ST,10:11,27,0,6,24,0,9,LW,D,,Sep-28-2023,2023,9,28,0.260869565,0.375,0.1,0.21,0.11,0.21,Allospecific Control,STHC,4,51,17,24,0.063174114,41,649,T,H,0,1,1,15,55,1,608,3,S,15,36,0.260869565
536,B16,412216,ST,10:13,147,0,7,59,0,24,LW,D,,Sep-28-2023,2023,9,28,0.28,0.406779661,0.13,0.12,0.16,0.12,Conspecific Null,STT0,4,206,12,23,0.04176611,35,838,T,T,1,0,1,16,56,1,803,3,S,31,175,0.28
537,B17,412217,ST,10:15,469,0,16,85,0,35,LW,D,,Sep-28-2023,2023,9,28,0.258064516,0.411764706,0.13,0.17,0.13,0.17,Conspecific Control,STTC,4,554,12,19,0.044862518,31,691,T,T,0,0,1,17,57,1,660,3,S,51,503,0.258064516
538,B18,412218,ST,10:17,60,0,11,101,0,47,LW,D,,Sep-28-2023,2023,9,28,0.174603175,0.465346535,0.12,0.16,0.13,0.16,Conspecific Null,STT0,4,161,12,23,0.034895314,35,1003,T,T,1,0,1,18,58,1,968,3,S,58,103,0.174603175
539,B19,412219,ST,10:19,129,0,3,36,0,13,LW,D,,Sep-28-2023,2023,9,28,0.15,0.361111111,0.09,0.2,0.09,0.2,Conspecific Control,STTC,4,165,8,14,0.034976153,22,629,T,T,0,0,1,19,59,1,607,3,S,16,149,0.15
540,B20,412220,ST,10:21,43,0,2,38,0,8,LW,D,,Sep-28-2023,2023,9,28,0.125,0.210526316,0.12,0.22,0.13,0.22,Allospecific Null,STH0,4,81,13,7,0.038022814,20,526,T,H,1,1,1,20,60,1,506,3,S,10,71,0.125
541,B21,412221,ST,10:23,75,0,8,76,0,14,LW,D,,Sep-28-2023,2023,9,28,0.181818182,0.184210526,0.13,0.21,0.13,0.21,Conspecific Control,STTC,4,151,9,14,0.042047532,23,547,T,T,0,0,1,21,61,1,524,3,S,22,129,0.181818182
542,B22,412222,ST,10:25,59,0,13,74,0,34,LW,D,,Sep-28-2023,2023,9,28,0.203125,0.459459459,0.14,0.24,0.15,0.24,Conspecific Control,STTC,4,133,8,9,0.02367688,17,718,T,T,0,0,1,22,62,1,701,3,S,47,86,0.203125
543,B23,412223,ST,10:27,99,0,16,58,0,26,LW,D,,Sep-28-2023,2023,9,28,0.262295082,0.448275862,0.12,0.18,0.11,0.18,Allospecific Null,STH0,4,157,5,10,0.020053476,15,748,T,H,1,1,1,23,63,1,733,3,S,42,115,0.262295082
544,B24,412224,ST,10:29,35,0,3,57,0,15,LW,D,,Sep-28-2023,2023,9,28,0.15,0.263157895,0.12,0.2,0.12,0.2,Allospecific Null,STH0,4,92,16,13,0.11328125,29,256,T,H,1,1,1,24,64,1,227,3,S,18,74,0.15
545,B25,412225,ST,10:31,183,0,26,122,0,39,LW,D,,Sep-28-2023,2023,9,28,0.305882353,0.319672131,0.09,0.18,0.09,0.18,Allospecific Null,STH0,4,305,13,9,0.030095759,22,731,T,H,1,1,1,25,65,1,709,3,S,65,240,0.305882353
546,B26,412226,ST,10:33,19,0,2,13,0,3,LW,D,,Sep-28-2023,2023,9,28,0.153846154,0.230769231,0.1,0.2,0.1,0.2,Conspecific Null,STT0,4,32,12,6,0.025245442,18,713,T,T,1,0,1,26,66,1,695,3,S,5,27,0.153846154
547,B27,412227,ST,10:35,41,0,7,28,0,12,LW,D,,Sep-28-2023,2023,9,28,0.21875,0.428571429,0.12,0.19,0.13,0.19,Allospecific Control,STHC,4,69,17,11,0.051565378,28,543,T,H,0,1,1,27,67,1,515,3,S,19,50,0.21875
548,B28,412228,ST,10:37,32,0,11,48,0,15,LW,D,,Sep-28-2023,2023,9,28,0.289473684,0.3125,0.13,0.17,0.12,0.17,Allospecific Null,STH0,4,80,14,15,0.040446304,29,717,T,H,1,1,1,28,68,1,688,3,S,26,54,0.289473684
549,B29,412229,ST,10:39,0,0,0,0,0,,LW,D,,Sep-28-2023,2023,9,28,0,0,0,0,0,0,Allospecific Null,STH0,4,0,0,0,#DIV/0!,0,0,T,H,1,1,1,29,69,1,0,3,S,0,0,0
550,B30,412230,ST,10:41,4,0,1,33,0,19,LW,D,,Sep-28-2023,2023,9,28,0.333333333,0.575757576,0.16,0.18,0.19,0.18,Conspecific Null,STT0,4,37,12,7,0.024173028,19,786,T,T,1,0,1,30,70,1,767,3,S,20,17,0.333333333
551,B31,412231,ST,10:43,1,0,0,14,0,4,LW,D,,Sep-28-2023,2023,9,28,0,0.285714286,0.15,0.18,0.14,0.18,Conspecific Null,STT0,4,15,9,9,0.036072144,18,499,T,T,1,0,1,31,71,1,481,3,S,4,11,0
552,B32,412232,ST,10:45,34,0,4,14,0,7,LW,D,,Sep-28-2023,2023,9,28,0.285714286,0.5,0.1,0.15,0.1,0.15,Allospecific Null,STH0,4,48,14,3,0.028862479,17,589,T,H,1,1,1,32,72,1,572,3,S,11,37,0.285714286
553,B33,412233,ST,10:47,2,0,0,13,0,4,LW,D,,Sep-28-2023,2023,9,28,0,0.307692308,0.12,0.2,0.13,0.2,Conspecific Control,STTC,4,15,22,9,0.036513545,31,849,T,T,0,0,1,33,73,1,818,3,S,4,11,0
554,B34,412234,ST,10:49,51,0,13,63,0,32,LW,D,,Sep-28-2023,2023,9,28,0.382352941,0.507936508,0.13,0.19,0.11,0.19,Allospecific Control,STHC,4,114,11,13,0.047619048,24,504,T,H,0,1,1,34,74,1,480,3,S,45,69,0.382352941
555,B35,412235,ST,10:51,70,0,17,62,0,33,LW,D,,Sep-28-2023,2023,9,28,0.369565217,0.532258065,0.11,0.15,0.09,0.15,Allospecific Control,STHC,4,132,14,22,0.069902913,36,515,T,H,0,1,1,35,75,1,479,3,S,50,82,0.369565217
556,B36,412236,ST,10:53,61,0,12,65,0,41,LW,D,,Sep-28-2023,2023,9,28,0.324324324,0.630769231,0.12,0.2,0.12,0.2,Conspecific Control,STTC,4,126,7,16,0.027511962,23,836,T,T,0,0,1,36,76,1,813,3,S,53,73,0.324324324
557,B37,412237,ST,10:55,194,0,22,99,0,43,LW,D,,Sep-28-2023,2023,9,28,0.314285714,0.434343434,0.11,0.15,0.11,0.15,Conspecific Null,STT0,4,293,20,9,0.028741328,29,1009,T,T,1,0,1,37,77,1,980,3,S,65,228,0.314285714
558,B38,412238,ST,10:57,74,0,13,108,0,45,LW,D,,Sep-28-2023,2023,9,28,0.317073171,0.416666667,0.15,0.16,0.16,0.16,Conspecific Control,STTC,4,182,12,5,0.019630485,17,866,T,T,0,0,1,38,78,1,849,3,S,58,124,0.317073171
559,B39,412239,ST,10:59,48,0,17,64,0,31,LW,D,,Sep-28-2023,2023,9,28,0.472222222,0.484375,0.15,0.19,0.13,0.19,Allospecific Null,STH0,4,112,15,13,0.043410853,28,645,T,H,1,1,1,39,79,1,617,3,S,48,64,0.472222222
560,B40,412240,ST,11:01,27,0,9,26,0,14,LW,D,,Sep-28-2023,2023,9,28,0.28125,0.538461538,0.13,0.18,0.13,0.18,Allospecific Null,STH0,4,53,17,9,0.02480916,26,1048,T,H,1,1,1,40,80,1,1022,3,S,23,30,0.28125
561,C01,412301,MH,11:03,38,0,11,54,0,26,LW,D,,Sep-28-2023,2023,9,28,0.333333333,0.481481481,0.13,0.16,0.16,0.16,Allospecific Null,MHT0,4,92,10,13,0.044660194,23,515,H,T,1,1,2,1,81,1,492,3,M,37,55,0.333333333
562,C02,412302,MH,11:05,169,0,18,95,0,53,LW,D,,Sep-28-2023,2023,9,28,0.193548387,0.557894737,0.13,0.17,0.15,0.17,Allospecific Control,MHTC,4,264,21,15,0.04494382,36,801,H,T,0,1,2,2,82,1,765,3,M,71,193,0.193548387
563,C03,412303,MH,11:07,139,0,24,64,0,40,LW,D,,Sep-28-2023,2023,9,28,0.292682927,0.625,0.11,0.18,0.14,0.18,Conspecific Control,MHHC,4,203,11,15,0.073239437,26,355,H,H,0,0,2,3,83,1,329,3,M,64,139,0.292682927
564,C04,412304,MH,11:09,84,0,24,53,0,21,LW,D,,Sep-28-2023,2023,9,28,0.387096774,0.396226415,0.1,0.17,0.13,0.17,Allospecific Null,MHT0,4,137,6,15,0.051980198,21,404,H,T,1,1,2,4,84,1,383,3,M,45,92,0.387096774
565,C05,412305,MH,11:11,26,0,4,13,0,5,LW,D,,Sep-28-2023,2023,9,28,0.333333333,0.384615385,0.13,0.15,0.16,0.15,Conspecific Control,MHHC,4,39,6,11,0.042821159,17,397,H,H,0,0,2,5,85,1,380,3,M,9,30,0.333333333
566,C06,412306,MH,11:13,79,0,24,55,0,31,LW,D,,Sep-28-2023,2023,9,28,0.5,0.563636364,0.13,0.17,0.17,0.17,Allospecific Null,MHT0,4,134,9,13,0.04296875,22,512,H,T,1,1,2,6,86,1,490,3,M,55,79,0.5
567,C07,412307,MH,11:15,106,0,17,34,0,19,LW,D,,Sep-28-2023,2023,9,28,0.309090909,0.558823529,0.12,0.15,0.15,0.15,Allospecific Control,MHTC,4,140,12,4,0.017837235,16,897,H,T,0,1,2,7,87,1,881,3,M,36,104,0.309090909
568,C08,412308,MH,11:17,31,0,10,18,0,6,LW,D,,Sep-28-2023,2023,9,28,0.37037037,0.333333333,0.13,0.15,0.18,0.15,Conspecific Null,MHH0,4,49,11,26,0.034676664,37,1067,H,H,1,0,2,8,88,1,1030,3,M,16,33,0.37037037
569,C09,412309,MH,11:19,116,0,14,73,0,32,LW,D,,Sep-28-2023,2023,9,28,0.237288136,0.438356164,0.13,0.15,0.16,0.15,Conspecific Control,MHHC,4,189,12,12,0.023785927,24,1009,H,H,0,0,2,9,89,1,985,3,M,46,143,0.237288136
570,C10,412310,MH,11:21,72,0,28,61,0,25,LW,D,,Sep-28-2023,2023,9,28,0.417910448,0.409836066,0.12,0.14,0.15,0.14,Allospecific Control,MHTC,4,133,9,5,0.023140496,14,605,H,T,0,1,2,10,90,1,591,3,M,53,80,0.417910448
571,C11,412311,MH,11:23,116,0,28,65,0,33,LW,D,,Sep-28-2023,2023,9,28,0.368421053,0.507692308,0.12,0.16,0.17,0.16,Allospecific Null,MHT0,4,181,15,15,0.047095761,30,637,H,T,1,1,2,11,91,1,607,3,M,61,120,0.368421053
572,C12,412312,MH,11:25,98,0,18,57,0,33,LW,D,,Sep-28-2023,2023,9,28,0.3,0.578947368,0.11,0.19,0.14,0.19,Conspecific Null,MHH0,4,155,9,17,0.020139427,26,1291,H,H,1,0,2,12,92,1,1265,3,M,51,104,0.3
573,C13,412313,MH,11:27,17,0,3,5,0,2,LW,D,,Sep-28-2023,2023,9,28,0.214285714,0.4,0.12,0.19,0.15,0.19,Conspecific Control,MHHC,4,22,20,20,0.047904192,40,835,H,H,0,0,2,13,93,1,795,3,M,5,17,0.214285714
574,C14,412314,MH,11:29,76,0,14,30,0,16,LW,D,,Sep-28-2023,2023,9,28,0.269230769,0.533333333,0.13,0.16,0.16,0.16,Conspecific Control,MHHC,4,106,11,16,0.044045677,27,613,H,H,0,0,2,14,94,1,586,3,M,30,76,0.269230769
575,C15,412315,MH,11:31,88,0,19,54,0,38,LW,D,,Sep-28-2023,2023,9,28,0.404255319,0.703703704,0.13,0.16,0.18,0.16,Conspecific Null,MHH0,4,142,12,15,0.034177215,27,790,H,H,1,0,2,15,95,1,763,3,M,57,85,0.404255319
576,C16,412316,MH,11:33,104,0,16,42,0,22,LW,D,,Sep-28-2023,2023,9,28,0.32,0.523809524,0.12,0.17,0.15,0.17,Conspecific Null,MHH0,4,146,12,12,0.054421769,24,441,H,H,1,0,2,16,96,1,417,3,M,38,108,0.32
577,C17,412317,MH,11:35,131,0,28,61,0,33,LW,D,,Sep-28-2023,2023,9,28,0.35443038,0.540983607,0.13,0.18,0.16,0.18,Allospecific Null,MHT0,4,192,12,12,0.033149171,24,724,H,T,1,1,2,17,97,1,700,3,M,61,131,0.35443038
578,C18,412318,MH,11:37,49,0,17,38,0,33,LW,D,,Sep-28-2023,2023,9,28,0.447368421,0.868421053,0.13,0.2,0.18,0.2,Conspecific Null,MHH0,4,87,16,24,0.051813472,40,772,H,H,1,0,2,18,98,1,732,3,M,50,37,0.447368421
579,C19,412319,MH,11:39,6,0,3,14,0,6,LW,D,,Sep-28-2023,2023,9,28,0.272727273,0.428571429,0.12,0.19,0.16,0.19,Allospecific Null,MHT0,4,20,12,19,0.032838983,31,944,H,T,1,1,2,19,99,1,913,3,M,9,11,0.272727273
580,C20,412320,MH,11:41,51,0,9,44,0,21,LW,D,,Sep-28-2023,2023,9,28,0.321428571,0.477272727,0.15,0.2,0.18,0.2,Conspecific Null,MHH0,4,95,15,19,0.023529412,34,1445,H,H,1,0,2,20,100,1,1411,3,M,30,65,0.321428571
581,C21,412321,MH,12:33,66,0,12,38,0,19,LW,D,,Sep-28-2023,2023,9,28,0.260869565,0.5,0.13,0.19,0.17,0.19,Conspecific Null,MHH0,4,104,16,15,0.028518859,31,1087,H,H,1,0,2,21,101,1,1056,3,M,31,73,0.260869565
582,C22,412322,MH,12:35,44,0,11,27,0,10,LW,D,,Sep-28-2023,2023,9,28,0.34375,0.37037037,0.13,0.2,0.18,0.2,Conspecific Control,MHHC,4,71,15,8,0.035493827,23,648,H,H,0,0,2,22,102,1,625,3,M,21,50,0.34375
583,C23,412323,MH,12:37,37,0,20,67,0,25,LW,D,,Sep-28-2023,2023,9,28,0.23255814,0.373134328,0.14,0.16,0.17,0.16,Allospecific Null,MHT0,4,104,18,20,0.039256198,38,968,H,T,1,1,2,23,103,1,930,3,M,45,59,0.23255814
584,C24,412324,MH,12:39,83,0,34,73,0,18,LW,D,,Sep-28-2023,2023,9,28,0.365591398,0.246575342,0.13,0.18,0.18,0.18,Allospecific Null,MHT0,4,156,18,15,0.12,33,275,H,T,1,1,2,24,104,1,242,3,M,52,104,0.365591398
585,C25,412325,MH,12:41,78,0,21,68,0,24,LW,D,,Sep-28-2023,2023,9,28,0.375,0.352941176,0.13,0.18,0.16,0.18,Conspecific Control,MHHC,4,146,15,10,0.047169811,25,530,H,H,0,0,2,25,105,1,505,3,M,45,101,0.375
586,C26,412326,MH,12:43,135,0,18,69,0,23,LW,D,,Sep-28-2023,2023,9,28,0.310344828,0.333333333,0.12,0.15,0.15,0.15,Conspecific Null,MHH0,4,204,7,6,0.02300885,13,565,H,H,1,0,2,26,106,1,552,3,M,41,163,0.310344828
587,C27,412327,MH,12:45,17,0,2,8,0,3,LW,D,,Sep-28-2023,2023,9,28,0.181818182,0.375,0.12,0.16,0.14,0.16,Allospecific Null,MHT0,4,25,11,11,0.039783002,22,553,H,T,1,1,2,27,107,1,531,3,M,5,20,0.181818182
588,C28,412328,MH,12:47,65,0,16,54,0,19,LW,D,,Sep-28-2023,2023,9,28,0.380952381,0.351851852,0.13,0.17,0.18,0.17,Allospecific Control,MHTC,4,119,15,6,0.029085873,21,722,H,T,0,1,2,28,108,1,701,3,M,35,84,0.380952381
589,C29,412329,MH,12:49,41,0,17,32,0,19,LW,D,,Sep-28-2023,2023,9,28,0.298245614,0.59375,0.13,0.17,0.17,0.17,Conspecific Control,MHHC,4,73,9,17,0.032540676,26,799,H,H,0,0,2,29,109,1,773,3,M,36,37,0.298245614
590,C30,412330,MH,12:51,95,0,25,70,0,21,LW,D,,Sep-28-2023,2023,9,28,0.373134328,0.3,0.13,0.16,0.16,0.16,Allospecific Control,MHTC,4,165,7,11,0.030874786,18,583,H,T,0,1,2,30,110,1,565,3,M,46,119,0.373134328
591,C31,412331,MH,12:53,98,0,28,54,0,25,LW,D,,Sep-28-2023,2023,9,28,0.314606742,0.462962963,0.16,0.13,0.19,0.13,Conspecific Control,MHHC,4,152,6,11,0.026645768,17,638,H,H,0,0,2,31,111,1,621,3,M,53,99,0.314606742
592,C32,412332,MH,12:55,65,0,16,77,0,38,LW,D,,Sep-28-2023,2023,9,28,0.340425532,0.493506494,0.11,0.15,0.14,0.15,Conspecific Null,MHH0,4,142,18,17,0.074309979,35,471,H,H,1,0,2,32,112,1,436,3,M,54,88,0.340425532
593,C33,412333,MH,12:57,110,0,33,49,0,29,LW,D,,Sep-28-2023,2023,9,28,0.392857143,0.591836735,0.13,0.15,0.18,0.15,Allospecific Control,MHTC,4,159,12,17,0.051236749,29,566,H,T,0,1,2,33,113,1,537,3,M,62,97,0.392857143
594,C34,412334,MH,12:59,76,0,28,77,0,31,LW,D,,Sep-28-2023,2023,9,28,0.417910448,0.402597403,0.09,0.16,0.14,0.16,Allospecific Control,MHTC,4,153,15,19,0.095505618,34,356,H,T,0,1,2,34,114,1,322,3,M,59,94,0.417910448
595,C35,412335,MH,13:01,120,0,31,101,0,46,LW,D,,Sep-28-2023,2023,9,28,0.356321839,0.455445545,0.1,0.15,0.13,0.15,Allospecific Null,MHT0,4,221,20,14,0.042659975,34,797,H,T,1,1,2,35,115,1,763,3,M,77,144,0.356321839
596,C36,412336,MH,13:03,65,0,23,95,0,30,LW,D,,Sep-28-2023,2023,9,28,0.396551724,0.315789474,0.14,0.16,0.17,0.16,Allospecific Control,MHTC,4,160,12,22,0.039534884,34,860,H,T,0,1,2,36,116,1,826,3,M,53,107,0.396551724
597,C37,412337,MH,13:05,53,0,26,69,0,31,LW,D,,Sep-28-2023,2023,9,28,0.541666667,0.449275362,0.11,0.18,0.15,0.18,Conspecific Control,MHHC,4,122,12,9,0.027741083,21,757,H,H,0,0,2,37,117,1,736,3,M,57,65,0.541666667
598,C38,412338,MH,13:07,93,0,22,98,0,61,LW,D,,Sep-28-2023,2023,9,28,0.323529412,0.62244898,0.13,0.17,0.22,0.17,Conspecific Null,MHH0,4,191,9,10,0.028963415,19,656,H,H,1,0,2,38,118,1,637,3,M,83,108,0.323529412
599,C39,412339,MH,13:09,97,0,38,89,0,36,LW,D,,Sep-28-2023,2023,9,28,0.422222222,0.404494382,0.1,0.18,0.13,0.18,Allospecific Control,MHTC,4,186,12,24,0.066420664,36,542,H,T,0,1,2,39,119,1,506,3,M,74,112,0.422222222
600,C40,412340,MH,13:11,76,0,34,60,0,28,LW,D,,Sep-28-2023,2023,9,28,0.607142857,0.466666667,0.13,0.19,0.18,0.19,Allospecific Control,MHTC,4,136,12,15,0.125,27,216,H,T,0,1,2,40,120,1,189,3,M,62,74,0.607142857
601,D01,412401,MT,13:13,210,0,113,128,0,59,LW,D,,Sep-28-2023,2023,9,28,0.753333333,0.4609375,0.15,0.18,0.15,0.18,Conspecific Null,MTT0,4,338,11,19,0.053003534,30,566,T,T,1,0,3,1,121,1,536,3,M,172,166,0.753333333
602,D02,412402,MT,13:15,17,0,8,9,0,2,LW,D,,Sep-28-2023,2023,9,28,0.571428571,0.222222222,0.15,0.19,0.15,0.19,Conspecific Null,MTT0,4,26,25,25,1,39,39,T,T,1,0,3,2,122,1,11,3,M,10,16,0.571428571
603,D03,412403,MT,13:17,22,0,2,28,0,3,LW,D,,Sep-28-2023,2023,9,28,0.117647059,0.107142857,0.14,0.19,0.14,0.19,Conspecific Control,MTTC,4,50,17,13,0.033076075,30,907,T,T,0,0,3,3,123,1,877,3,M,5,45,0.117647059
604,D04,412404,MT,13:19,57,0,32,35,0,10,LW,D,,Sep-28-2023,2023,9,28,0.64,0.285714286,0.18,0.19,0.18,0.19,Allospecific Null,MTH0,4,92,13,28,0.034745763,41,1180,T,H,1,1,3,4,124,1,1139,3,M,42,50,0.64
605,D05,412405,MT,13:21,120,0,58,122,0,30,LW,D,,Sep-28-2023,2023,9,28,0.623655914,0.245901639,0.14,0.17,0.14,0.17,Conspecific Null,MTT0,4,242,16,16,0.031683168,32,1010,T,T,1,0,3,5,125,1,978,3,M,88,154,0.623655914
606,D06,412406,MT,13:23,113,0,43,64,0,34,LW,D,,Sep-28-2023,2023,9,28,0.530864198,0.53125,0.16,0.18,0.16,0.18,Conspecific Control,MTTC,4,177,7,11,0.025352113,18,710,T,T,0,0,3,6,126,1,692,3,M,77,100,0.530864198
607,D07,412407,MT,13:25,100,0,20,58,0,26,LW,D,,Sep-28-2023,2023,9,28,0.281690141,0.448275862,0.13,0.17,0.13,0.17,Allospecific Control,MTHC,4,158,25,30,0.071059432,55,774,T,H,0,1,3,7,127,1,719,3,M,46,112,0.281690141
608,D08,412408,MT,13:27,228,0,102,169,0,51,LW,D,,Sep-28-2023,2023,9,28,0.545454545,0.301775148,0.17,0.16,0.17,0.16,Conspecific Null,MTT0,4,397,18,20,0.05170068,38,735,T,T,1,0,3,8,128,1,697,3,M,153,244,0.545454545
609,D09,412409,MT,13:29,160,0,81,143,0,52,LW,D,,Sep-28-2023,2023,9,28,0.543624161,0.363636364,0.19,0.18,0.19,0.18,Conspecific Control,MTTC,4,303,41,43,0.099173554,84,847,T,T,0,0,3,9,129,1,763,3,M,133,170,0.543624161
610,D10,412410,MT,13:31,86,0,35,69,0,17,LW,D,,Sep-28-2023,2023,9,28,0.514705882,0.246376812,0.17,0.2,0.17,0.2,Allospecific Control,MTHC,4,155,38,39,0.104619565,77,736,T,H,0,1,3,10,130,1,659,3,M,52,103,0.514705882
611,D11,412411,MT,13:33,146,0,40,87,0,25,LW,D,,Sep-28-2023,2023,9,28,0.384615385,0.287356322,0.12,0.2,0.12,0.2,Conspecific Control,MTTC,4,233,13,30,0.07337884,43,586,T,T,0,0,3,11,131,1,543,3,M,65,168,0.384615385
612,D12,412412,MT,13:35,115,0,41,92,0,24,LW,D,,Sep-28-2023,2023,9,28,0.401960784,0.260869565,0.19,0.2,0.19,0.2,Conspecific Null,MTT0,4,207,18,21,0.047503045,39,821,T,T,1,0,3,12,132,1,782,3,M,65,142,0.401960784
613,D13,412413,MT,13:37,157,0,57,129,0,38,LW,D,,Sep-28-2023,2023,9,28,0.398601399,0.294573643,0.11,0.19,0.11,0.19,Allospecific Null,MTH0,4,286,20,30,0.07204611,50,694,T,H,1,1,3,13,133,1,644,3,M,95,191,0.398601399
614,D14,412414,MT,13:39,245,0,90,204,0,48,LW,D,,Sep-28-2023,2023,9,28,0.454545455,0.235294118,0.17,0.17,0.17,0.17,Conspecific Control,MTTC,4,449,16,28,0.065967016,44,667,T,T,0,0,3,14,134,1,623,3,M,138,311,0.454545455
615,D15,412415,MT,13:41,156,0,46,128,0,77,LW,D,,Sep-28-2023,2023,9,28,0.345864662,0.6015625,0.12,0.17,0.12,0.17,Allospecific Null,MTH0,4,284,18,26,0.060773481,44,724,T,H,1,1,3,15,135,1,680,3,M,123,161,0.345864662
616,D16,412416,MT,13:43,44,0,20,45,0,7,LW,D,,Sep-28-2023,2023,9,28,0.512820513,0.155555556,0.17,0.2,0.17,0.2,Allospecific Control,MTHC,4,89,21,34,0.062146893,55,885,T,H,0,1,3,16,136,1,830,3,M,27,62,0.512820513
617,D17,412417,MT,13:45,122,0,61,111,0,44,LW,D,,Sep-28-2023,2023,9,28,0.61,0.396396396,0.15,0.17,0.15,0.17,Allospecific Control,MTHC,4,233,25,15,0.053619303,40,746,T,H,0,1,3,17,137,1,706,3,M,105,128,0.61
618,D18,412418,MT,13:47,107,0,34,74,0,22,LW,D,,Sep-28-2023,2023,9,28,0.343434343,0.297297297,0.12,0.2,0.12,0.2,Allospecific Null,MTH0,4,181,22,28,0.083056478,50,602,T,H,1,1,3,18,138,1,552,3,M,56,125,0.343434343
619,D19,412419,MT,13:49,132,0,89,101,0,28,LW,D,,Sep-28-2023,2023,9,28,0.741666667,0.277227723,0.14,0.14,0.14,0.14,Allospecific Null,MTH0,4,233,16,22,0.054131054,38,702,T,H,1,1,3,19,139,1,664,3,M,117,116,0.741666667
620,D20,412420,MT,13:51,84,0,49,69,0,19,LW,D,,Sep-28-2023,2023,9,28,0.710144928,0.275362319,0.12,0.19,0.12,0.19,Conspecific Control,MTTC,4,153,33,47,0.091116173,80,878,T,T,0,0,3,20,140,1,798,3,M,68,85,0.710144928
621,D21,412421,MT,13:53,78,0,37,53,0,11,LW,D,,Sep-28-2023,2023,9,28,0.560606061,0.20754717,0.14,0.22,0.14,0.22,Conspecific Null,MTT0,4,131,22,27,0.096078431,49,510,T,T,1,0,3,21,141,1,461,3,M,48,83,0.560606061
622,D22,412422,MT,13:55,183,0,69,127,0,34,LW,D,,Sep-28-2023,2023,9,28,0.511111111,0.267716535,0.16,0.2,0.16,0.2,Allospecific Control,MTHC,4,310,21,24,0.035405193,45,1271,T,H,0,1,3,22,142,1,1226,3,M,103,207,0.511111111
623,D23,412423,MT,13:57,110,0,58,79,0,41,LW,D,,Sep-28-2023,2023,9,28,0.644444444,0.518987342,0.18,0.17,0.18,0.17,Allospecific Null,MTH0,4,189,13,7,0.027063599,20,739,T,H,1,1,3,23,143,1,719,3,M,99,90,0.644444444
624,D24,412424,MT,13:59,92,0,36,75,0,35,LW,D,,Sep-28-2023,2023,9,28,0.514285714,0.466666667,0.2,0.19,0.2,0.19,Conspecific Null,MTT0,4,167,10,17,0.056367432,27,479,T,T,1,0,3,24,144,1,452,3,M,71,96,0.514285714
625,D25,412425,MT,14:01,233,0,68,167,0,52,LW,D,,Sep-28-2023,2023,9,28,0.409638554,0.311377246,0.13,0.17,0.13,0.17,Conspecific Control,MTTC,4,400,10,14,0.024096386,24,996,T,T,0,0,3,25,145,1,972,3,M,120,280,0.409638554
626,D26,412426,MT,14:03,239,0,47,160,0,31,LW,D,,Sep-28-2023,2023,9,28,0.256830601,0.19375,0.15,0.18,0.15,0.18,Conspecific Control,MTTC,4,399,25,19,0.035859821,44,1227,T,T,0,0,3,26,146,1,1183,3,M,78,321,0.256830601
627,D27,412427,MT,14:05,55,0,21,53,0,13,LW,D,,Sep-28-2023,2023,9,28,0.488372093,0.245283019,0.13,0.21,0.13,0.21,Allospecific Control,MTHC,4,108,22,28,0.067204301,50,744,T,H,0,1,3,27,147,1,694,3,M,34,74,0.488372093
628,D28,412428,MT,14:07,73,0,40,62,0,15,LW,D,,Sep-28-2023,2023,9,28,0.615384615,0.241935484,0.12,0.21,0.12,0.21,Allospecific Control,MTHC,4,135,32,26,0.099315068,58,584,T,H,0,1,3,28,148,1,526,3,M,55,80,0.615384615
629,D29,412429,MT,14:09,37,0,17,24,0,5,LW,D,,Sep-28-2023,2023,9,28,0.548387097,0.208333333,0.14,0.18,0.14,0.18,Conspecific Null,MTT0,4,61,21,17,0.050464807,38,753,T,T,1,0,3,29,149,1,715,3,M,22,39,0.548387097
630,D30,412430,MT,14:11,141,0,50,117,0,39,LW,D,,Sep-28-2023,2023,9,28,0.387596899,0.333333333,0.13,0.2,0.13,0.2,Allospecific Null,MTH0,4,258,33,38,0.118530885,71,599,T,H,1,1,3,30,150,1,528,3,M,89,169,0.387596899
631,D31,412431,MT,14:13,101,0,47,91,0,23,LW,D,,Sep-28-2023,2023,9,28,0.534090909,0.252747253,0.11,0.18,0.11,0.18,Allospecific Null,MTH0,4,192,18,20,0.03678606,38,1033,T,H,1,1,3,31,151,1,995,3,M,70,122,0.534090909
632,D32,412432,MT,14:15,251,0,103,198,0,61,LW,D,,Sep-28-2023,2023,9,28,0.49047619,0.308080808,0.18,0.14,0.18,0.14,Conspecific Null,MTT0,4,449,23,32,0.06866417,55,801,T,T,1,0,3,32,152,1,746,3,M,164,285,0.49047619
633,D33,412433,MT,14:17,110,0,54,86,0,30,LW,D,,Sep-28-2023,2023,9,28,0.635294118,0.348837209,0.12,0.14,0.12,0.14,Allospecific Control,MTHC,4,196,21,31,0.066666667,52,780,T,H,0,1,3,33,153,1,728,3,M,84,112,0.635294118
634,D34,412434,MT,14:19,166,0,49,121,0,38,LW,D,,Sep-28-2023,2023,9,28,0.385826772,0.314049587,0.13,0.19,0.13,0.19,Conspecific Control,MTTC,4,287,25,26,0.0408,51,1250,T,T,0,0,3,34,154,1,1199,3,M,87,200,0.385826772
635,D35,412435,MT,14:21,174,0,79,151,0,57,LW,D,,Sep-28-2023,2023,9,28,0.5,0.377483444,0.17,0.18,0.17,0.18,Allospecific Null,MTH0,4,325,10,11,0.027237354,21,771,T,H,1,1,3,35,155,1,750,3,M,136,189,0.5
636,D36,412436,MT,14:23,107,0,45,76,0,10,LW,D,,Sep-28-2023,2023,9,28,0.548780488,0.131578947,0.18,0.17,0.18,0.17,Allospecific Null,MTH0,4,183,25,31,0.088607595,56,632,T,H,1,1,3,36,156,1,576,3,M,55,128,0.548780488
637,D37,412437,MT,14:25,73,0,23,58,0,18,LW,D,,Sep-28-2023,2023,9,28,0.396551724,0.310344828,0.12,0.21,0.12,0.21,Allospecific Control,MTHC,4,131,13,22,0.053030303,35,660,T,H,0,1,3,37,157,1,625,3,M,41,90,0.396551724
638,D38,412438,MT,14:27,93,0,50,74,0,9,LW,D,,Sep-28-2023,2023,9,28,0.617283951,0.121621622,0.14,0.15,0.14,0.15,Allospecific Control,MTHC,4,167,16,21,0.036203523,37,1022,T,H,0,1,3,38,158,1,985,3,M,59,108,0.617283951
639,D39,412439,MT,14:29,54,0,22,33,0,10,LW,D,,Sep-28-2023,2023,9,28,0.536585366,0.303030303,0.17,0.22,0.17,0.22,Conspecific Control,MTTC,4,87,18,17,0.030674847,35,1141,T,T,0,0,3,39,159,1,1106,3,M,32,55,0.536585366
640,D40,412440,MT,14:31,249,0,103,190,0,50,LW,D,,Sep-28-2023,2023,9,28,0.474654378,0.263157895,0.12,0.15,0.12,0.15,Conspecific Null,MTT0,4,439,18,23,0.040714995,41,1007,T,T,1,0,3,40,160,1,966,3,M,153,286,0.474654378
641,A01,512101,SH,09:01,67,0,25,57,0,23,LW,D,,Oct-10-2023,2023,10,10,0.373134328,0.403508772,0.18,0.19,0.18,0.19,Conspecific Null,SHH0,5,124,13,15,0.059447983,28,471,H,H,1,0,0,1,1,1,443,4,S,48,76,0.373134328
642,A02,512102,SH,09:02,72,0,25,122,0,22,LW,D,,Oct-10-2023,2023,10,10,0.347222222,0.180327869,0.16,0.22,0.17,0.22,Conspecific Control,SHHC,5,194,27,27,0.105058366,54,514,H,H,0,0,0,2,2,1,460,4,S,47,147,0.347222222
643,A03,512103,SH,09:03,111,0,53,138,0,48,LW,D,,Oct-10-2023,2023,10,10,0.477477477,0.347826087,0.14,0.14,0.15,0.15,Allospecific Control,SHTC,5,249,23,21,0.06984127,44,630,H,T,0,1,0,3,3,1,586,4,S,101,148,0.477477477
644,A04,512104,SH,09:04,16,0,8,24,0,11,LW,D,,Oct-10-2023,2023,10,10,0.5,0.458333333,0.17,0.22,0.15,0.2,Allospecific Null,SHT0,5,40,35,44,0.098873592,79,799,H,T,1,1,0,4,4,1,720,4,S,19,21,0.5
645,A05,512105,SH,09:05,45,0,23,54,0,19,LW,D,,Oct-10-2023,2023,10,10,0.511111111,0.351851852,0.16,0.18,0.16,0.17,Allospecific Null,SHT0,5,99,48,53,0.049100632,101,2057,H,T,1,1,0,5,5,1,1956,4,S,42,57,0.511111111
646,A06,512106,SH,09:06,41,0,13,61,0,21,LW,D,,Oct-10-2023,2023,10,10,0.317073171,0.344262295,0.14,0.16,0.16,0.22,Allospecific Control,SHTC,5,102,25,27,0.079754601,52,652,H,T,0,1,0,6,6,1,600,4,S,34,68,0.317073171
647,A07,512107,SH,09:07,44,0,20,51,0,18,LW,D,,Oct-10-2023,2023,10,10,0.454545455,0.352941176,0.14,0.19,0.15,0.19,Conspecific Control,SHHC,5,95,31,31,0.046303211,62,1339,H,H,0,0,0,7,7,1,1277,4,S,38,57,0.454545455
648,A08,512108,SH,09:08,54,0,12,53,0,14,LW,D,,Oct-10-2023,2023,10,10,0.222222222,0.264150943,0.18,0.23,0.19,0.23,Conspecific Null,SHH0,5,107,38,38,0.0608,76,1250,H,H,1,0,0,8,8,1,1174,4,S,26,81,0.222222222
649,A09,512109,SH,09:09,90,0,31,58,0,20,LW,D,,Oct-10-2023,2023,10,10,0.344444444,0.344827586,0.13,0.18,0.16,0.21,Allospecific Control,SHTC,5,148,19,21,0.052015605,40,769,H,T,0,1,0,9,9,1,729,4,S,51,97,0.344444444
650,A10,512110,SH,09:10,2,0,2,3,0,2,LW,D,,Oct-10-2023,2023,10,10,1,0.666666667,0.16,0.19,0.14,0.19,Conspecific Null,SHH0,5,5,62,61,1,25,25,H,H,1,0,0,10,10,1,98,4,S,4,1,1
651,A11,512111,SH,09:11,136,0,62,139,0,49,LW,D,,Oct-10-2023,2023,10,10,0.455882353,0.352517986,0.12,0.14,0.12,0.13,Conspecific Control,SHHC,5,275,32,34,0.095100865,66,694,H,H,0,0,0,11,11,1,628,4,S,111,164,0.455882353
652,A12,512112,SH,09:12,86,0,28,98,0,48,LW,D,,Oct-10-2023,2023,10,10,0.325581395,0.489795918,0.15,0.15,0.16,0.19,Conspecific Null,SHH0,5,184,40,38,0.081675393,78,955,H,H,1,0,0,12,12,1,877,4,S,76,108,0.325581395
653,A13,512113,SH,09:13,50,0,23,29,0,7,LW,D,,Oct-10-2023,2023,10,10,0.46,0.24137931,0.14,0.2,0.14,0.21,Conspecific Null,SHH0,5,79,48,51,0.130434783,99,759,H,H,1,0,0,13,13,1,660,4,S,30,49,0.46
654,A14,512114,SH,09:14,123,0,69,96,0,31,LW,D,,Oct-10-2023,2023,10,10,0.56097561,0.322916667,0.13,0.13,0.15,0.16,Allospecific Control,SHTC,5,219,36,47,0.096736597,83,858,H,T,0,1,0,14,14,1,775,4,S,100,119,0.56097561
655,A15,512115,SH,09:15,114,0,26,165,0,61,LW,D,,Oct-10-2023,2023,10,10,0.228070175,0.36969697,0.15,0.15,0.15,0.16,Allospecific Null,SHT0,5,279,27,37,0.096676737,64,662,H,T,1,1,0,15,15,1,598,4,S,87,192,0.228070175
656,A16,512116,SH,09:16,109,0,47,142,0,28,LW,D,,Oct-10-2023,2023,10,10,0.431192661,0.197183099,0.13,0.16,0.13,0.16,Allospecific Control,SHTC,5,251,22,23,0.069767442,45,645,H,T,0,1,0,16,16,1,600,4,S,75,176,0.431192661
657,A17,512117,SH,09:17,120,0,27,134,0,63,LW,D,,Oct-10-2023,2023,10,10,0.225,0.470149254,0.15,0.17,0.17,0.17,Conspecific Control,SHHC,5,254,27,32,0.098333333,59,600,H,H,0,0,0,17,17,1,541,4,S,90,164,0.225
658,A18,512118,SH,09:18,128,0,63,146,0,53,LW,D,,Oct-10-2023,2023,10,10,0.4921875,0.363013699,0.12,0.16,0.15,0.16,Conspecific Control,SHHC,5,274,25,22,0.052808989,47,890,H,H,0,0,0,18,18,1,843,4,S,116,158,0.4921875
659,A19,512119,SH,09:19,177,0,22,96,0,30,LW,D,,Oct-10-2023,2023,10,10,0.124293785,0.3125,0.13,0.13,0.13,0.12,Allospecific Null,SHT0,5,273,16,16,0.03520352,32,909,H,T,1,1,0,19,19,1,877,4,S,52,221,0.124293785
660,A20,512120,SH,09:20,65,0,19,59,0,15,LW,D,,Oct-10-2023,2023,10,10,0.292307692,0.254237288,0.12,0.16,0.14,0.17,Allospecific Control,SHTC,5,124,17,19,0.064748201,36,556,H,T,0,1,0,20,20,1,520,4,S,34,90,0.292307692
661,A21,512121,SH,09:21,153,0,92,112,0,40,LW,D,,Oct-10-2023,2023,10,10,0.60130719,0.357142857,0.17,0.16,0.15,0.16,Conspecific Control,SHHC,5,265,25,27,0.064757161,52,803,H,H,0,0,0,21,21,1,751,4,S,132,133,0.60130719
662,A22,512122,SH,09:22,133,0,44,115,0,25,LW,D,,Oct-10-2023,2023,10,10,0.330827068,0.217391304,0.15,0.19,0.16,0.2,Conspecific Null,SHH0,5,248,14,20,0.034274194,34,992,H,H,1,0,0,22,22,1,958,4,S,69,179,0.330827068
663,A23,512123,SH,09:23,66,0,17,64,0,25,LW,D,,Oct-10-2023,2023,10,10,0.257575758,0.390625,0.16,0.21,0.19,0.22,Conspecific Null,SHH0,5,130,17,27,0.066365008,44,663,H,H,1,0,0,23,23,1,619,4,S,42,88,0.257575758
664,A24,512124,SH,09:24,85,0,40,75,0,24,LW,D,,Oct-10-2023,2023,10,10,0.470588235,0.32,0.13,0.19,0.13,0.19,Allospecific Null,SHT0,5,160,5,6,0.020637899,11,533,H,T,1,1,0,24,24,1,522,4,S,64,96,0.470588235
665,A25,512125,SH,09:25,59,0,26,72,0,22,LW,D,,Oct-10-2023,2023,10,10,0.440677966,0.305555556,0.12,0.21,0.13,0.2,Allospecific Control,SHTC,5,131,34,35,0.111290323,69,620,H,T,0,1,0,25,25,1,551,4,S,48,83,0.440677966
666,A26,512126,SH,09:26,98,0,33,170,0,83,LW,D,,Oct-10-2023,2023,10,10,0.336734694,0.488235294,0.16,0.15,0.17,0.16,Conspecific Control,SHHC,5,268,21,27,0.073959938,48,649,H,H,0,0,0,26,26,1,601,4,S,116,152,0.336734694
667,A27,512127,SH,09:27,206,0,71,275,0,51,LW,D,,Oct-10-2023,2023,10,10,0.344660194,0.185454545,0.16,0.16,0.19,0.19,Allospecific Null,SHT0,5,481,35,32,0.076049943,67,881,H,T,1,1,0,27,27,1,814,4,S,122,359,0.344660194
668,A28,512128,SH,09:28,133,0,33,135,0,41,LW,D,,Oct-10-2023,2023,10,10,0.248120301,0.303703704,0.12,0.17,0.13,0.19,Conspecific Control,SHHC,5,268,29,35,0.075294118,64,850,H,H,0,0,0,28,28,1,786,4,S,74,194,0.248120301
669,A29,512129,SH,09:29,94,0,50,98,0,41,LW,D,,Oct-10-2023,2023,10,10,0.531914894,0.418367347,0.13,0.15,0.13,0.15,Conspecific Null,SHH0,5,192,10,12,0.029062087,22,757,H,H,1,0,0,29,29,1,735,4,S,91,101,0.531914894
670,A30,512130,SH,09:30,30,0,9,29,0,14,LW,D,,Oct-10-2023,2023,10,10,0.3,0.482758621,0.13,0.25,0.14,0.19,Conspecific Null,SHH0,5,59,38,73,0.091058244,111,1219,H,H,1,0,0,30,30,1,1108,4,S,23,36,0.3
671,A31,512131,SH,09:31,65,0,25,86,0,34,LW,D,,Oct-10-2023,2023,10,10,0.384615385,0.395348837,0.13,0.16,0.13,0.19,Allospecific Null,SHT0,5,151,29,29,0.071871128,58,807,H,T,1,1,0,31,31,1,749,4,S,59,92,0.384615385
672,A32,512132,SH,09:32,82,0,40,70,0,33,LW,D,,Oct-10-2023,2023,10,10,0.487804878,0.471428571,0.14,0.16,0.13,0.17,Allospecific Null,SHT0,5,152,23,23,0.070660522,46,651,H,T,1,1,0,32,32,1,605,4,S,73,79,0.487804878
673,A33,512133,SH,09:33,54,0,17,55,0,23,LW,D,,Oct-10-2023,2023,10,10,0.314814815,0.418181818,0.13,0.16,0.14,0.17,Conspecific Control,SHHC,5,109,38,49,0.180873181,87,481,H,H,0,0,0,33,33,1,394,4,S,40,69,0.314814815
674,A34,512134,SH,09:34,98,0,29,82,0,34,LW,D,,Oct-10-2023,2023,10,10,0.295918367,0.414634146,0.16,0.2,0.15,0.2,Conspecific Control,SHHC,5,180,22,22,0.06171108,44,713,H,H,0,0,0,34,34,1,669,4,S,63,117,0.295918367
675,A35,512135,SH,09:35,4,0,3,13,0,2,LW,D,,Oct-10-2023,2023,10,10,0.75,0.153846154,0.15,0.19,0.16,0.19,Allospecific Control,SHTC,5,17,24,36,0.571428571,60,105,H,T,0,1,0,35,35,1,45,4,S,5,12,0.75
676,A36,512136,SH,09:36,152,0,71,154,0,60,LW,D,,Oct-10-2023,2023,10,10,0.467105263,0.38961039,0.15,0.14,0.13,0.2,Allospecific Null,SHT0,5,306,37,50,0.126453488,87,688,H,T,1,1,0,36,36,1,601,4,S,131,175,0.467105263
677,A37,512137,SH,09:37,58,0,24,82,0,36,LW,D,,Oct-10-2023,2023,10,10,0.413793103,0.43902439,0.11,0.13,0.16,0.14,Allospecific Control,SHTC,5,140,33,27,0.081411126,60,737,H,T,0,1,0,37,37,1,677,4,S,60,80,0.413793103
678,A38,512138,SH,09:38,51,0,20,59,0,25,LW,D,,Oct-10-2023,2023,10,10,0.392156863,0.423728814,0.15,0.15,0.15,0.18,Allospecific Control,SHTC,5,110,9,9,0.023047375,18,781,H,T,0,1,0,38,38,1,763,4,S,45,65,0.392156863
679,A39,512139,SH,09:39,17,0,10,25,0,11,LW,D,,Oct-10-2023,2023,10,10,0.588235294,0.44,0.16,0.21,0.15,0.21,Allospecific Null,SHT0,5,42,27,28,0.068922306,55,798,H,T,1,1,0,39,39,1,743,4,S,21,21,0.588235294
680,A40,512140,SH,09:40,44,0,20,34,0,10,LW,D,,Oct-10-2023,2023,10,10,0.454545455,0.294117647,0.17,0.18,0.18,0.19,Conspecific Null,SHH0,5,78,41,35,0.2,76,380,H,H,1,0,0,40,40,1,304,4,S,30,48,0.454545455
681,B01,512201,ST,09:41,68,0,55,54,0,20,LW,D,,Oct-10-2023,2023,10,10,0.808823529,0.37037037,0.14,0.16,0.2,0.16,Conspecific Null,STT0,5,122,6,3,0.011494253,9,783,T,T,1,0,1,1,41,1,774,4,S,75,47,0.808823529
682,B02,512202,ST,09:42,35,0,13,44,0,19,LW,D,,Oct-10-2023,2023,10,10,0.371428571,0.431818182,0.12,0.21,0.12,0.21,Allospecific Control,STHC,5,79,8,15,0.037277147,23,617,T,H,0,1,1,2,42,1,594,4,S,32,47,0.371428571
683,B03,512203,ST,09:43,112,0,34,110,0,31,LW,D,,Oct-10-2023,2023,10,10,0.303571429,0.281818182,0.11,0.15,0.11,0.17,Allospecific Control,STHC,5,222,14,13,0.03362391,27,803,T,H,0,1,1,3,43,1,776,4,S,65,157,0.303571429
684,B04,512204,ST,09:45,18,0,10,42,0,5,LW,D,,Oct-10-2023,2023,10,10,0.555555556,0.119047619,0.12,0.18,0.16,0.17,Allospecific Control,STHC,5,60,30,32,0.092675635,62,669,T,H,0,1,1,4,44,1,607,4,S,15,45,0.555555556
685,B05,512205,ST,09:47,116,0,27,280,0,17,LW,D,,Oct-10-2023,2023,10,10,0.232758621,0.060714286,0.11,0.16,0.12,0.16,Allospecific Control,STHC,5,396,25,29,0.08424337,54,641,T,H,0,1,1,5,45,1,587,4,S,44,352,0.232758621
686,B06,512206,ST,09:49,113,0,20,91,0,39,LW,D,,Oct-10-2023,2023,10,10,0.17699115,0.428571429,0.12,0.17,0.13,0.19,Allospecific Control,STHC,5,204,21,24,0.060565276,45,743,T,H,0,1,1,6,46,1,698,4,S,59,145,0.17699115
687,B07,512207,ST,09:51,128,0,46,107,0,18,LW,D,,Oct-10-2023,2023,10,10,0.359375,0.168224299,0.12,0.15,0.13,0.15,Conspecific Control,STTC,5,235,18,18,0.041237113,36,873,T,T,0,0,1,7,47,1,837,4,S,64,171,0.359375
688,B08,512208,ST,09:53,29,0,10,64,0,27,LW,D,,Oct-10-2023,2023,10,10,0.344827586,0.421875,0.13,0.2,0.16,0.2,Conspecific Control,STTC,5,93,29,40,0.174242424,69,396,T,T,0,0,1,8,48,1,327,4,S,37,56,0.344827586
689,B09,512209,ST,09:55,41,0,9,67,0,13,LW,D,,Oct-10-2023,2023,10,10,0.219512195,0.194029851,0.14,0.19,0.14,0.2,Conspecific Null,STT0,5,108,11,11,0.023504274,22,936,T,T,1,0,1,9,49,1,914,4,S,22,86,0.219512195
690,B10,512210,ST,09:57,93,0,45,105,0,38,LW,D,,Oct-10-2023,2023,10,10,0.483870968,0.361904762,0.13,0.23,0.17,0.21,Conspecific Control,STTC,5,198,14,13,0.046632124,27,579,T,T,0,0,1,10,50,1,552,4,S,83,115,0.483870968
691,B11,512211,ST,09:59,99,0,25,169,0,75,LW,D,,Oct-10-2023,2023,10,10,0.252525253,0.443786982,0.13,0.21,0.14,0.21,Allospecific Control,STHC,5,268,17,21,0.041896362,38,907,T,H,0,1,1,11,51,1,869,4,S,100,168,0.252525253
692,B12,512212,ST,10:01,50,0,10,71,0,16,LW,D,,Oct-10-2023,2023,10,10,0.2,0.225352113,0.12,0.16,0.11,0.15,Allospecific Null,STH0,5,121,14,14,0.031145717,28,899,T,H,1,1,1,12,52,1,871,4,S,26,95,0.2
693,B13,512213,ST,10:03,24,0,6,22,0,5,LW,D,,Oct-10-2023,2023,10,10,0.25,0.227272727,0.12,0.19,0.13,0.2,Conspecific Null,STT0,5,46,15,11,0.025,26,1040,T,T,1,0,1,13,53,1,1014,4,S,11,35,0.25
694,B14,512214,ST,10:05,48,0,13,39,0,16,LW,D,,Oct-10-2023,2023,10,10,0.270833333,0.41025641,0.12,0.2,0.13,0.19,Conspecific Null,STT0,5,87,20,18,0.051282051,38,741,T,T,1,0,1,14,54,1,703,4,S,29,58,0.270833333
695,B15,512215,ST,10:07,38,0,12,33,0,10,LW,D,,Oct-10-2023,2023,10,10,0.315789474,0.303030303,0.12,0.2,0.12,0.21,Allospecific Control,STHC,5,71,44,34,0.116071429,78,672,T,H,0,1,1,15,55,1,594,4,S,22,49,0.315789474
696,B16,512216,ST,10:09,47,0,10,107,0,29,LW,D,,Oct-10-2023,2023,10,10,0.212765957,0.271028037,0.13,0.12,0.17,0.12,Conspecific Null,STT0,5,154,49,29,0.094890511,78,822,T,T,1,0,1,16,56,1,744,4,S,39,115,0.212765957
697,B17,512217,ST,10:11,97,0,22,103,0,50,LW,D,,Oct-10-2023,2023,10,10,0.226804124,0.485436893,0.12,0.17,0.15,0.18,Conspecific Control,STTC,5,200,29,27,0.077885953,56,719,T,T,0,0,1,17,57,1,663,4,S,72,128,0.226804124
698,B18,512218,ST,10:13,117,0,23,167,0,61,LW,D,,Oct-10-2023,2023,10,10,0.196581197,0.365269461,0.12,0.17,0.14,0.17,Conspecific Null,STT0,5,284,23,41,0.064908722,64,986,T,T,1,0,1,18,58,1,922,4,S,84,200,0.196581197
699,B19,512219,ST,10:15,33,0,5,9,0,3,LW,D,,Oct-10-2023,2023,10,10,0.151515152,0.333333333,0.12,0.19,0.13,0.21,Conspecific Control,STTC,5,42,17,15,0.050955414,32,628,T,T,0,0,1,19,59,1,596,4,S,8,34,0.151515152
700,B20,512220,ST,10:17,26,0,3,72,0,11,LW,D,,Oct-10-2023,2023,10,10,0.115384615,0.152777778,0.12,0.23,0.15,0.22,Allospecific Null,STH0,5,98,10,10,0.043383948,20,461,T,H,1,1,1,20,60,1,441,4,S,14,84,0.115384615
701,B21,512221,ST,10:18,69,0,19,122,0,19,LW,D,,Oct-10-2023,2023,10,10,0.275362319,0.155737705,0.14,0.21,0.14,0.22,Conspecific Control,STTC,5,191,8,11,0.034296029,19,554,T,T,0,0,1,21,61,1,535,4,S,38,153,0.275362319
702,B22,512222,ST,10:19,104,0,24,147,0,52,LW,D,,Oct-10-2023,2023,10,10,0.230769231,0.353741497,0.14,0.25,0.16,0.23,Conspecific Control,STTC,5,251,15,10,0.036443149,25,686,T,T,0,0,1,22,62,1,661,4,S,76,175,0.230769231
703,B23,512223,ST,10:20,93,0,45,83,0,32,LW,D,,Oct-10-2023,2023,10,10,0.483870968,0.385542169,0.12,0.18,0.12,0.17,Allospecific Null,STH0,5,176,13,15,0.038461538,28,728,T,H,1,1,1,23,63,1,700,4,S,77,99,0.483870968
704,B24,512224,ST,10:21,47,0,6,90,0,17,LW,D,,Oct-10-2023,2023,10,10,0.127659574,0.188888889,0.12,0.2,0.14,0.21,Allospecific Null,STH0,5,137,16,13,0.109433962,29,265,T,H,1,1,1,24,64,1,236,4,S,23,114,0.127659574
705,B25,512225,ST,10:22,183,0,48,157,0,55,LW,D,,Oct-10-2023,2023,10,10,0.262295082,0.350318471,0.12,0.17,0.12,0.19,Allospecific Null,STH0,5,340,5,11,0.021768707,16,735,T,H,1,1,1,25,65,1,719,4,S,103,237,0.262295082
706,B26,512226,ST,10:23,18,0,5,10,0,4,LW,D,,Oct-10-2023,2023,10,10,0.277777778,0.4,0.12,0.2,0.12,0.19,Conspecific Null,STT0,5,28,8,7,0.02027027,15,740,T,T,1,0,1,26,66,1,725,4,S,9,19,0.277777778
707,B27,512227,ST,10:24,65,0,12,35,0,16,LW,D,,Oct-10-2023,2023,10,10,0.184615385,0.457142857,0.11,0.17,0.15,0.19,Allospecific Control,STHC,5,100,14,15,0.054613936,29,531,T,H,0,1,1,27,67,1,502,4,S,28,72,0.184615385
708,B28,512228,ST,10:25,90,0,24,32,0,13,LW,D,,Oct-10-2023,2023,10,10,0.266666667,0.40625,0.12,0.17,0.14,0.19,Allospecific Null,STH0,5,122,23,19,0.059914408,42,701,T,H,1,1,1,28,68,1,659,4,S,37,85,0.266666667
709,B29,512229,ST,10:26,0,0,0,0,0,0,LW,D,,Oct-10-2023,2023,10,10,0,0,0,0,0,0,Allospecific Null,STH0,5,0,0,0,#DIV/0!,0,0,T,H,1,1,1,29,69,1,0,4,S,0,0,0
710,B30,512230,ST,10:27,4,0,3,27,0,15,LW,D,,Oct-10-2023,2023,10,10,0.75,0.555555556,0.16,0.17,0.15,0.18,Conspecific Null,STT0,5,31,10,7,0.019744483,17,861,T,T,1,0,1,30,70,1,844,4,S,18,13,0.75
711,B31,512231,ST,10:28,30,0,15,21,0,6,LW,D,,Oct-10-2023,2023,10,10,0.5,0.285714286,0.16,0.17,0.15,0.2,Conspecific Null,STT0,5,51,11,13,0.051282051,24,468,T,T,1,0,1,31,71,1,444,4,S,21,30,0.5
712,B32,512232,ST,10:29,29,0,8,22,0,9,LW,D,,Oct-10-2023,2023,10,10,0.275862069,0.409090909,0.11,0.14,0.11,0.16,Allospecific Null,STH0,5,51,4,4,0.013582343,8,589,T,H,1,1,1,32,72,1,581,4,S,17,34,0.275862069
713,B33,512233,ST,10:30,53,0,23,23,0,5,LW,D,,Oct-10-2023,2023,10,10,0.433962264,0.217391304,0.12,0.23,0.15,0.21,Conspecific Control,STTC,5,76,11,12,0.027611044,23,833,T,T,0,0,1,33,73,1,810,4,S,28,48,0.433962264
714,B34,512234,ST,10:31,84,0,34,113,0,40,LW,D,,Oct-10-2023,2023,10,10,0.404761905,0.353982301,0.13,0.21,0.12,0.19,Allospecific Control,STHC,5,197,20,16,0.071005917,36,507,T,H,0,1,1,34,74,1,471,4,S,74,123,0.404761905
715,B35,512235,ST,10:32,89,0,31,101,0,37,LW,D,,Oct-10-2023,2023,10,10,0.348314607,0.366336634,0.13,0.16,0.13,0.18,Allospecific Control,STHC,5,190,31,28,0.102787456,59,574,T,H,0,1,1,35,75,1,515,4,S,68,122,0.348314607
716,B36,512236,ST,10:33,74,0,28,140,0,54,LW,D,,Oct-10-2023,2023,10,10,0.378378378,0.385714286,0.12,0.21,0.12,0.19,Conspecific Control,STTC,5,214,24,22,0.051743532,46,889,T,T,0,0,1,36,76,1,843,4,S,82,132,0.378378378
717,B37,512237,ST,10:34,127,0,31,129,0,55,LW,D,,Oct-10-2023,2023,10,10,0.244094488,0.426356589,0.11,0.15,0.12,0.16,Conspecific Null,STT0,5,256,12,12,0.023809524,24,1008,T,T,1,0,1,37,77,1,984,4,S,86,170,0.244094488
718,B38,512238,ST,10:35,78,0,24,245,0,61,LW,D,,Oct-10-2023,2023,10,10,0.307692308,0.248979592,0.16,0.16,0.17,0.16,Conspecific Control,STTC,5,323,7,6,0.014348786,13,906,T,T,0,0,1,38,78,1,893,4,S,85,238,0.307692308
719,B39,512239,ST,10:36,96,0,51,56,0,26,LW,D,,Oct-10-2023,2023,10,10,0.53125,0.464285714,0.14,0.19,0.15,0.19,Allospecific Null,STH0,5,152,17,16,0.051805338,33,637,T,H,1,1,1,39,79,1,604,4,S,77,75,0.53125
720,B40,512240,ST,10:37,51,0,25,36,0,19,LW,D,,Oct-10-2023,2023,10,10,0.490196078,0.527777778,0.13,0.17,0.13,0.17,Allospecific Null,STH0,5,87,12,11,0.020909091,23,1100,T,H,1,1,1,40,80,1,1077,4,S,44,43,0.490196078
721,C01,512301,MH,10:38,72,0,23,84,0,39,LW,D,,Oct-10-2023,2023,10,10,0.319444444,0.464285714,0.12,0.16,0.16,0.17,Allospecific Null,MHT0,5,156,15,18,0.056313993,33,586,H,T,1,1,2,1,81,1,553,4,M,62,94,0.319444444
722,C02,512302,MH,10:40,149,0,54,152,0,57,LW,D,,Oct-10-2023,2023,10,10,0.362416107,0.375,0.13,0.16,0.15,0.18,Allospecific Control,MHTC,5,301,17,20,0.049531459,37,747,H,T,0,1,2,2,82,1,710,4,M,111,190,0.362416107
723,C03,512303,MH,10:42,195,0,77,65,0,25,LW,D,,Oct-10-2023,2023,10,10,0.394871795,0.384615385,0.11,0.18,0.15,0.19,Conspecific Control,MHHC,5,260,19,18,0.094387755,37,392,H,H,0,0,2,3,83,1,355,4,M,102,158,0.394871795
724,C04,512304,MH,10:44,124,0,51,95,0,20,LW,D,,Oct-10-2023,2023,10,10,0.411290323,0.210526316,0.14,0.16,0.15,0.17,Allospecific Null,MHT0,5,219,19,20,0.085903084,39,454,H,T,1,1,2,4,84,1,415,4,M,71,148,0.411290323
725,C05,512305,MH,10:46,47,0,12,28,0,7,LW,D,,Oct-10-2023,2023,10,10,0.255319149,0.25,0.13,0.15,0.14,0.15,Conspecific Control,MHHC,5,75,14,15,0.061571125,29,471,H,H,0,0,2,5,85,1,442,4,M,19,56,0.255319149
726,C06,512306,MH,10:48,107,0,53,87,0,30,LW,D,,Oct-10-2023,2023,10,10,0.495327103,0.344827586,0.14,0.18,0.18,0.19,Allospecific Null,MHT0,5,194,18,16,0.06614786,34,514,H,T,1,1,2,6,86,1,480,4,M,83,111,0.495327103
727,C07,512307,MH,10:50,134,0,41,50,0,17,LW,D,,Oct-10-2023,2023,10,10,0.305970149,0.34,0.12,0.15,0.16,0.17,Allospecific Control,MHTC,5,184,5,5,0.010604454,10,943,H,T,0,1,2,7,87,1,933,4,M,58,126,0.305970149
728,C08,512308,MH,10:52,69,0,28,29,0,5,LW,D,,Oct-10-2023,2023,10,10,0.405797101,0.172413793,0.13,0.14,0.13,0.15,Conspecific Null,MHH0,5,98,34,31,0.056570931,65,1149,H,H,1,0,2,8,88,1,1084,4,M,33,65,0.405797101
729,C09,512309,MH,10:54,126,0,53,150,0,28,LW,D,,Oct-10-2023,2023,10,10,0.420634921,0.186666667,0.14,0.15,0.17,0.18,Conspecific Control,MHHC,5,276,21,19,0.034246575,40,1168,H,H,0,0,2,9,89,1,1128,4,M,81,195,0.420634921
730,C10,512310,MH,10:56,160,0,68,131,0,26,LW,D,,Oct-10-2023,2023,10,10,0.425,0.198473282,0.12,0.14,0.17,0.17,Allospecific Control,MHTC,5,291,9,8,0.025914634,17,656,H,T,0,1,2,10,90,1,639,4,M,94,197,0.425
731,C11,512311,MH,10:58,228,0,51,76,0,27,LW,D,,Oct-10-2023,2023,10,10,0.223684211,0.355263158,0.12,0.17,0.19,0.19,Allospecific Null,MHT0,5,304,24,25,0.075038285,49,653,H,T,1,1,2,11,91,1,604,4,M,78,226,0.223684211
732,C12,512312,MH,11:00,182,0,59,69,0,29,LW,D,,Oct-10-2023,2023,10,10,0.324175824,0.420289855,0.11,0.2,0.16,0.19,Conspecific Null,MHH0,5,251,33,25,0.041968162,58,1382,H,H,1,0,2,12,92,1,1324,4,M,88,163,0.324175824
733,C13,512313,MH,11:02,51,0,10,10,0,2,LW,D,,Oct-10-2023,2023,10,10,0.196078431,0.2,0.12,0.19,0.16,0.2,Conspecific Control,MHHC,5,61,34,32,0.075601375,66,873,H,H,0,0,2,13,93,1,807,4,M,12,49,0.196078431
734,C14,512314,MH,11:04,152,0,48,60,0,17,LW,D,,Oct-10-2023,2023,10,10,0.315789474,0.283333333,0.15,0.15,0.17,0.17,Conspecific Control,MHHC,5,212,30,27,0.086494689,57,659,H,H,0,0,2,14,94,1,602,4,M,65,147,0.315789474
735,C15,512315,MH,11:06,173,0,55,74,0,38,LW,D,,Oct-10-2023,2023,10,10,0.317919075,0.513513514,0.14,0.16,0.18,0.18,Conspecific Null,MHH0,5,247,25,22,0.05994898,47,784,H,H,1,0,2,15,95,1,737,4,M,93,154,0.317919075
736,C16,512316,MH,11:08,134,0,41,29,0,9,LW,D,,Oct-10-2023,2023,10,10,0.305970149,0.310344828,0.12,0.18,0.16,0.18,Conspecific Null,MHH0,5,163,19,18,0.078723404,37,470,H,H,1,0,2,16,96,1,433,4,M,50,113,0.305970149
737,C17,512317,MH,11:10,197,0,65,118,0,38,LW,D,,Oct-10-2023,2023,10,10,0.329949239,0.322033898,0.13,0.18,0.19,0.19,Allospecific Null,MHT0,5,315,25,20,0.060483871,45,744,H,T,1,1,2,17,97,1,699,4,M,103,212,0.329949239
738,C18,512318,MH,11:12,126,0,52,73,0,35,LW,D,,Oct-10-2023,2023,10,10,0.412698413,0.479452055,0.12,0.21,0.19,0.2,Conspecific Null,MHH0,5,199,43,38,0.100247525,81,808,H,H,1,0,2,18,98,1,727,4,M,87,112,0.412698413
739,C19,512319,MH,11:14,41,0,14,15,0,6,LW,D,,Oct-10-2023,2023,10,10,0.341463415,0.4,0.15,0.19,0.17,0.2,Allospecific Null,MHT0,5,56,24,21,0.051252847,45,878,H,T,1,1,2,19,99,1,833,4,M,20,36,0.341463415
740,C20,512320,MH,11:16,81,0,23,77,0,19,LW,D,,Oct-10-2023,2023,10,10,0.283950617,0.246753247,0.16,0.21,0.19,0.22,Conspecific Null,MHH0,5,158,30,30,0.047058824,60,1275,H,H,1,0,2,20,100,1,1215,4,M,42,116,0.283950617
741,C21,512321,MH,11:18,101,0,19,52,0,15,LW,D,,Oct-10-2023,2023,10,10,0.188118812,0.288461538,0.13,0.2,0.18,0.21,Conspecific Null,MHH0,5,153,22,23,0.040983607,45,1098,H,H,1,0,2,21,101,1,1053,4,M,34,119,0.188118812
742,C22,512322,MH,11:20,81,0,30,36,0,9,LW,D,,Oct-10-2023,2023,10,10,0.37037037,0.25,0.14,0.21,0.19,0.19,Conspecific Control,MHHC,5,117,13,17,0.046224961,30,649,H,H,0,0,2,22,102,1,619,4,M,39,78,0.37037037
743,C23,512323,MH,11:21,164,0,37,124,0,30,LW,D,,Oct-10-2023,2023,10,10,0.225609756,0.241935484,0.14,0.17,0.16,0.18,Allospecific Null,MHT0,5,288,29,16,0.043731778,45,1029,H,T,1,1,2,23,103,1,984,4,M,67,221,0.225609756
744,C24,512324,MH,11:22,146,0,69,144,0,21,LW,D,,Oct-10-2023,2023,10,10,0.47260274,0.145833333,0.13,0.19,0.19,0.18,Allospecific Null,MHT0,5,290,21,20,0.130573248,41,314,H,T,1,1,2,24,104,1,273,4,M,90,200,0.47260274
745,C25,512325,MH,11:23,112,0,39,57,0,25,LW,D,,Oct-10-2023,2023,10,10,0.348214286,0.438596491,0.13,0.17,0.17,0.18,Conspecific Control,MHHC,5,169,17,14,0.065400844,31,474,H,H,0,0,2,25,105,1,443,4,M,64,105,0.348214286
746,C26,512326,MH,11:24,95,0,30,88,0,45,LW,D,,Oct-10-2023,2023,10,10,0.315789474,0.511363636,0.12,0.14,0.17,0.18,Conspecific Null,MHH0,5,183,11,11,0.038327526,22,574,H,H,1,0,2,26,106,1,552,4,M,75,108,0.315789474
747,C27,512327,MH,11:25,32,0,8,13,0,5,LW,D,,Oct-10-2023,2023,10,10,0.25,0.384615385,0.13,0.17,0.14,0.16,Allospecific Null,MHT0,5,45,16,9,0.040257649,25,621,H,T,1,1,2,27,107,1,596,4,M,13,32,0.25
748,C28,512328,MH,11:26,87,0,31,44,0,12,LW,D,,Oct-10-2023,2023,10,10,0.356321839,0.272727273,0.14,0.18,0.15,0.19,Allospecific Control,MHTC,5,131,10,6,0.023054755,16,694,H,T,0,1,2,28,108,1,678,4,M,43,88,0.356321839
749,C29,512329,MH,12:30,123,0,31,52,0,10,LW,D,,Oct-10-2023,2023,10,10,0.25203252,0.192307692,0.14,0.18,0.16,0.17,Conspecific Control,MHHC,5,175,17,22,0.049118388,39,794,H,H,0,0,2,29,109,1,755,4,M,41,134,0.25203252
750,C30,512330,MH,12:31,136,0,46,99,0,32,LW,D,,Oct-10-2023,2023,10,10,0.338235294,0.323232323,0.13,0.18,0.14,0.18,Allospecific Control,MHTC,5,235,6,10,0.027072758,16,591,H,T,0,1,2,30,110,1,575,4,M,78,157,0.338235294
751,C31,512331,MH,12:33,124,0,48,99,0,17,LW,D,,Oct-10-2023,2023,10,10,0.387096774,0.171717172,0.17,0.2,0.18,0.22,Conspecific Control,MHHC,5,223,17,10,0.042789223,27,631,H,H,0,0,2,31,111,1,604,4,M,65,158,0.387096774
752,C32,512332,MH,12:35,94,0,18,178,0,37,LW,D,,Oct-10-2023,2023,10,10,0.191489362,0.207865169,0.12,0.15,0.15,0.15,Conspecific Null,MHH0,5,272,23,24,0.099787686,47,471,H,H,1,0,2,32,112,1,424,4,M,55,217,0.191489362
753,C33,512333,MH,12:37,178,0,23,37,0,21,LW,D,,Oct-10-2023,2023,10,10,0.129213483,0.567567568,0.14,0.15,0.14,0.17,Allospecific Control,MHTC,5,215,32,21,0.086601307,53,612,H,T,0,1,2,33,113,1,559,4,M,44,171,0.129213483
754,C34,512334,MH,12:39,100,0,21,75,0,39,LW,D,,Oct-10-2023,2023,10,10,0.21,0.52,0.13,0.16,0.14,0.16,Allospecific Control,MHTC,5,175,29,22,0.127819549,51,399,H,T,0,1,2,34,114,1,348,4,M,60,115,0.21
755,C35,512335,MH,12:41,113,0,31,78,0,26,LW,D,,Oct-10-2023,2023,10,10,0.274336283,0.333333333,0.13,0.16,0.19,0.16,Allospecific Null,MHT0,5,191,20,21,0.052903226,41,775,H,T,1,1,2,35,115,1,734,4,M,57,134,0.274336283
756,C36,512336,MH,12:43,163,0,45,94,0,46,LW,D,,Oct-10-2023,2023,10,10,0.27607362,0.489361702,0.15,0.16,0.19,0.18,Allospecific Control,MHTC,5,257,31,32,0.083003953,63,759,H,T,0,1,2,36,116,1,696,4,M,91,166,0.27607362
757,C37,512337,MH,12:45,69,0,14,111,0,21,LW,D,,Oct-10-2023,2023,10,10,0.202898551,0.189189189,0.12,0.17,0.17,0.21,Conspecific Control,MHHC,5,180,16,14,0.041841004,30,717,H,H,0,0,2,37,117,1,687,4,M,35,145,0.202898551
758,C38,512338,MH,12:47,141,0,35,134,0,69,LW,D,,Oct-10-2023,2023,10,10,0.24822695,0.514925373,0.13,0.17,0.2,0.18,Conspecific Null,MHH0,5,275,14,13,0.043269231,27,624,H,H,1,0,2,38,118,1,597,4,M,104,171,0.24822695
759,C39,512339,MH,12:49,144,0,52,111,0,59,LW,D,,Oct-10-2023,2023,10,10,0.361111111,0.531531532,0.13,0.19,0.15,0.18,Allospecific Control,MHTC,5,255,33,37,0.143737166,70,487,H,T,0,1,2,39,119,1,417,4,M,111,144,0.361111111
760,C40,512340,MH,12:51,65,0,20,48,0,23,LW,D,,Oct-10-2023,2023,10,10,0.307692308,0.479166667,0.14,0.18,0.2,0.22,Allospecific Control,MHTC,5,113,24,18,0.216494845,42,194,H,T,0,1,2,40,120,1,152,4,M,43,70,0.307692308
761,D01,512401,MT,12:53,189,0,18,112,0,44,LW,D,,Oct-10-2023,2023,10,10,0.095238095,0.392857143,0.16,0.2,0.17,0.2,Conspecific Null,MTT0,5,301,25,23,0.091603053,48,524,T,T,1,0,3,1,121,1,476,4,M,62,239,0.095238095
762,D02,512402,MT,12:55,14,0,8,4,0,2,LW,D,,Oct-10-2023,2023,10,10,0.571428571,0.5,0.16,0.19,0.19,0.23,Conspecific Null,MTT0,5,18,41,55,1,36,36,T,T,1,0,3,2,122,1,60,4,M,10,8,0.571428571
763,D03,512403,MT,12:57,30,0,5,30,0,6,LW,D,,Oct-10-2023,2023,10,10,0.166666667,0.2,0.15,0.21,0.17,0.21,Conspecific Control,MTTC,5,60,15,13,0.033939394,28,825,T,T,0,0,3,3,123,1,797,4,M,11,49,0.166666667
764,D04,512404,MT,12:59,85,0,12,33,0,15,LW,D,,Oct-10-2023,2023,10,10,0.141176471,0.454545455,0.18,0.21,0.19,0.17,Allospecific Null,MTH0,5,118,31,31,0.058052434,62,1068,T,H,1,1,3,4,124,1,1006,4,M,27,91,0.141176471
765,D05,512405,MT,13:01,161,0,64,96,0,35,LW,D,,Oct-10-2023,2023,10,10,0.397515528,0.364583333,0.14,0.17,0.17,0.21,Conspecific Null,MTT0,5,257,16,15,0.032157676,31,964,T,T,1,0,3,5,125,1,933,4,M,99,158,0.397515528
766,D06,512406,MT,13:03,93,0,26,94,0,35,LW,D,,Oct-10-2023,2023,10,10,0.279569892,0.372340426,0.17,0.19,0.19,0.21,Conspecific Control,MTTC,5,187,14,14,0.083333333,28,336,T,T,0,0,3,6,126,1,308,4,M,61,126,0.279569892
767,D07,512407,MT,13:05,151,0,26,82,0,27,LW,D,,Oct-10-2023,2023,10,10,0.17218543,0.329268293,0.14,0.21,0.14,0.21,Allospecific Control,MTHC,5,233,33,33,0.222222222,66,297,T,H,0,1,3,7,127,1,231,4,M,53,180,0.17218543
768,D08,512408,MT,13:07,316,0,52,250,0,41,LW,D,,Oct-10-2023,2023,10,10,0.164556962,0.164,0.2,0.2,0.22,0.23,Conspecific Null,MTT0,5,566,18,21,0.049681529,39,785,T,T,1,0,3,8,128,1,746,4,M,93,473,0.164556962
769,D09,512409,MT,13:09,246,0,103,196,0,51,LW,D,,Oct-10-2023,2023,10,10,0.418699187,0.260204082,0.21,0.18,0.2,0.23,Conspecific Control,MTTC,5,442,54,46,0.131061599,100,763,T,T,0,0,3,9,129,1,663,4,M,154,288,0.418699187
770,D10,512410,MT,13:11,102,0,19,37,0,26,LW,D,,Oct-10-2023,2023,10,10,0.18627451,0.702702703,0.2,0.2,0.16,0.21,Allospecific Control,MTHC,5,139,44,45,0.148086522,89,601,T,H,0,1,3,10,130,1,512,4,M,45,94,0.18627451
771,D11,512411,MT,13:13,155,0,56,115,0,27,LW,D,,Oct-10-2023,2023,10,10,0.361290323,0.234782609,0.14,0.2,0.15,0.22,Conspecific Control,MTTC,5,270,33,29,0.108202443,62,573,T,T,0,0,3,11,131,1,511,4,M,83,187,0.361290323
772,D24,512424,MT,13:33,16,0,6,12,0,7,LW,D,,Oct-10-2023,2023,10,10,0.375,0.583333333,0.23,0.23,0.22,0.19,Conspecific Null,MTT0,5,28,23,24,0.062169312,47,756,T,T,1,0,3,24,144,1,709,4,M,13,15,0.375
773,D13,512413,MT,13:17,184,0,63,111,0,46,LW,D,,Oct-10-2023,2023,10,10,0.342391304,0.414414414,0.13,0.2,0.14,0.2,Allospecific Null,MTH0,5,295,34,34,0.273092369,68,249,T,H,1,1,3,13,133,1,181,4,M,109,186,0.342391304
774,D14,512414,MT,13:19,219,0,25,362,0,53,LW,D,,Oct-10-2023,2023,10,10,0.114155251,0.14640884,0.18,0.19,0.21,0.23,Conspecific Control,MTTC,5,581,31,23,0.07366985,54,733,T,T,0,0,3,14,134,1,679,4,M,78,503,0.114155251
775,D15,512415,MT,13:21,136,0,53,140,0,52,LW,D,,Oct-10-2023,2023,10,10,0.389705882,0.371428571,0.16,0.21,0.16,0.19,Allospecific Null,MTH0,5,276,25,25,0.081168831,50,616,T,H,1,1,3,15,135,1,566,4,M,105,171,0.389705882
776,D16,512416,MT,13:23,52,0,24,52,0,10,LW,D,,Oct-10-2023,2023,10,10,0.461538462,0.192307692,0.19,0.25,0.22,0.26,Allospecific Control,MTHC,5,104,37,36,0.084295612,73,866,T,H,0,1,3,16,136,1,793,4,M,34,70,0.461538462
777,D17,512417,MT,13:25,116,0,77,143,0,56,LW,D,,Oct-10-2023,2023,10,10,0.663793103,0.391608392,0.16,0.18,0.17,0.19,Allospecific Control,MTHC,5,259,15,15,0.070257611,30,427,T,H,0,1,3,17,137,1,397,4,M,133,126,0.663793103
778,D18,512418,MT,13:27,43,0,13,72,0,32,LW,D,,Oct-10-2023,2023,10,10,0.302325581,0.444444444,0.16,0.19,0.15,0.22,Allospecific Null,MTH0,5,115,32,29,0.2,61,305,T,H,1,1,3,18,138,1,244,4,M,45,70,0.302325581
779,D19,512419,MT,13:28,56,0,26,50,0,22,LW,D,,Oct-10-2023,2023,10,10,0.464285714,0.44,0.16,0.16,0.16,0.17,Allospecific Null,MTH0,5,106,22,17,0.061708861,39,632,T,H,1,1,3,19,139,1,593,4,M,48,58,0.464285714
780,D20,512420,MT,13:29,102,0,27,23,0,4,LW,D,,Oct-10-2023,2023,10,10,0.264705882,0.173913043,0.14,0.22,0.15,0.17,Conspecific Control,MTTC,5,125,45,50,0.172727273,95,550,T,T,0,0,3,20,140,1,455,4,M,31,94,0.264705882
781,D21,512421,MT,13:30,78,0,23,89,0,16,LW,D,,Oct-10-2023,2023,10,10,0.294871795,0.179775281,0.18,0.25,0.17,0.24,Conspecific Null,MTT0,5,167,29,23,0.097014925,52,536,T,T,1,0,3,21,141,1,484,4,M,39,128,0.294871795
782,D22,512422,MT,13:31,95,0,31,159,0,49,LW,D,,Oct-10-2023,2023,10,10,0.326315789,0.308176101,0.2,0.22,0.21,0.23,Allospecific Control,MTHC,5,254,20,25,0.038297872,45,1175,T,H,0,1,3,22,142,1,1130,4,M,80,174,0.326315789
783,D23,512423,MT,13:32,116,0,38,23,0,8,LW,D,,Oct-10-2023,2023,10,10,0.327586207,0.347826087,0.19,0.18,0.2,0.2,Allospecific Null,MTH0,5,139,5,7,0.031168831,12,385,T,H,1,1,3,23,143,1,373,4,M,46,93,0.327586207
784,D24,512424,MT,13:33,16,0,6,12,0,7,LW,D,,Oct-10-2023,2023,10,10,0.375,0.583333333,0.23,0.23,0.22,0.19,Conspecific Null,MTT0,5,28,14,20,0.255639098,34,133,T,T,1,0,3,24,144,1,99,4,M,13,15,0.375
785,D25,512425,MT,13:34,276,0,73,175,0,65,LW,D,,Oct-10-2023,2023,10,10,0.264492754,0.371428571,0.15,0.2,0.17,0.2,Conspecific Control,MTTC,5,451,13,15,0.0304679,28,919,T,T,0,0,3,25,145,1,891,4,M,138,313,0.264492754
786,D26,512426,MT,13:35,198,0,58,225,0,34,LW,D,,Oct-10-2023,2023,10,10,0.292929293,0.151111111,0.17,0.19,0.16,0.17,Conspecific Control,MTTC,5,423,18,16,0.025679758,34,1324,T,T,0,0,3,26,146,1,1290,4,M,92,331,0.292929293
787,D27,512427,MT,13:36,57,0,30,39,0,18,LW,D,,Oct-10-2023,2023,10,10,0.526315789,0.461538462,0.15,0.26,0.18,0.21,Allospecific Control,MTHC,5,96,21,25,0.092929293,46,495,T,H,0,1,3,27,147,1,449,4,M,48,48,0.526315789
788,D28,512428,MT,13:37,106,0,44,49,0,22,LW,D,,Oct-10-2023,2023,10,10,0.41509434,0.448979592,0.15,0.21,0.17,0.23,Allospecific Control,MTHC,5,155,28,28,0.142857143,56,392,T,H,0,1,3,28,148,1,336,4,M,66,89,0.41509434
789,D29,512429,MT,13:38,49,0,21,22,0,9,LW,D,,Oct-10-2023,2023,10,10,0.428571429,0.409090909,0.17,0.17,0.16,0.19,Conspecific Null,MTT0,5,71,14,16,0.056285178,30,533,T,T,1,0,3,29,149,1,503,4,M,30,41,0.428571429
790,D30,512430,MT,13:39,64,0,34,69,0,29,LW,D,,Oct-10-2023,2023,10,10,0.53125,0.420289855,0.15,0.22,0.14,0.25,Allospecific Null,MTH0,5,133,30,33,0.258196721,63,244,T,H,1,1,3,30,150,1,181,4,M,63,70,0.53125
791,D31,512431,MT,13:40,76,0,45,104,0,30,LW,D,,Oct-10-2023,2023,10,10,0.592105263,0.288461538,0.14,0.23,0.14,0.2,Allospecific Null,MTH0,5,180,14,20,0.03655914,34,930,T,H,1,1,3,31,151,1,896,4,M,75,105,0.592105263
792,D32,512432,MT,13:41,101,0,33,173,0,68,LW,D,,Oct-10-2023,2023,10,10,0.326732673,0.393063584,0.21,0.17,0.22,0.15,Conspecific Null,MTT0,5,274,35,27,0.078680203,62,788,T,T,1,0,3,32,152,1,726,4,M,101,173,0.326732673
793,D33,512433,MT,15:45,122,0,27,95,0,33,LW,D,,Oct-10-2023,2023,10,10,0.221311475,0.347368421,0.15,0.17,0.14,0.14,Allospecific Control,MTHC,5,217,23,31,0.065217391,54,828,T,H,0,1,3,33,153,1,774,4,M,60,157,0.221311475
794,D34,512434,MT,15:46,103,0,31,152,0,46,LW,D,,Oct-10-2023,2023,10,10,0.300970874,0.302631579,0.14,0.24,0.17,0.23,Conspecific Control,MTTC,5,255,31,23,0.046915725,54,1151,T,T,0,0,3,34,154,1,1097,4,M,77,178,0.300970874
795,D35,512435,MT,15:47,223,0,99,153,0,60,LW,D,,Oct-10-2023,2023,10,10,0.443946188,0.392156863,0.18,0.2,0.2,0.19,Allospecific Null,MTH0,5,376,11,12,0.030383091,23,757,T,H,1,1,3,35,155,1,734,4,M,159,217,0.443946188
796,D36,512436,MT,15:48,57,0,31,146,0,16,LW,D,,Oct-10-2023,2023,10,10,0.543859649,0.109589041,0.2,0.18,0.2,0.21,Allospecific Null,MTH0,5,203,26,32,0.111111111,58,522,T,H,1,1,3,36,156,1,464,4,M,47,156,0.543859649
797,D37,512437,MT,15:49,42,0,22,73,0,23,LW,D,,Oct-10-2023,2023,10,10,0.523809524,0.315068493,0.11,0.21,0.14,0.26,Allospecific Control,MTHC,5,115,23,26,0.118932039,49,412,T,H,0,1,3,37,157,1,363,4,M,45,70,0.523809524
798,D38,512438,MT,15:50,102,0,31,77,0,13,LW,D,,Oct-10-2023,2023,10,10,0.303921569,0.168831169,0.14,0.17,0.18,0.19,Allospecific Control,MTHC,5,179,22,21,0.039233577,43,1096,T,H,0,1,3,38,158,1,1053,4,M,44,135,0.303921569
799,D39,512439,MT,15:51,154,0,77,24,0,16,LW,D,,Oct-10-2023,2023,10,10,0.5,0.666666667,0.16,0.23,0.21,0.25,Conspecific Control,MTTC,5,178,15,18,0.027027027,33,1221,T,T,0,0,3,39,159,1,1188,4,M,93,85,0.5
800,D40,512440,MT,15:52,111,0,40,150,0,58,LW,D,,Oct-10-2023,2023,10,10,0.36036036,0.386666667,0.12,0.16,0.13,0.16,Conspecific Null,MTT0,5,261,21,20,0.045758929,41,896,T,T,1,0,3,40,160,1,855,4,M,98,163,0.36036036
801,A01,612101,SH,08:31,71,0,30,57,0,26,LW,D,,Oct-22-2023,2023,10,22,0.422535211,0.456140351,0.18,0.18,0.17,0.18,Conspecific Null,SHH0,6,128,7,16,0.046843177,23,491,H,H,1,0,0,1,1,1,468,5,S,56,72,0.422535211
802,A02,612102,SH,08:32,52,0,27,161,0,21,LW,D,,Oct-22-2023,2023,10,22,0.519230769,0.130434783,0.18,0.21,0.16,0.21,Conspecific Control,SHHC,6,213,48,33,0.166666667,81,486,H,H,0,0,0,2,2,1,405,5,S,48,165,0.519230769
803,A03,612103,SH,08:33,143,0,52,120,0,34,LW,D,,Oct-22-2023,2023,10,22,0.363636364,0.283333333,0.15,0.15,0.15,0.14,Allospecific Control,SHTC,6,263,30,28,0.088280061,58,657,H,T,0,1,0,3,3,1,599,5,S,86,177,0.363636364
804,A04,612104,SH,08:34,12,0,8,25,0,10,LW,D,,Oct-22-2023,2023,10,22,0.666666667,0.4,0.17,0.23,0.15,0.21,Allospecific Null,SHT0,6,37,10,10,0.026041667,20,768,H,T,1,1,0,4,4,1,748,5,S,18,19,0.666666667
805,A05,612105,SH,08:35,44,0,17,54,0,26,LW,D,,Oct-22-2023,2023,10,22,0.386363636,0.481481481,0.18,0.18,0.16,0.18,Allospecific Null,SHT0,6,98,63,47,0.058201058,110,1890,H,T,1,1,0,5,5,1,1780,5,S,43,55,0.386363636
806,A06,612106,SH,08:36,55,0,8,58,0,21,LW,D,,Oct-22-2023,2023,10,22,0.145454545,0.362068966,0.15,0.17,0.16,0.22,Allospecific Control,SHTC,6,113,13,18,0.04505814,31,688,H,T,0,1,0,6,6,1,657,5,S,29,84,0.145454545
807,A07,612107,SH,08:37,34,0,19,68,0,23,LW,D,,Oct-22-2023,2023,10,22,0.558823529,0.338235294,0.16,0.18,0.15,0.2,Conspecific Control,SHHC,6,102,55,21,0.053710247,76,1415,H,H,0,0,0,7,7,1,1339,5,S,42,60,0.558823529
808,A08,612108,SH,08:38,55,0,11,60,0,18,LW,D,,Oct-22-2023,2023,10,22,0.2,0.3,0.17,0.24,0.2,0.23,Conspecific Null,SHH0,6,115,49,38,0.084384093,87,1031,H,H,1,0,0,8,8,1,944,5,S,29,86,0.2
809,A09,612109,SH,08:39,97,0,36,78,0,22,LW,D,,Oct-22-2023,2023,10,22,0.371134021,0.282051282,0.13,0.18,0.17,0.22,Allospecific Control,SHTC,6,175,36,28,0.080503145,64,795,H,T,0,1,0,9,9,1,731,5,S,58,117,0.371134021
810,A10,612110,SH,08:40,1,0,1,2,0,1,LW,D,,Oct-22-2023,2023,10,22,1,0.5,0.17,0.2,0.15,0.2,Conspecific Null,SHH0,6,3,20,80,1,24,24,H,H,1,0,0,10,10,1,76,5,S,2,1,1
811,A11,612111,SH,08:41,156,0,55,91,0,54,LW,D,,Oct-22-2023,2023,10,22,0.352564103,0.593406593,0.12,0.14,0.12,0.15,Conspecific Control,SHHC,6,247,35,29,0.103727715,64,617,H,H,0,0,0,11,11,1,553,5,S,109,138,0.352564103
812,A12,612112,SH,08:42,96,0,13,101,0,44,LW,D,,Oct-22-2023,2023,10,22,0.135416667,0.435643564,0.17,0.15,0.17,0.18,Conspecific Null,SHH0,6,197,53,43,0.119551681,96,803,H,H,1,0,0,12,12,1,707,5,S,57,140,0.135416667
813,A13,612113,SH,08:43,50,0,31,33,0,6,LW,D,,Oct-22-2023,2023,10,22,0.62,0.181818182,0.15,0.2,0.14,0.2,Conspecific Null,SHH0,6,83,13,23,0.053412463,36,674,H,H,1,0,0,13,13,1,638,5,S,37,46,0.62
814,A14,612114,SH,08:44,117,0,46,113,0,22,LW,D,,Oct-22-2023,2023,10,22,0.393162393,0.194690265,0.12,0.14,0.14,0.16,Allospecific Control,SHTC,6,230,30,59,0.112801014,89,789,H,T,0,1,0,14,14,1,700,5,S,68,162,0.393162393
815,A15,612115,SH,08:45,86,0,23,191,0,52,LW,D,,Oct-22-2023,2023,10,22,0.26744186,0.272251309,0.15,0.15,0.14,0.15,Allospecific Null,SHT0,6,277,49,33,0.138513514,82,592,H,T,1,1,0,15,15,1,510,5,S,75,202,0.26744186
816,A16,612116,SH,08:46,92,0,40,208,0,30,LW,D,,Oct-22-2023,2023,10,22,0.434782609,0.144230769,0.15,0.16,0.12,0.15,Allospecific Control,SHTC,6,300,19,25,0.071544715,44,615,H,T,0,1,0,16,16,1,571,5,S,70,230,0.434782609
817,A17,612117,SH,08:47,155,0,28,90,0,53,LW,D,,Oct-22-2023,2023,10,22,0.180645161,0.588888889,0.16,0.16,0.18,0.16,Conspecific Control,SHHC,6,245,22,30,0.096474954,52,539,H,H,0,0,0,17,17,1,487,5,S,81,164,0.180645161
818,A18,612118,SH,08:48,135,0,54,95,0,47,LW,D,,Oct-22-2023,2023,10,22,0.4,0.494736842,0.12,0.17,0.16,0.15,Conspecific Control,SHHC,6,230,36,38,0.095238095,74,777,H,H,0,0,0,18,18,1,703,5,S,101,129,0.4
819,A19,612119,SH,08:50,175,0,16,123,0,34,LW,D,,Oct-22-2023,2023,10,22,0.091428571,0.276422764,0.13,0.14,0.13,0.11,Allospecific Null,SHT0,6,298,11,12,0.027479092,23,837,H,T,1,1,0,19,19,1,814,5,S,50,248,0.091428571
820,A20,612120,SH,08:52,46,0,19,55,0,17,LW,D,,Oct-22-2023,2023,10,22,0.413043478,0.309090909,0.13,0.17,0.15,0.17,Allospecific Control,SHTC,6,101,20,14,0.06640625,34,512,H,T,0,1,0,20,20,1,478,5,S,36,65,0.413043478
821,A21,612121,SH,08:54,143,0,74,103,0,29,LW,D,,Oct-22-2023,2023,10,22,0.517482517,0.281553398,0.16,0.16,0.16,0.16,Conspecific Control,SHHC,6,246,34,43,0.102941176,77,748,H,H,0,0,0,21,21,1,671,5,S,103,143,0.517482517
822,A22,612122,SH,08:56,148,0,29,121,0,26,LW,D,,Oct-22-2023,2023,10,22,0.195945946,0.214876033,0.16,0.18,0.15,0.2,Conspecific Null,SHH0,6,269,14,21,0.035823951,35,977,H,H,1,0,0,22,22,1,942,5,S,55,214,0.195945946
823,A23,612123,SH,08:58,74,0,14,53,0,17,LW,D,,Oct-22-2023,2023,10,22,0.189189189,0.320754717,0.16,0.2,0.2,0.24,Conspecific Null,SHH0,6,127,13,13,0.046594982,26,558,H,H,1,0,0,23,23,1,532,5,S,31,96,0.189189189
824,A24,612124,SH,09:00,95,0,16,59,0,15,LW,D,,Oct-22-2023,2023,10,22,0.168421053,0.254237288,0.13,0.18,0.14,0.18,Allospecific Null,SHT0,6,154,10,6,0.03712297,16,431,H,T,1,1,0,24,24,1,415,5,S,31,123,0.168421053
825,A25,612125,SH,09:02,48,0,25,54,0,25,LW,D,,Oct-22-2023,2023,10,22,0.520833333,0.462962963,0.12,0.23,0.13,0.21,Allospecific Control,SHTC,6,102,45,54,0.175221239,99,565,H,T,0,1,0,25,25,1,466,5,S,50,52,0.520833333
826,A26,612126,SH,09:04,109,0,33,161,0,87,LW,D,,Oct-22-2023,2023,10,22,0.302752294,0.540372671,0.16,0.16,0.16,0.17,Conspecific Control,SHHC,6,270,10,34,0.075601375,44,582,H,H,0,0,0,26,26,1,538,5,S,120,150,0.302752294
827,A27,612127,SH,09:06,199,0,36,271,0,38,LW,D,,Oct-22-2023,2023,10,22,0.180904523,0.140221402,0.17,0.16,0.2,0.18,Allospecific Null,SHT0,6,470,52,35,0.112987013,87,770,H,T,1,1,0,27,27,1,683,5,S,74,396,0.180904523
828,A28,612128,SH,09:08,144,0,46,130,0,43,LW,D,,Oct-22-2023,2023,10,22,0.319444444,0.330769231,0.12,0.16,0.13,0.19,Conspecific Control,SHHC,6,274,19,51,0.101744186,70,688,H,H,0,0,0,28,28,1,618,5,S,89,185,0.319444444
829,A29,612129,SH,09:10,93,0,50,119,0,43,LW,D,,Oct-22-2023,2023,10,22,0.537634409,0.361344538,0.12,0.16,0.13,0.15,Conspecific Null,SHH0,6,212,2,7,0.013293944,9,677,H,H,1,0,0,29,29,1,668,5,S,93,119,0.537634409
830,A30,612130,SH,09:12,28,0,8,37,0,11,LW,D,,Oct-22-2023,2023,10,22,0.285714286,0.297297297,0.14,0.28,0.13,0.19,Conspecific Null,SHH0,6,65,58,148,0.200389105,206,1028,H,H,1,0,0,30,30,1,822,5,S,19,46,0.285714286
831,A31,612131,SH,09:14,68,0,19,121,0,35,LW,D,,Oct-22-2023,2023,10,22,0.279411765,0.289256198,0.14,0.15,0.14,0.18,Allospecific Null,SHT0,6,189,56,8,0.109777015,64,583,H,T,1,1,0,31,31,1,519,5,S,54,135,0.279411765
832,A32,612132,SH,09:16,77,0,36,79,0,41,LW,D,,Oct-22-2023,2023,10,22,0.467532468,0.518987342,0.16,0.17,0.13,0.18,Allospecific Null,SHT0,6,156,43,24,0.120503597,67,556,H,T,1,1,0,32,32,1,489,5,S,77,79,0.467532468
833,A33,612133,SH,09:18,58,0,12,63,0,20,LW,D,,Oct-22-2023,2023,10,22,0.206896552,0.317460317,0.12,0.17,0.14,0.16,Conspecific Control,SHHC,6,121,100,65,0.389150943,165,424,H,H,0,0,0,33,33,1,259,5,S,32,89,0.206896552
834,A34,612134,SH,09:20,85,0,29,68,0,25,LW,D,,Oct-22-2023,2023,10,22,0.341176471,0.367647059,0.15,0.2,0.14,0.19,Conspecific Control,SHHC,6,153,31,40,0.116776316,71,608,H,H,0,0,0,34,34,1,537,5,S,54,99,0.341176471
835,A35,612135,SH,09:22,4,0,3,16,0,2,LW,D,,Oct-22-2023,2023,10,22,0.75,0.125,0.14,0.21,0.17,0.2,Allospecific Control,SHTC,6,20,27,47,0.870588235,74,85,H,T,0,1,0,35,35,1,11,5,S,5,15,0.75
836,A36,612136,SH,09:24,137,0,50,158,0,49,LW,D,,Oct-22-2023,2023,10,22,0.364963504,0.310126582,0.17,0.13,0.13,0.19,Allospecific Null,SHT0,6,295,63,36,0.173076923,99,572,H,T,1,1,0,36,36,1,473,5,S,99,196,0.364963504
837,A37,612137,SH,09:26,71,0,17,121,0,45,LW,D,,Oct-22-2023,2023,10,22,0.23943662,0.371900826,0.12,0.12,0.16,0.13,Allospecific Control,SHTC,6,192,50,37,0.141693811,87,614,H,T,0,1,0,37,37,1,527,5,S,62,130,0.23943662
838,A38,612138,SH,09:28,33,0,24,62,0,26,LW,D,,Oct-22-2023,2023,10,22,0.727272727,0.419354839,0.15,0.15,0.15,0.18,Allospecific Control,SHTC,6,95,6,9,0.02265861,15,662,H,T,0,1,0,38,38,1,647,5,S,50,45,0.727272727
839,A39,612139,SH,09:30,16,0,7,25,0,13,LW,D,,Oct-22-2023,2023,10,22,0.4375,0.52,0.18,0.22,0.16,0.2,Allospecific Null,SHT0,6,41,0,35,0.055821372,35,627,H,T,1,1,0,39,39,1,592,5,S,20,21,0.4375
840,A40,612140,SH,09:32,57,0,15,43,0,8,LW,D,,Oct-22-2023,2023,10,22,0.263157895,0.186046512,0.17,0.18,0.18,0.2,Conspecific Null,SHH0,6,100,75,21,0.305732484,96,314,H,H,1,0,0,40,40,1,218,5,S,23,77,0.263157895
841,B01,612201,ST,09:34,87,0,72,61,0,23,LW,D,,Oct-22-2023,2023,10,22,0.827586207,0.37704918,0.16,0.16,0.21,0.16,Conspecific Null,STT0,6,148,8,13,0.03008596,21,698,T,T,1,0,1,1,41,1,677,5,S,95,53,0.827586207
842,B02,612202,ST,09:36,41,0,14,48,0,21,LW,D,,Oct-22-2023,2023,10,22,0.341463415,0.4375,0.13,0.22,0.12,0.21,Allospecific Control,STHC,6,89,7,17,0.054054054,24,444,T,H,0,1,1,2,42,1,420,5,S,35,54,0.341463415
843,B03,612203,ST,09:38,167,0,45,176,0,41,LW,D,,Oct-22-2023,2023,10,22,0.269461078,0.232954545,0.12,0.16,0.11,0.17,Allospecific Control,STHC,6,343,17,13,0.05033557,30,596,T,H,0,1,1,3,43,1,566,5,S,86,257,0.269461078
844,B04,612204,ST,09:40,23,0,14,43,0,5,LW,D,,Oct-22-2023,2023,10,22,0.608695652,0.11627907,0.13,0.17,0.15,0.16,Allospecific Control,STHC,6,66,21,37,0.081575246,58,711,T,H,0,1,1,4,44,1,653,5,S,19,47,0.608695652
845,B05,612205,ST,09:42,133,0,31,317,0,17,LW,D,,Oct-22-2023,2023,10,22,0.233082707,0.05362776,0.12,0.17,0.12,0.16,Allospecific Control,STHC,6,450,49,34,0.144097222,83,576,T,H,0,1,1,5,45,1,493,5,S,48,402,0.233082707
846,B06,612206,ST,09:44,159,0,23,111,0,39,LW,D,,Oct-22-2023,2023,10,22,0.144654088,0.351351351,0.12,0.17,0.13,0.2,Allospecific Control,STHC,6,270,35,39,0.089805825,74,824,T,H,0,1,1,6,46,1,750,5,S,62,208,0.144654088
847,B07,612207,ST,09:46,113,0,52,144,0,17,LW,D,,Oct-22-2023,2023,10,22,0.460176991,0.118055556,0.13,0.16,0.12,0.14,Conspecific Control,STTC,6,257,36,31,0.080820265,67,829,T,T,0,0,1,7,47,1,762,5,S,69,188,0.460176991
848,B08,612208,ST,09:48,29,0,9,68,0,25,LW,D,,Oct-22-2023,2023,10,22,0.310344828,0.367647059,0.14,0.21,0.16,0.19,Conspecific Control,STTC,6,97,28,65,0.245382586,93,379,T,T,0,0,1,8,48,1,286,5,S,34,63,0.310344828
849,B09,612209,ST,09:50,44,0,11,80,0,12,LW,D,,Oct-22-2023,2023,10,22,0.25,0.15,0.14,0.18,0.14,0.2,Conspecific Null,STT0,6,124,17,14,0.036904762,31,840,T,T,1,0,1,9,49,1,809,5,S,23,101,0.25
850,B10,612210,ST,09:52,103,0,46,102,0,47,LW,D,,Oct-22-2023,2023,10,22,0.446601942,0.460784314,0.14,0.23,0.18,0.22,Conspecific Control,STTC,6,205,14,14,0.061403509,28,456,T,T,0,0,1,10,50,1,428,5,S,93,112,0.446601942
851,B11,612211,ST,09:54,96,0,30,155,0,74,LW,D,,Oct-22-2023,2023,10,22,0.3125,0.477419355,0.14,0.2,0.15,0.21,Allospecific Control,STHC,6,251,21,30,0.056043956,51,910,T,H,0,1,1,11,51,1,859,5,S,104,147,0.3125
852,B12,612212,ST,09:56,71,0,11,61,0,14,LW,D,,Oct-22-2023,2023,10,22,0.154929577,0.229508197,0.12,0.17,0.11,0.15,Allospecific Null,STH0,6,132,16,19,0.044871795,35,780,T,H,1,1,1,12,52,1,745,5,S,25,107,0.154929577
853,B13,612213,ST,09:58,31,0,7,21,0,6,LW,D,,Oct-22-2023,2023,10,22,0.225806452,0.285714286,0.14,0.18,0.12,0.2,Conspecific Null,STT0,6,52,23,31,0.048780488,54,1107,T,T,1,0,1,13,53,1,1053,5,S,13,39,0.225806452
854,B14,612214,ST,10:00,72,0,16,36,0,18,LW,D,,Oct-22-2023,2023,10,22,0.222222222,0.5,0.13,0.22,0.14,0.2,Conspecific Null,STT0,6,108,35,25,0.088757396,60,676,T,T,1,0,1,14,54,1,616,5,S,34,74,0.222222222
855,B15,612215,ST,10:02,41,0,13,34,0,11,LW,D,,Oct-22-2023,2023,10,22,0.317073171,0.323529412,0.12,0.21,0.12,0.21,Allospecific Control,STHC,6,75,66,63,0.179166667,129,720,T,H,0,1,1,15,55,1,591,5,S,24,51,0.317073171
856,B16,612216,ST,10:04,50,0,9,143,0,26,LW,D,,Oct-22-2023,2023,10,22,0.18,0.181818182,0.13,0.16,0.18,0.23,Conspecific Null,STT0,6,193,25,38,0.07875,63,800,T,T,1,0,1,16,56,1,737,5,S,35,158,0.18
857,B17,612217,ST,10:06,130,0,27,145,0,60,LW,D,,Oct-22-2023,2023,10,22,0.207692308,0.413793103,0.12,0.16,0.16,0.19,Conspecific Control,STTC,6,275,36,38,0.135283364,74,547,T,T,0,0,1,17,57,1,473,5,S,87,188,0.207692308
858,B18,612218,ST,10:08,133,0,25,207,0,62,LW,D,,Oct-22-2023,2023,10,22,0.187969925,0.299516908,0.12,0.18,0.14,0.16,Conspecific Null,STT0,6,340,36,62,0.103049422,98,951,T,T,1,0,1,18,58,1,853,5,S,87,253,0.187969925
859,B19,612219,ST,10:10,28,0,6,10,0,3,LW,D,,Oct-22-2023,2023,10,22,0.214285714,0.3,0.13,0.19,0.13,0.2,Conspecific Control,STTC,6,38,22,29,0.086294416,51,591,T,T,0,0,1,19,59,1,540,5,S,9,29,0.214285714
860,B20,612220,ST,10:12,39,0,3,89,0,14,LW,D,,Oct-22-2023,2023,10,22,0.076923077,0.157303371,0.13,0.22,0.15,0.23,Allospecific Null,STH0,6,128,6,7,0.027196653,13,478,T,H,1,1,1,20,60,1,465,5,S,17,111,0.076923077
861,B21,612221,ST,10:14,75,0,26,141,0,21,LW,D,,Oct-22-2023,2023,10,22,0.346666667,0.14893617,0.14,0.23,0.15,0.23,Conspecific Control,STTC,6,216,6,9,0.028248588,15,531,T,T,0,0,1,21,61,1,516,5,S,47,169,0.346666667
862,B22,612222,ST,10:16,131,0,27,186,0,50,LW,D,,Oct-22-2023,2023,10,22,0.20610687,0.268817204,0.15,0.26,0.16,0.23,Conspecific Control,STTC,6,317,12,10,0.030683403,22,717,T,T,0,0,1,22,62,1,695,5,S,77,240,0.20610687
863,B23,612223,ST,10:18,106,0,58,100,0,34,LW,D,,Oct-22-2023,2023,10,22,0.547169811,0.34,0.12,0.18,0.13,0.17,Allospecific Null,STH0,6,206,22,19,0.061746988,41,664,T,H,1,1,1,23,63,1,623,5,S,92,114,0.547169811
864,B24,612224,ST,10:20,48,0,6,94,0,20,LW,D,,Oct-22-2023,2023,10,22,0.125,0.212765957,0.12,0.22,0.15,0.2,Allospecific Null,STH0,6,142,28,18,0.195744681,46,235,T,H,1,1,1,24,64,1,189,5,S,26,116,0.125
865,B25,612225,ST,10:22,166,0,54,170,0,61,LW,D,,Oct-22-2023,2023,10,22,0.325301205,0.358823529,0.12,0.18,0.12,0.19,Allospecific Null,STH0,6,336,4,14,0.024759285,18,727,T,H,1,1,1,25,65,1,709,5,S,115,221,0.325301205
866,B26,612226,ST,10:24,22,0,6,13,0,4,LW,D,,Oct-22-2023,2023,10,22,0.272727273,0.307692308,0.12,0.2,0.12,0.2,Conspecific Null,STT0,6,35,15,13,0.037837838,28,740,T,T,1,0,1,26,66,1,712,5,S,10,25,0.272727273
867,B27,612227,ST,10:26,71,0,13,36,0,15,LW,D,,Oct-22-2023,2023,10,22,0.183098592,0.416666667,0.11,0.18,0.15,0.18,Allospecific Control,STHC,6,107,12,10,0.052884615,22,416,T,H,0,1,1,27,67,1,394,5,S,28,79,0.183098592
868,B28,612228,ST,10:28,88,0,33,34,0,14,LW,D,,Oct-22-2023,2023,10,22,0.375,0.411764706,0.13,0.17,0.14,0.19,Allospecific Null,STH0,6,122,22,35,0.082132565,57,694,T,H,1,1,1,28,68,1,637,5,S,47,75,0.375
869,B29,612229,ST,10:30,0,0,0,0,0,0,LW,D,,Oct-22-2023,2023,10,22,0,0,0,0,0,0,Allospecific Null,STH0,6,0,0,0,#DIV/0!,0,0,T,H,1,1,1,29,69,1,0,5,S,0,0,0
870,B30,612230,ST,10:32,4,0,3,37,0,14,LW,D,,Oct-22-2023,2023,10,22,0.75,0.378378378,0.16,0.18,0.16,0.19,Conspecific Null,STT0,6,41,14,13,0.035064935,27,770,T,T,1,0,1,30,70,1,743,5,S,17,24,0.75
871,B31,612231,ST,10:34,29,0,18,29,0,7,LW,D,,Oct-22-2023,2023,10,22,0.620689655,0.24137931,0.18,0.16,0.15,0.19,Conspecific Null,STT0,6,58,20,16,0.080717489,36,446,T,T,1,0,1,31,71,1,410,5,S,25,33,0.620689655
872,B32,612232,ST,10:36,35,0,10,20,0,8,LW,D,,Oct-22-2023,2023,10,22,0.285714286,0.4,0.12,0.15,0.11,0.16,Allospecific Null,STH0,6,55,6,4,0.018181818,10,550,T,H,1,1,1,32,72,1,540,5,S,18,37,0.285714286
873,B33,612233,ST,10:38,65,0,27,27,0,4,LW,D,,Oct-22-2023,2023,10,22,0.415384615,0.148148148,0.12,0.24,0.16,0.2,Conspecific Control,STTC,6,92,10,10,0.026666667,20,750,T,T,0,0,1,33,73,1,730,5,S,31,61,0.415384615
874,B34,612234,ST,10:40,112,0,35,110,0,43,LW,D,,Oct-22-2023,2023,10,22,0.3125,0.390909091,0.13,0.23,0.12,0.19,Allospecific Control,STHC,6,222,29,11,0.082135524,40,487,T,H,0,1,1,34,74,1,447,5,S,78,144,0.3125
875,B35,612235,ST,10:42,139,0,38,115,0,48,LW,D,,Oct-22-2023,2023,10,22,0.273381295,0.417391304,0.12,0.15,0.12,0.18,Allospecific Control,STHC,6,254,47,34,0.15,81,540,T,H,0,1,1,35,75,1,459,5,S,86,168,0.273381295
876,B36,612236,ST,10:44,58,0,27,139,0,54,LW,D,,Oct-22-2023,2023,10,22,0.465517241,0.388489209,0.12,0.21,0.12,0.19,Conspecific Control,STTC,6,197,29,20,0.05785124,49,847,T,T,0,0,1,36,76,1,798,5,S,81,116,0.465517241
877,B37,612237,ST,10:46,160,0,46,79,0,61,LW,D,,Oct-22-2023,2023,10,22,0.2875,0.772151899,0.12,0.14,0.11,0.15,Conspecific Null,STT0,6,239,14,9,0.024185068,23,951,T,T,1,0,1,37,77,1,928,5,S,107,132,0.2875
878,B38,612238,ST,10:48,103,0,27,234,0,65,LW,D,,Oct-22-2023,2023,10,22,0.262135922,0.277777778,0.15,0.16,0.16,0.16,Conspecific Control,STTC,6,337,6,11,0.021223471,17,801,T,T,0,0,1,38,78,1,784,5,S,92,245,0.262135922
879,B39,612239,ST,10:50,108,0,60,63,0,29,LW,D,,Oct-22-2023,2023,10,22,0.555555556,0.46031746,0.14,0.2,0.16,0.19,Allospecific Null,STH0,6,171,23,18,0.066450567,41,617,T,H,1,1,1,39,79,1,576,5,S,89,82,0.555555556
880,B40,612240,ST,10:52,62,0,32,52,0,23,LW,D,,Oct-22-2023,2023,10,22,0.516129032,0.442307692,0.15,0.17,0.12,0.17,Allospecific Null,STH0,6,114,5,8,0.012369172,13,1051,T,H,1,1,1,40,80,1,1038,5,S,55,59,0.516129032
881,C01,612301,MH,10:54,83,0,26,89,0,58,LW,D,,Oct-22-2023,2023,10,22,0.313253012,0.651685393,0.12,0.15,0.17,0.16,Allospecific Null,MHT0,6,172,11,15,0.045138889,26,576,H,T,1,1,2,1,81,1,550,5,M,84,88,0.313253012
882,C02,612302,MH,10:56,161,0,61,206,0,60,LW,D,,Oct-22-2023,2023,10,22,0.378881988,0.291262136,0.14,0.15,0.15,0.19,Allospecific Control,MHTC,6,367,10,14,0.036809816,24,652,H,T,0,1,2,2,82,1,628,5,M,121,246,0.378881988
883,C03,612303,MH,10:58,250,0,119,76,0,29,LW,D,,Oct-22-2023,2023,10,22,0.476,0.381578947,0.12,0.17,0.15,0.18,Conspecific Control,MHHC,6,326,9,14,0.063013699,23,365,H,H,0,0,2,3,83,1,342,5,M,148,178,0.476
884,C04,612304,MH,11:00,150,0,70,108,0,27,LW,D,,Oct-22-2023,2023,10,22,0.466666667,0.25,0.15,0.15,0.14,0.17,Allospecific Null,MHT0,6,258,19,30,0.114754098,49,427,H,T,1,1,2,4,84,1,378,5,M,97,161,0.466666667
885,C05,612305,MH,11:02,55,0,15,35,0,9,LW,D,,Oct-22-2023,2023,10,22,0.272727273,0.257142857,0.13,0.15,0.15,0.16,Conspecific Control,MHHC,6,90,9,14,0.046277666,23,497,H,H,0,0,2,5,85,1,474,5,M,24,66,0.272727273
886,C06,612306,MH,11:04,131,0,64,96,0,34,LW,D,,Oct-22-2023,2023,10,22,0.488549618,0.354166667,0.15,0.17,0.19,0.2,Allospecific Null,MHT0,6,227,28,26,0.110655738,54,488,H,T,1,1,2,6,86,1,434,5,M,98,129,0.488549618
887,C07,612307,MH,11:06,124,0,63,68,0,21,LW,D,,Oct-22-2023,2023,10,22,0.508064516,0.308823529,0.12,0.15,0.16,0.18,Allospecific Control,MHTC,6,192,5,6,0.013941698,11,789,H,T,0,1,2,7,87,1,778,5,M,84,108,0.508064516
888,C08,612308,MH,11:08,98,0,33,32,0,5,LW,D,,Oct-22-2023,2023,10,22,0.336734694,0.15625,0.13,0.15,0.12,0.14,Conspecific Null,MHH0,6,130,36,31,0.064176245,67,1044,H,H,1,0,2,8,88,1,977,5,M,38,92,0.336734694
889,C09,612309,MH,11:10,168,0,66,198,0,31,LW,D,,Oct-22-2023,2023,10,22,0.392857143,0.156565657,0.14,0.14,0.16,0.17,Conspecific Control,MHHC,6,366,8,9,0.015711645,17,1082,H,H,0,0,2,9,89,1,1065,5,M,97,269,0.392857143
890,C10,612310,MH,11:12,175,0,97,160,0,35,LW,D,,Oct-22-2023,2023,10,22,0.554285714,0.21875,0.13,0.14,0.17,0.16,Allospecific Control,MHTC,6,335,2,2,0.006666667,4,600,H,T,0,1,2,10,90,1,596,5,M,132,203,0.554285714
891,C11,612311,MH,11:14,258,0,68,67,0,40,LW,D,,Oct-22-2023,2023,10,22,0.263565891,0.597014925,0.12,0.17,0.2,0.2,Allospecific Null,MHT0,6,325,26,27,0.089830508,53,590,H,T,1,1,2,11,91,1,537,5,M,108,217,0.263565891
892,C12,612312,MH,11:16,221,0,61,88,0,28,LW,D,,Oct-22-2023,2023,10,22,0.2760181,0.318181818,0.12,0.22,0.17,0.19,Conspecific Null,MHH0,6,309,26,23,0.035125448,49,1395,H,H,1,0,2,12,92,1,1346,5,M,89,220,0.2760181
893,C13,612313,MH,11:18,53,0,14,8,0,1,LW,D,,Oct-22-2023,2023,10,22,0.264150943,0.125,0.12,0.19,0.15,0.2,Conspecific Control,MHHC,6,61,26,32,0.078484438,58,739,H,H,0,0,2,13,93,1,681,5,M,15,46,0.264150943
894,C14,612314,MH,11:20,196,0,58,76,0,22,LW,D,,Oct-22-2023,2023,10,22,0.295918367,0.289473684,0.15,0.15,0.18,0.18,Conspecific Control,MHHC,6,272,50,45,0.162671233,95,584,H,H,0,0,2,14,94,1,489,5,M,80,192,0.295918367
895,C15,612315,MH,11:22,216,0,46,113,0,41,LW,D,,Oct-22-2023,2023,10,22,0.212962963,0.362831858,0.14,0.16,0.17,0.17,Conspecific Null,MHH0,6,329,28,30,0.078697422,58,737,H,H,1,0,2,15,95,1,679,5,M,87,242,0.212962963
896,C16,612316,MH,11:24,140,0,70,33,0,10,LW,D,,Oct-22-2023,2023,10,22,0.5,0.303030303,0.12,0.18,0.17,0.19,Conspecific Null,MHH0,6,173,14,22,0.080717489,36,446,H,H,1,0,2,16,96,1,410,5,M,80,93,0.5
897,C17,612317,MH,11:26,209,0,101,124,0,70,LW,D,,Oct-22-2023,2023,10,22,0.483253589,0.564516129,0.15,0.17,0.2,0.2,Allospecific Null,MHT0,6,333,16,15,0.047546012,31,652,H,T,1,1,2,17,97,1,621,5,M,171,162,0.483253589
898,C18,612318,MH,11:28,172,0,43,110,0,61,LW,D,,Oct-22-2023,2023,10,22,0.25,0.554545455,0.13,0.21,0.19,0.19,Conspecific Null,MHH0,6,282,43,43,0.115127175,86,747,H,H,1,0,2,18,98,1,661,5,M,104,178,0.25
899,C19,612319,MH,11:30,57,0,15,16,0,5,LW,D,,Oct-22-2023,2023,10,22,0.263157895,0.3125,0.14,0.19,0.18,0.21,Allospecific Null,MHT0,6,73,32,26,0.079561043,58,729,H,T,1,1,2,19,99,1,671,5,M,20,53,0.263157895
900,C20,612320,MH,11:32,114,0,33,90,0,19,LW,D,,Oct-22-2023,2023,10,22,0.289473684,0.211111111,0.15,0.23,0.19,0.22,Conspecific Null,MHH0,6,204,12,15,0.019794721,27,1364,H,H,1,0,2,20,100,1,1337,5,M,52,152,0.289473684
901,C21,612321,MH,11:34,130,0,23,51,0,24,LW,D,,Oct-22-2023,2023,10,22,0.176923077,0.470588235,0.14,0.19,0.18,0.2,Conspecific Null,MHH0,6,181,12,14,0.022108844,26,1176,H,H,1,0,2,21,101,1,1150,5,M,47,134,0.176923077
902,C22,612322,MH,11:36,110,0,33,49,0,2,LW,D,,Oct-22-2023,2023,10,22,0.3,0.040816327,0.14,0.22,0.19,0.18,Conspecific Control,MHHC,6,159,15,16,0.045925926,31,675,H,H,0,0,2,22,102,1,644,5,M,35,124,0.3
903,C23,612323,MH,11:38,213,0,48,184,0,29,LW,D,,Oct-22-2023,2023,10,22,0.225352113,0.157608696,0.14,0.18,0.15,0.18,Allospecific Null,MHT0,6,397,7,9,0.017977528,16,890,H,T,1,1,2,23,103,1,874,5,M,77,320,0.225352113
904,C24,612324,MH,11:40,210,0,64,209,0,35,LW,D,,Oct-22-2023,2023,10,22,0.304761905,0.167464115,0.12,0.18,0.2,0.18,Allospecific Null,MHT0,6,419,4,3,0.023026316,7,304,H,T,1,1,2,24,104,1,297,5,M,99,320,0.304761905
905,C25,612325,MH,11:42,163,0,47,64,0,32,LW,D,,Oct-22-2023,2023,10,22,0.288343558,0.5,0.13,0.16,0.18,0.17,Conspecific Control,MHHC,6,227,8,10,0.039735099,18,453,H,H,0,0,2,25,105,1,435,5,M,79,148,0.288343558
906,C26,612326,MH,11:44,107,0,33,92,0,70,LW,D,,Oct-22-2023,2023,10,22,0.308411215,0.760869565,0.12,0.15,0.18,0.17,Conspecific Null,MHH0,6,199,10,14,0.049180328,24,488,H,H,1,0,2,26,106,1,464,5,M,103,96,0.308411215
907,C27,612327,MH,12:34,35,0,13,13,0,6,LW,D,,Oct-22-2023,2023,10,22,0.371428571,0.461538462,0.14,0.18,0.14,0.16,Allospecific Null,MHT0,6,48,10,8,0.028571429,18,630,H,T,1,1,2,27,107,1,612,5,M,19,29,0.371428571
908,C28,612328,MH,12:35,98,0,37,57,0,12,LW,D,,Oct-22-2023,2023,10,22,0.37755102,0.210526316,0.15,0.18,0.16,0.18,Allospecific Control,MHTC,6,155,6,8,0.025735294,14,544,H,T,0,1,2,28,108,1,530,5,M,49,106,0.37755102
909,C29,612329,MH,12:36,147,0,28,69,0,10,LW,D,,Oct-22-2023,2023,10,22,0.19047619,0.144927536,0.14,0.17,0.15,0.18,Conspecific Control,MHHC,6,216,36,31,0.084702908,67,791,H,H,0,0,2,29,109,1,724,5,M,38,178,0.19047619
910,C30,612330,MH,12:37,172,0,55,139,0,37,LW,D,,Oct-22-2023,2023,10,22,0.319767442,0.26618705,0.12,0.18,0.14,0.18,Allospecific Control,MHTC,6,311,6,8,0.021840874,14,641,H,T,0,1,2,30,110,1,627,5,M,92,219,0.319767442
911,C31,612331,MH,12:38,160,0,58,89,0,17,LW,D,,Oct-22-2023,2023,10,22,0.3625,0.191011236,0.18,0.22,0.18,0.23,Conspecific Control,MHHC,6,249,5,6,0.016200295,11,679,H,H,0,0,2,31,111,1,668,5,M,75,174,0.3625
912,C32,612332,MH,12:39,101,0,17,245,0,34,LW,D,,Oct-22-2023,2023,10,22,0.168316832,0.13877551,0.12,0.14,0.15,0.14,Conspecific Null,MHH0,6,346,25,27,0.112554113,52,462,H,H,1,0,2,32,112,1,410,5,M,51,295,0.168316832
913,C33,612333,MH,12:40,228,0,22,46,0,16,LW,D,,Oct-22-2023,2023,10,22,0.096491228,0.347826087,0.15,0.14,0.14,0.16,Allospecific Control,MHTC,6,274,15,15,0.050167224,30,598,H,T,0,1,2,33,113,1,568,5,M,38,236,0.096491228
914,C34,612334,MH,12:41,82,0,24,103,0,39,LW,D,,Oct-22-2023,2023,10,22,0.292682927,0.378640777,0.12,0.17,0.14,0.16,Allospecific Control,MHTC,6,185,21,31,0.126829268,52,410,H,T,0,1,2,34,114,1,358,5,M,63,122,0.292682927
915,C35,612335,MH,12:42,153,0,45,109,0,32,LW,D,,Oct-22-2023,2023,10,22,0.294117647,0.293577982,0.15,0.15,0.18,0.16,Allospecific Null,MHT0,6,262,1,1,0.002721088,2,735,H,T,1,1,2,35,115,1,733,5,M,77,185,0.294117647
916,C36,612336,MH,12:43,214,0,49,127,0,46,LW,D,,Oct-22-2023,2023,10,22,0.228971963,0.362204724,0.16,0.17,0.2,0.17,Allospecific Control,MHTC,6,341,34,40,0.097496706,74,759,H,T,0,1,2,36,116,1,685,5,M,95,246,0.228971963
917,C37,612337,MH,12:44,78,0,12,186,0,17,LW,D,,Oct-22-2023,2023,10,22,0.153846154,0.091397849,0.13,0.17,0.16,0.21,Conspecific Control,MHHC,6,264,4,5,0.012931034,9,696,H,H,0,0,2,37,117,1,687,5,M,29,235,0.153846154
918,C38,612338,MH,12:45,149,0,41,148,0,64,LW,D,,Oct-22-2023,2023,10,22,0.275167785,0.432432432,0.13,0.16,0.2,0.19,Conspecific Null,MHH0,6,297,23,25,0.081494058,48,589,H,H,1,0,2,38,118,1,541,5,M,105,192,0.275167785
919,C39,612339,MH,12:46,161,0,58,124,0,67,LW,D,,Oct-22-2023,2023,10,22,0.360248447,0.540322581,0.15,0.2,0.14,0.18,Allospecific Control,MHTC,6,285,54,44,0.178832117,98,548,H,T,0,1,2,39,119,1,450,5,M,125,160,0.360248447
920,C40,612340,MH,12:47,100,0,21,54,0,27,LW,D,,Oct-22-2023,2023,10,22,0.21,0.5,0.15,0.18,0.21,0.22,Allospecific Control,MHTC,6,154,26,22,0.282352941,48,170,H,T,0,1,2,40,120,1,122,5,M,48,106,0.21
921,D01,612401,MT,12:48,213,0,17,78,0,55,LW,D,,Oct-22-2023,2023,10,22,0.079812207,0.705128205,0.18,0.19,0.17,0.19,Conspecific Null,MTT0,6,291,20,27,0.160409556,47,293,T,T,1,0,3,1,121,1,246,5,M,72,219,0.079812207
922,D02,612402,MT,12:49,10,0,7,3,0,1,LW,D,,Oct-22-2023,2023,10,22,0.7,0.333333333,0.17,0.18,0.2,0.23,Conspecific Null,MTT0,6,13,31,36,1,32,32,T,T,1,0,3,2,122,1,35,5,M,8,5,0.7
923,D03,612403,MT,12:50,23,0,2,34,0,6,LW,D,,Oct-22-2023,2023,10,22,0.086956522,0.176470588,0.16,0.2,0.17,0.2,Conspecific Control,MTTC,6,57,12,9,0.033018868,21,636,T,T,0,0,3,3,123,1,615,5,M,8,49,0.086956522
924,D04,612404,MT,12:51,84,0,11,25,0,19,LW,D,,Oct-22-2023,2023,10,22,0.130952381,0.76,0.17,0.22,0.2,0.16,Allospecific Null,MTH0,6,109,28,40,0.128787879,68,528,T,H,1,1,3,4,124,1,460,5,M,30,79,0.130952381
925,D05,612405,MT,12:52,115,0,62,111,0,38,LW,D,,Oct-22-2023,2023,10,22,0.539130435,0.342342342,0.15,0.18,0.17,0.22,Conspecific Null,MTT0,6,226,23,17,0.167364017,40,239,T,T,1,0,3,5,125,1,199,5,M,100,126,0.539130435
926,D06,612406,MT,12:53,104,0,22,94,0,27,LW,D,,Oct-22-2023,2023,10,22,0.211538462,0.287234043,0.17,0.19,0.2,0.21,Conspecific Control,MTTC,6,198,11,10,0.100478469,21,209,T,T,0,0,3,6,126,1,188,5,M,49,149,0.211538462
927,D07,612407,MT,12:54,145,0,29,35,0,20,LW,D,,Oct-22-2023,2023,10,22,0.2,0.571428571,0.15,0.21,0.13,0.2,Allospecific Control,MTHC,6,180,29,31,0.361445783,60,166,T,H,0,1,3,7,127,1,106,5,M,49,131,0.2
928,D08,612408,MT,12:55,290,0,47,243,0,52,LW,D,,Oct-22-2023,2023,10,22,0.162068966,0.21399177,0.19,0.22,0.23,0.23,Conspecific Null,MTT0,6,533,16,18,0.058823529,34,578,T,T,1,0,3,8,128,1,544,5,M,99,434,0.162068966
929,D09,612409,MT,12:56,221,0,95,167,0,57,LW,D,,Oct-22-2023,2023,10,22,0.429864253,0.341317365,0.16,0.21,0.15,0.22,Conspecific Control,MTTC,6,388,60,61,0.294403893,121,411,T,T,0,0,3,9,129,1,290,5,M,152,236,0.429864253
930,D10,612410,MT,12:57,94,0,16,43,0,21,LW,D,,Oct-22-2023,2023,10,22,0.170212766,0.488372093,0.18,0.21,0.2,0.23,Allospecific Control,MTHC,6,137,48,47,0.376984127,95,252,T,H,0,1,3,10,130,1,157,5,M,37,100,0.170212766
931,D11,612411,MT,12:58,167,0,62,83,0,23,LW,D,,Oct-22-2023,2023,10,22,0.371257485,0.277108434,0.13,0.21,0.16,0.2,Conspecific Control,MTTC,6,250,35,32,0.345360825,67,194,T,T,0,0,3,11,131,1,127,5,M,85,165,0.371257485
932,D24,612424,MT,12:59,13,0,3,8,0,7,LW,D,,Oct-22-2023,2023,10,22,0.230769231,0.875,0.19,0.23,0.22,0.2,Conspecific Null,MTT0,6,21,34,24,0.125813449,58,461,T,T,1,0,3,24,144,1,403,5,M,10,11,0.230769231
933,D13,612413,MT,13:00,98,0,61,100,0,42,LW,D,,Oct-22-2023,2023,10,22,0.62244898,0.42,0.13,0.2,0.13,0.19,Allospecific Null,MTH0,6,198,52,24,0.575757576,76,132,T,H,1,1,3,13,133,1,56,5,M,103,95,0.62244898
934,D14,612414,MT,13:01,221,0,14,292,0,65,LW,D,,Oct-22-2023,2023,10,22,0.063348416,0.22260274,0.17,0.19,0.2,0.23,Conspecific Control,MTTC,6,513,20,30,0.099009901,50,505,T,T,0,0,3,14,134,1,455,5,M,79,434,0.063348416
935,D15,612415,MT,13:02,123,0,61,101,0,51,LW,D,,Oct-22-2023,2023,10,22,0.495934959,0.504950495,0.18,0.22,0.16,0.2,Allospecific Null,MTH0,6,224,17,22,0.094890511,39,411,T,H,1,1,3,15,135,1,372,5,M,112,112,0.495934959
936,D16,612416,MT,13:03,65,0,16,50,0,10,LW,D,,Oct-22-2023,2023,10,22,0.246153846,0.2,0.18,0.24,0.24,0.27,Allospecific Control,MTHC,6,115,47,37,0.180257511,84,466,T,H,0,1,3,16,136,1,382,5,M,26,89,0.246153846
937,D17,612417,MT,13:04,119,0,48,149,0,43,LW,D,,Oct-22-2023,2023,10,22,0.403361345,0.288590604,0.18,0.2,0.17,0.2,Allospecific Control,MTHC,6,268,8,15,0.094650206,23,243,T,H,0,1,3,17,137,1,220,5,M,91,177,0.403361345
938,D18,612418,MT,13:05,39,0,12,51,0,31,LW,D,,Oct-22-2023,2023,10,22,0.307692308,0.607843137,0.16,0.18,0.15,0.23,Allospecific Null,MTH0,6,90,25,33,0.295918367,58,196,T,H,1,1,3,18,138,1,138,5,M,43,47,0.307692308
939,D19,612419,MT,13:06,44,0,24,42,0,19,LW,D,,Oct-22-2023,2023,10,22,0.545454545,0.452380952,0.16,0.15,0.17,0.16,Allospecific Null,MTH0,6,86,4,6,0.030769231,10,325,T,H,1,1,3,19,139,1,315,5,M,43,43,0.545454545
940,D20,612420,MT,13:07,66,0,24,20,0,3,LW,D,,Oct-22-2023,2023,10,22,0.363636364,0.15,0.14,0.22,0.16,0.18,Conspecific Control,MTTC,6,86,52,42,0.364341085,94,258,T,T,0,0,3,20,140,1,164,5,M,27,59,0.363636364
941,D21,612421,MT,13:07,81,0,16,101,0,12,LW,D,,Oct-22-2023,2023,10,22,0.197530864,0.118811881,0.16,0.23,0.16,0.26,Conspecific Null,MTT0,6,182,22,18,0.065359477,40,612,T,T,1,0,3,21,141,1,572,5,M,28,154,0.197530864
942,D22,612422,MT,13:07,108,0,30,147,0,49,LW,D,,Oct-22-2023,2023,10,22,0.277777778,0.333333333,0.19,0.21,0.2,0.24,Allospecific Control,MTHC,6,255,11,19,0.051369863,30,584,T,H,0,1,3,22,142,1,554,5,M,79,176,0.277777778
943,D23,612423,MT,14:20,105,0,47,21,0,8,LW,D,,Oct-22-2023,2023,10,22,0.447619048,0.380952381,0.18,0.19,0.2,0.2,Allospecific Null,MTH0,6,126,3,6,0.058823529,9,153,T,H,1,1,3,23,143,1,144,5,M,55,71,0.447619048
944,D24,612424,MT,14:00,16,0,5,14,0,5,LW,D,,Oct-22-2023,2023,10,22,0.3125,0.357142857,0.18,0.18,0.2,0.22,Conspecific Null,MTT0,6,30,14,13,0.310344828,27,87,T,T,1,0,3,24,144,1,60,5,M,10,20,0.3125
945,D25,612425,MT,14:01,251,0,41,103,0,61,LW,D,,Oct-22-2023,2023,10,22,0.163346614,0.59223301,0.15,0.22,0.16,0.21,Conspecific Control,MTTC,6,354,9,15,0.032085561,24,748,T,T,0,0,3,25,145,1,724,5,M,102,252,0.163346614
946,D26,612426,MT,14:02,253,0,52,256,0,24,LW,D,,Oct-22-2023,2023,10,22,0.205533597,0.09375,0.16,0.19,0.15,0.18,Conspecific Control,MTTC,6,509,18,19,0.039153439,37,945,T,T,0,0,3,26,146,1,908,5,M,76,433,0.205533597
947,D27,612427,MT,14:03,69,0,25,55,0,19,LW,D,,Oct-22-2023,2023,10,22,0.362318841,0.345454545,0.17,0.26,0.17,0.22,Allospecific Control,MTHC,6,124,14,22,0.135849057,36,265,T,H,0,1,3,27,147,1,229,5,M,44,80,0.362318841
948,D28,612428,MT,14:04,97,0,54,41,0,18,LW,D,,Oct-22-2023,2023,10,22,0.556701031,0.43902439,0.15,0.23,0.18,0.22,Allospecific Control,MTHC,6,138,11,37,0.216216216,48,222,T,H,0,1,3,28,148,1,174,5,M,72,66,0.556701031
949,D29,612429,MT,14:05,59,0,21,20,0,7,LW,D,,Oct-22-2023,2023,10,22,0.355932203,0.35,0.19,0.16,0.16,0.2,Conspecific Null,MTT0,6,79,12,11,0.069069069,23,333,T,T,1,0,3,29,149,1,310,5,M,28,51,0.355932203
950,D30,612430,MT,14:06,42,0,42,69,0,27,LW,D,,Oct-22-2023,2023,10,22,1,0.391304348,0.16,0.16,0.15,0.24,Allospecific Null,MTH0,6,111,41,29,0.305676856,70,229,T,H,1,1,3,30,150,1,159,5,M,69,42,1
951,D31,612431,MT,14:07,52,0,38,108,0,26,LW,D,,Oct-22-2023,2023,10,22,0.730769231,0.240740741,0.16,0.24,0.15,0.19,Allospecific Null,MTH0,6,160,12,19,0.071759259,31,432,T,H,1,1,3,31,151,1,401,5,M,64,96,0.730769231
952,D32,612432,MT,14:08,114,0,32,220,0,60,LW,D,,Oct-22-2023,2023,10,22,0.280701754,0.272727273,0.2,0.19,0.23,0.14,Conspecific Null,MTT0,6,334,29,14,0.134796238,43,319,T,T,1,0,3,32,152,1,276,5,M,92,242,0.280701754
953,D33,612433,MT,14:09,130,0,30,88,0,25,LW,D,,Oct-22-2023,2023,10,22,0.230769231,0.284090909,0.14,0.18,0.14,0.15,Allospecific Control,MTHC,6,218,28,13,0.077798861,41,527,T,H,0,1,3,33,153,1,486,5,M,55,163,0.230769231
954,D34,612434,MT,14:10,88,0,33,172,0,46,LW,D,,Oct-22-2023,2023,10,22,0.375,0.26744186,0.14,0.24,0.17,0.23,Conspecific Control,MTTC,6,260,22,32,0.093103448,54,580,T,T,0,0,3,34,154,1,526,5,M,79,181,0.375
955,D35,612435,MT,14:11,219,0,118,206,0,60,LW,D,,Oct-22-2023,2023,10,22,0.538812785,0.291262136,0.19,0.22,0.19,0.19,Allospecific Null,MTH0,6,425,9,10,0.029141104,19,652,T,H,1,1,3,35,155,1,633,5,M,178,247,0.538812785
956,D36,612436,MT,14:12,83,0,33,165,0,15,LW,D,,Oct-22-2023,2023,10,22,0.397590361,0.090909091,0.19,0.19,0.21,0.22,Allospecific Null,MTH0,6,248,22,25,0.135057471,47,348,T,H,1,1,3,36,156,1,301,5,M,48,200,0.397590361
957,D37,612437,MT,14:13,48,0,23,48,0,22,LW,D,,Oct-22-2023,2023,10,22,0.479166667,0.458333333,0.12,0.21,0.14,0.27,Allospecific Control,MTHC,6,96,9,18,0.089700997,27,301,T,H,0,1,3,37,157,1,274,5,M,45,51,0.479166667
958,D38,612438,MT,14:14,122,0,26,72,0,12,LW,D,,Oct-22-2023,2023,10,22,0.213114754,0.166666667,0.14,0.18,0.19,0.19,Allospecific Control,MTHC,6,194,17,17,0.05483871,34,620,T,H,0,1,3,38,158,1,586,5,M,38,156,0.213114754
959,D39,612439,MT,14:15,151,0,68,24,0,16,LW,D,,Oct-22-2023,2023,10,22,0.450331126,0.666666667,0.18,0.25,0.22,0.27,Conspecific Control,MTTC,6,175,13,19,0.040506329,32,790,T,T,0,0,3,39,159,1,758,5,M,84,91,0.450331126
960,D40,612440,MT,14:16,100,0,32,117,0,67,LW,D,,Oct-22-2023,2023,10,22,0.32,0.572649573,0.11,0.17,0.13,0.15,Conspecific Null,MTT0,6,217,8,19,0.049723757,27,543,T,T,1,0,3,40,160,1,516,5,M,99,118,0.32
961,A01,712101,SH,09:12,67,0,23,48,0,11,LW,D,,Nov-2-2023,2023,11,2,0.343283582,0.229166667,0.19,0.18,0.18,0.2,Conspecific Null,SHH0,7,115,7,13,0.04008016,20,499,H,H,1,0,0,1,1,1,479,6,S,34,81,0.343283582
962,A02,712102,SH,09:14,54,0,10,168,0,55,LW,D,,Nov-2-2023,2023,11,2,0.185185185,0.327380952,0.17,0.2,0.16,0.22,Conspecific Control,SHHC,7,222,21,35,0.097391304,56,575,H,H,0,0,0,2,2,1,519,6,S,65,157,0.185185185
963,A03,712103,SH,09:16,101,0,13,135,0,49,LW,D,,Nov-2-2023,2023,11,2,0.128712871,0.362962963,0.16,0.14,0.16,0.21,Allospecific Control,SHTC,7,236,17,33,0.083472454,50,599,H,T,0,1,0,3,3,1,549,6,S,62,174,0.128712871
964,A04,712104,SH,09:18,6,0,1,28,0,13,LW,D,,Nov-2-2023,2023,11,2,0.166666667,0.464285714,0.18,0.2,0.15,0.21,Allospecific Null,SHT0,7,34,6,6,0.013318535,12,901,H,T,1,1,0,4,4,1,889,6,S,14,20,0.166666667
965,A05,712105,SH,09:20,50,0,13,49,0,17,LW,D,,Nov-2-2023,2023,11,2,0.26,0.346938776,0.18,0.19,0.15,0.19,Allospecific Null,SHT0,7,99,81,55,0.065227818,136,2085,H,T,1,1,0,5,5,1,1949,6,S,30,69,0.26
966,A06,712106,SH,09:22,53,0,13,60,0,23,LW,D,,Nov-2-2023,2023,11,2,0.245283019,0.383333333,0.15,0.16,0.16,0.21,Allospecific Control,SHTC,7,113,7,7,0.018716578,14,748,H,T,0,1,0,6,6,1,734,6,S,36,77,0.245283019
967,A07,712107,SH,09:24,23,0,7,56,0,41,LW,D,,Nov-2-2023,2023,11,2,0.304347826,0.732142857,0.16,0.18,0.15,0.21,Conspecific Control,SHHC,7,79,46,25,0.046133853,71,1539,H,H,0,0,0,7,7,1,1468,6,S,48,31,0.304347826
968,A08,712108,SH,09:26,58,0,18,74,0,37,LW,D,,Nov-2-2023,2023,11,2,0.310344828,0.5,0.18,0.2,0.19,0.23,Conspecific Null,SHH0,7,132,14,27,0.035683203,41,1149,H,H,1,0,0,8,8,1,1108,6,S,55,77,0.310344828
969,A09,712109,SH,09:28,99,0,25,95,0,43,LW,D,,Nov-2-2023,2023,11,2,0.252525253,0.452631579,0.14,0.18,0.18,0.23,Allospecific Control,SHTC,7,194,32,40,0.085409253,72,843,H,T,0,1,0,9,9,1,771,6,S,68,126,0.252525253
970,A10,712110,SH,09:28,0,0,0,0,0,0,LW,D,Extinct,Nov-2-2023,2023,11,2,0,NA,0,0,0,0,Conspecific Null,SHH0,7,0,0,0,0,0,24,H,H,1,0,0,10,10,1,24,6,S,0,0,0
971,A11,712111,SH,09:29,162,0,34,66,0,30,LW,D,,Nov-2-2023,2023,11,2,0.209876543,0.454545455,0.12,0.13,0.13,0.16,Conspecific Control,SHHC,7,228,19,23,0.056149733,42,748,H,H,0,0,0,11,11,1,706,6,S,64,164,0.209876543
972,A12,712112,SH,09:30,82,0,52,96,0,50,LW,D,,Nov-2-2023,2023,11,2,0.634146341,0.520833333,0.16,0.16,0.18,0.18,Conspecific Null,SHH0,7,178,40,65,0.109832636,105,956,H,H,1,0,0,12,12,1,851,6,S,102,76,0.634146341
973,A13,712113,SH,09:31,45,0,7,24,0,12,LW,D,,Nov-2-2023,2023,11,2,0.155555556,0.5,0.14,0.19,0.14,0.2,Conspecific Null,SHH0,7,69,10,20,0.035046729,30,856,H,H,1,0,0,13,13,1,826,6,S,19,50,0.155555556
974,A14,712114,SH,09:32,133,0,55,108,0,48,LW,D,,Nov-2-2023,2023,11,2,0.413533835,0.444444444,0.13,0.14,0.15,0.16,Allospecific Control,SHTC,7,241,10,36,0.053302433,46,863,H,T,0,1,0,14,14,1,817,6,S,103,138,0.413533835
975,A15,712115,SH,09:33,72,0,39,211,0,113,LW,D,,Nov-2-2023,2023,11,2,0.541666667,0.535545024,0.13,0.15,0.15,0.19,Allospecific Null,SHT0,7,283,6,8,0.019257221,14,727,H,T,1,1,0,15,15,1,713,6,S,152,131,0.541666667
976,A16,712116,SH,09:34,83,0,9,217,0,111,LW,D,,Nov-2-2023,2023,11,2,0.108433735,0.511520737,0.14,0.16,0.15,0.19,Allospecific Control,SHTC,7,300,23,13,0.040770102,36,883,H,T,0,1,0,16,16,1,847,6,S,120,180,0.108433735
977,A17,712117,SH,09:35,112,0,25,78,0,46,LW,D,,Nov-2-2023,2023,11,2,0.223214286,0.58974359,0.16,0.16,0.18,0.19,Conspecific Control,SHHC,7,190,26,18,0.07345576,44,599,H,H,0,0,0,17,17,1,555,6,S,71,119,0.223214286
978,A18,712118,SH,09:36,145,0,69,111,0,48,LW,D,,Nov-2-2023,2023,11,2,0.475862069,0.432432432,0.12,0.16,0.16,0.19,Conspecific Control,SHHC,7,256,16,16,0.03712297,32,862,H,H,0,0,0,18,18,1,830,6,S,117,139,0.475862069
979,A19,712119,SH,09:37,113,0,32,127,0,43,LW,D,,Nov-2-2023,2023,11,2,0.283185841,0.338582677,0.13,0.14,0.14,0.19,Allospecific Null,SHT0,7,240,6,17,0.022772277,23,1010,H,T,1,1,0,19,19,1,987,6,S,75,165,0.283185841
980,A20,712120,SH,09:38,29,0,13,79,0,42,LW,D,,Nov-2-2023,2023,11,2,0.448275862,0.53164557,0.14,0.18,0.16,0.18,Allospecific Control,SHTC,7,108,41,15,0.080344333,56,697,H,T,0,1,0,20,20,1,641,6,S,55,53,0.448275862
981,A21,712121,SH,09:39,108,0,31,106,0,32,LW,D,,Nov-2-2023,2023,11,2,0.287037037,0.301886792,0.16,0.17,0.17,0.17,Conspecific Control,SHHC,7,214,30,16,0.07641196,46,602,H,H,0,0,0,21,21,1,556,6,S,63,151,0.287037037
982,A22,712122,SH,09:40,151,0,61,153,0,72,LW,D,,Nov-2-2023,2023,11,2,0.40397351,0.470588235,0.16,0.18,0.16,0.19,Conspecific Null,SHH0,7,304,17,17,0.028451883,34,1195,H,H,1,0,0,22,22,1,1161,6,S,133,171,0.40397351
983,A23,712123,SH,09:41,60,0,33,55,0,17,LW,D,,Nov-2-2023,2023,11,2,0.55,0.309090909,0.17,0.19,0.21,0.25,Conspecific Null,SHH0,7,115,6,12,0.025714286,18,700,H,H,1,0,0,23,23,1,682,6,S,50,65,0.55
984,A24,712124,SH,09:42,113,0,36,39,0,11,LW,D,,Nov-2-2023,2023,11,2,0.318584071,0.282051282,0.13,0.17,0.14,0.18,Allospecific Null,SHT0,7,152,6,6,0.025917927,12,463,H,T,1,1,0,24,24,1,451,6,S,47,105,0.318584071
985,A25,712125,SH,09:43,41,0,21,72,0,15,LW,D,,Nov-2-2023,2023,11,2,0.512195122,0.208333333,0.13,0.23,0.14,0.21,Allospecific Control,SHTC,7,113,30,20,0.082781457,50,604,H,T,0,1,0,25,25,1,554,6,S,36,77,0.512195122
986,A26,712126,SH,09:44,43,0,29,144,0,50,LW,D,,Nov-2-2023,2023,11,2,0.674418605,0.347222222,0.16,0.16,0.15,0.18,Conspecific Control,SHHC,7,187,14,21,0.046174142,35,758,H,H,0,0,0,26,26,1,723,6,S,79,108,0.674418605
987,A27,712127,SH,09:45,239,0,108,153,0,78,LW,D,,Nov-2-2023,2023,11,2,0.451882845,0.509803922,0.18,0.15,0.2,0.19,Allospecific Null,SHT0,7,392,40,30,0.08782936,70,797,H,T,1,1,0,27,27,1,727,6,S,186,206,0.451882845
988,A28,712128,SH,09:46,139,0,39,135,0,33,LW,D,,Nov-2-2023,2023,11,2,0.28057554,0.244444444,0.12,0.16,0.12,0.19,Conspecific Control,SHHC,7,274,24,21,0.052023121,45,865,H,H,0,0,0,28,28,1,820,6,S,72,202,0.28057554
989,A29,712129,SH,09:47,132,0,61,73,0,26,LW,D,,Nov-2-2023,2023,11,2,0.462121212,0.356164384,0.12,0.16,0.13,0.15,Conspecific Null,SHH0,7,205,2,5,0.008433735,7,830,H,H,1,0,0,29,29,1,823,6,S,87,118,0.462121212
990,A30,712130,SH,09:48,23,0,10,27,0,10,LW,D,,Nov-2-2023,2023,11,2,0.434782609,0.37037037,0.15,0.27,0.13,0.2,Conspecific Null,SHH0,7,50,61,171,0.209764919,232,1106,H,H,1,0,0,30,30,1,874,6,S,20,30,0.434782609
991,A31,712131,SH,09:49,24,0,8,108,0,51,LW,D,,Nov-2-2023,2023,11,2,0.333333333,0.472222222,0.15,0.16,0.14,0.18,Allospecific Null,SHT0,7,132,14,7,0.031866464,21,659,H,T,1,1,0,31,31,1,638,6,S,59,73,0.333333333
992,A32,712132,SH,09:50,54,0,14,73,0,31,LW,D,,Nov-2-2023,2023,11,2,0.259259259,0.424657534,0.16,0.18,0.13,0.17,Allospecific Null,SHT0,7,127,29,23,0.075471698,52,689,H,T,1,1,0,32,32,1,637,6,S,45,82,0.259259259
993,A33,712133,SH,09:51,80,0,49,39,0,17,LW,D,,Nov-2-2023,2023,11,2,0.6125,0.435897436,0.12,0.17,0.15,0.16,Conspecific Control,SHHC,7,119,103,76,0.354455446,179,505,H,H,0,0,0,33,33,1,326,6,S,66,53,0.6125
994,A34,712134,SH,09:52,119,0,20,76,0,38,LW,D,,Nov-2-2023,2023,11,2,0.168067227,0.5,0.16,0.21,0.17,0.2,Conspecific Control,SHHC,7,195,9,32,0.057422969,41,714,H,H,0,0,0,34,34,1,673,6,S,58,137,0.168067227
995,A35,712135,SH,09:53,0,0,0,0,0,0,LW,D,Extinct,Nov-2-2023,2023,11,2,0,0,0,0,0,0,Allospecific Control,SHTC,7,0,0,0,0,0,100,H,T,0,1,0,35,35,1,100,6,S,0,0,0
996,A36,712136,SH,09:54,136,0,40,165,0,45,LW,D,,Nov-2-2023,2023,11,2,0.294117647,0.272727273,0.17,0.18,0.14,0.18,Allospecific Null,SHT0,7,301,54,31,0.133437991,85,637,H,T,1,1,0,36,36,1,552,6,S,85,216,0.294117647
997,A37,712137,SH,09:55,66,0,13,109,0,41,LW,D,,Nov-2-2023,2023,11,2,0.196969697,0.376146789,0.12,0.14,0.17,0.18,Allospecific Control,SHTC,7,175,2,25,0.038961039,27,693,H,T,0,1,0,37,37,1,666,6,S,54,121,0.196969697
998,A38,712138,SH,09:56,41,0,17,55,0,27,LW,D,,Nov-2-2023,2023,11,2,0.414634146,0.490909091,0.16,0.15,0.15,0.19,Allospecific Control,SHTC,7,96,7,11,0.025280899,18,712,H,T,0,1,0,38,38,1,694,6,S,44,52,0.414634146
999,A39,712139,SH,09:57,23,0,10,16,0,6,LW,D,,Nov-2-2023,2023,11,2,0.434782609,0.375,0.19,0.21,0.16,0.19,Allospecific Null,SHT0,7,39,34,36,0.121107266,70,578,H,T,1,1,0,39,39,1,508,6,S,16,23,0.434782609
1000,A40,712140,SH,09:58,59,0,22,41,0,15,LW,D,,Nov-2-2023,2023,11,2,0.372881356,0.365853659,0.17,0.19,0.19,0.2,Conspecific Null,SHH0,7,100,36,16,0.150724638,52,345,H,H,1,0,0,40,40,1,293,6,S,37,63,0.372881356
1001,B01,712201,ST,09:59,117,0,21,74,0,17,LW,D,,Nov-2-2023,2023,11,2,0.179487179,0.22972973,0.17,0.16,0.16,0.16,Conspecific Null,STT0,7,191,9,9,0.035714286,18,504,T,T,1,0,1,1,41,1,486,6,S,38,153,0.179487179
1002,B02,712202,ST,10:00,30,0,6,37,0,5,LW,D,,Nov-2-2023,2023,11,2,0.2,0.135135135,0.14,0.21,0.16,0.21,Allospecific Control,STHC,7,67,34,35,0.226973684,69,304,T,H,0,1,1,2,42,1,235,6,S,11,56,0.2
1003,B03,712203,ST,10:01,173,0,29,182,0,33,LW,D,,Nov-2-2023,2023,11,2,0.167630058,0.181318681,0.13,0.16,0.14,0.17,Allospecific Control,STHC,7,355,32,36,0.179419525,68,379,T,H,0,1,1,3,43,1,311,6,S,62,293,0.167630058
1004,B04,712204,ST,10:02,24,0,8,64,0,18,LW,D,,Nov-2-2023,2023,11,2,0.333333333,0.28125,0.14,0.17,0.15,0.18,Allospecific Control,STHC,7,88,35,50,0.188888889,85,450,T,H,0,1,1,4,44,1,365,6,S,26,62,0.333333333
1005,B05,712205,ST,10:03,131,0,25,241,0,50,LW,D,,Nov-2-2023,2023,11,2,0.190839695,0.20746888,0.13,0.17,0.12,0.18,Allospecific Control,STHC,7,372,20,27,0.096707819,47,486,T,H,0,1,1,5,45,1,439,6,S,75,297,0.190839695
1006,B06,712206,ST,10:04,169,0,42,127,0,32,LW,D,,Nov-2-2023,2023,11,2,0.24852071,0.251968504,0.13,0.16,0.14,0.2,Allospecific Control,STHC,7,296,20,24,0.069730586,44,631,T,H,0,1,1,6,46,1,587,6,S,74,222,0.24852071
1007,B07,712207,ST,10:05,79,0,38,217,0,73,LW,D,,Nov-2-2023,2023,11,2,0.481012658,0.33640553,0.13,0.16,0.12,0.15,Conspecific Control,STTC,7,296,51,41,0.137518685,92,669,T,T,0,0,1,7,47,1,577,6,S,111,185,0.481012658
1008,B08,712208,ST,10:06,21,0,3,91,0,14,LW,D,,Nov-2-2023,2023,11,2,0.142857143,0.153846154,0.15,0.2,0.16,0.2,Conspecific Control,STTC,7,112,83,81,0.623574144,164,263,T,T,0,0,1,8,48,1,99,6,S,17,95,0.142857143
1009,B09,712209,ST,10:07,52,0,6,66,0,16,LW,D,,Nov-2-2023,2023,11,2,0.115384615,0.242424242,0.14,0.17,0.15,0.2,Conspecific Null,STT0,7,118,15,18,0.04845815,33,681,T,T,1,0,1,9,49,1,648,6,S,22,96,0.115384615
1010,B10,712210,ST,10:08,81,0,23,73,0,15,LW,D,,Nov-2-2023,2023,11,2,0.283950617,0.205479452,0.13,0.18,0.17,0.22,Conspecific Control,STTC,7,154,44,36,0.231884058,80,345,T,T,0,0,1,10,50,1,265,6,S,38,116,0.283950617
1011,B11,712211,ST,10:09,133,0,33,168,0,15,LW,D,,Nov-2-2023,2023,11,2,0.248120301,0.089285714,0.15,0.19,0.15,0.22,Allospecific Control,STHC,7,301,35,34,0.179220779,69,385,T,H,0,1,1,11,51,1,316,6,S,48,253,0.248120301
1012,B12,712212,ST,10:10,46,0,16,30,0,5,LW,D,,Nov-2-2023,2023,11,2,0.347826087,0.166666667,0.13,0.17,0.11,0.15,Allospecific Null,STH0,7,76,21,21,0.074074074,42,567,T,H,1,1,1,12,52,1,525,6,S,21,55,0.347826087
1013,B13,712213,ST,10:11,30,0,4,27,0,5,LW,D,,Nov-2-2023,2023,11,2,0.133333333,0.185185185,0.14,0.18,0.13,0.2,Conspecific Null,STT0,7,57,9,9,0.02244389,18,802,T,T,1,0,1,13,53,1,784,6,S,9,48,0.133333333
1014,B14,712214,ST,10:12,48,0,13,40,0,8,LW,D,,Nov-2-2023,2023,11,2,0.270833333,0.2,0.14,0.19,0.14,0.2,Conspecific Null,STT0,7,88,12,17,0.061965812,29,468,T,T,1,0,1,14,54,1,439,6,S,21,67,0.270833333
1015,B15,712215,ST,10:13,69,0,23,31,0,9,LW,D,,Nov-2-2023,2023,11,2,0.333333333,0.290322581,0.14,0.2,0.16,0.2,Allospecific Control,STHC,7,100,34,44,0.12745098,78,612,T,H,0,1,1,15,55,1,534,6,S,32,68,0.333333333
1016,B16,712216,ST,10:14,39,0,6,225,0,48,LW,D,,Nov-2-2023,2023,11,2,0.153846154,0.213333333,0.13,0.15,0.18,0.22,Conspecific Null,STT0,7,264,32,37,0.127306273,69,542,T,T,1,0,1,16,56,1,473,6,S,54,210,0.153846154
1017,B17,712217,ST,10:15,83,0,23,132,0,30,LW,D,,Nov-2-2023,2023,11,2,0.277108434,0.227272727,0.12,0.16,0.16,0.19,Conspecific Control,STTC,7,215,19,28,0.107061503,47,439,T,T,0,0,1,17,57,1,392,6,S,53,162,0.277108434
1018,B18,712218,ST,10:16,149,0,16,233,0,44,LW,D,,Nov-2-2023,2023,11,2,0.10738255,0.188841202,0.12,0.19,0.14,0.16,Conspecific Null,STT0,7,382,15,18,0.041457286,33,796,T,T,1,0,1,18,58,1,763,6,S,60,322,0.10738255
1019,B19,712219,ST,10:17,32,0,8,8,0,1,LW,D,,Nov-2-2023,2023,11,2,0.25,0.125,0.13,0.19,0.13,0.21,Conspecific Control,STTC,7,40,19,20,0.092198582,39,423,T,T,0,0,1,19,59,1,384,6,S,9,31,0.25
1020,B20,712220,ST,10:18,54,0,9,54,0,15,LW,D,,Nov-2-2023,2023,11,2,0.166666667,0.277777778,0.13,0.21,0.16,0.24,Allospecific Null,STH0,7,108,5,7,0.030927835,12,388,T,H,1,1,1,20,60,1,376,6,S,24,84,0.166666667
1021,B21,712221,ST,10:19,74,0,13,65,0,20,LW,D,,Nov-2-2023,2023,11,2,0.175675676,0.307692308,0.14,0.23,0.16,0.24,Conspecific Control,STTC,7,139,11,13,0.057007126,24,421,T,T,0,0,1,21,61,1,397,6,S,33,106,0.175675676
1022,B22,712222,ST,11:00,157,0,50,254,0,82,LW,D,,Nov-2-2023,2023,11,2,0.318471338,0.322834646,0.16,0.25,0.16,0.24,Conspecific Control,STTC,7,411,10,8,0.041958042,18,429,T,T,0,0,1,22,62,1,411,6,S,132,279,0.318471338
1023,B23,712223,ST,11:02,101,0,25,116,0,29,LW,D,,Nov-2-2023,2023,11,2,0.247524752,0.25,0.15,0.18,0.14,0.16,Allospecific Null,STH0,7,217,6,9,0.039473684,15,380,T,H,1,1,1,23,63,1,365,6,S,54,163,0.247524752
1024,B24,712224,ST,11:04,47,0,15,85,0,32,LW,D,,Nov-2-2023,2023,11,2,0.319148936,0.376470588,0.14,0.2,0.14,0.19,Allospecific Null,STH0,7,132,14,12,0.18705036,26,139,T,H,1,1,1,24,64,1,113,6,S,47,85,0.319148936
1025,B25,712225,ST,11:06,180,0,63,103,0,32,LW,D,,Nov-2-2023,2023,11,2,0.35,0.310679612,0.13,0.18,0.11,0.19,Allospecific Null,STH0,7,283,12,10,0.034920635,22,630,T,H,1,1,1,25,65,1,608,6,S,95,188,0.35
1026,B26,712226,ST,11:08,28,0,4,17,0,4,LW,D,,Nov-2-2023,2023,11,2,0.142857143,0.235294118,0.14,0.2,0.16,0.21,Conspecific Null,STT0,7,45,2,2,0.007858546,4,509,T,T,1,0,1,26,66,1,505,6,S,8,37,0.142857143
1027,B27,712227,ST,11:10,63,0,9,31,0,7,LW,D,,Nov-2-2023,2023,11,2,0.142857143,0.225806452,0.14,0.18,0.14,0.19,Allospecific Control,STHC,7,94,33,23,0.186666667,56,300,T,H,0,1,1,27,67,1,244,6,S,16,78,0.142857143
1028,B28,712228,ST,11:12,105,0,14,36,0,12,LW,D,,Nov-2-2023,2023,11,2,0.133333333,0.333333333,0.14,0.16,0.15,0.2,Allospecific Null,STH0,7,141,56,54,0.179738562,110,612,T,H,1,1,1,28,68,1,502,6,S,26,115,0.133333333
1029,B29,712229,ST,11:14,0,0,0,0,0,0,LW,D,Extinct,Nov-2-2023,2023,11,2,0,0,0,0,0,0,Allospecific Null,STH0,7,0,0,0,#DIV/0!,0,0,T,H,1,1,1,29,69,1,0,6,S,0,0,0
1030,B30,712230,ST,11:16,5,0,1,55,0,13,LW,D,,Nov-2-2023,2023,11,2,0.2,0.236363636,0.16,0.19,0.16,0.19,Conspecific Null,STT0,7,60,6,7,0.023897059,13,544,T,T,1,0,1,30,70,1,531,6,S,14,46,0.2
1031,B31,712231,ST,11:18,24,0,2,34,0,6,LW,D,,Nov-2-2023,2023,11,2,0.083333333,0.176470588,0.18,0.17,0.15,0.18,Conspecific Null,STT0,7,58,9,16,0.110619469,25,226,T,T,1,0,1,31,71,1,201,6,S,8,50,0.083333333
1032,B32,712232,ST,11:20,46,0,4,9,0,1,LW,D,,Nov-2-2023,2023,11,2,0.086956522,0.111111111,0.12,0.16,0.11,0.16,Allospecific Null,STH0,7,55,3,3,0.01754386,6,342,T,H,1,1,1,32,72,1,336,6,S,5,50,0.086956522
1033,B33,712233,ST,11:22,47,0,9,27,0,7,LW,D,,Nov-2-2023,2023,11,2,0.191489362,0.259259259,0.12,0.2,0.16,0.21,Conspecific Control,STTC,7,74,18,14,0.083333333,32,384,T,T,0,0,1,33,73,1,352,6,S,16,58,0.191489362
1034,B34,712234,ST,11:23,131,0,29,148,0,28,LW,D,,Nov-2-2023,2023,11,2,0.221374046,0.189189189,0.13,0.2,0.12,0.19,Allospecific Control,STHC,7,279,27,25,0.140161725,52,371,T,H,0,1,1,34,74,1,319,6,S,57,222,0.221374046
1035,B35,712235,ST,11:24,245,0,34,92,0,26,LW,D,,Nov-2-2023,2023,11,2,0.13877551,0.282608696,0.12,0.15,0.12,0.18,Allospecific Control,STHC,7,337,42,51,0.34962406,93,266,T,H,0,1,1,35,75,1,173,6,S,60,277,0.13877551
1036,B36,712236,ST,11:25,63,0,17,167,0,55,LW,D,,Nov-2-2023,2023,11,2,0.26984127,0.329341317,0.12,0.22,0.12,0.19,Conspecific Control,STTC,7,230,32,31,0.12936345,63,487,T,T,0,0,1,36,76,1,424,6,S,72,158,0.26984127
1037,B37,712237,ST,11:26,101,0,29,91,0,23,LW,D,,Nov-2-2023,2023,11,2,0.287128713,0.252747253,0.12,0.14,0.13,0.15,Conspecific Null,STT0,7,192,13,31,0.120879121,44,364,T,T,1,0,1,37,77,1,320,6,S,52,140,0.287128713
1038,B38,712238,ST,11:27,119,0,22,230,0,77,LW,D,,Nov-2-2023,2023,11,2,0.18487395,0.334782609,0.15,0.15,0.16,0.16,Conspecific Control,STTC,7,349,7,8,0.030241935,15,496,T,T,0,0,1,38,78,1,481,6,S,99,250,0.18487395
1039,B39,712239,ST,11:28,108,0,20,29,0,5,LW,D,,Nov-2-2023,2023,11,2,0.185185185,0.172413793,0.14,0.21,0.16,0.18,Allospecific Null,STH0,7,137,37,29,0.191860465,66,344,T,H,1,1,1,39,79,1,278,6,S,25,112,0.185185185
1040,B40,712240,ST,11:29,69,0,16,41,0,9,LW,D,,Nov-2-2023,2023,11,2,0.231884058,0.219512195,0.15,0.16,0.12,0.17,Allospecific Null,STH0,7,110,4,4,0.010854817,8,737,T,H,1,1,1,40,80,1,729,6,S,25,85,0.231884058
1041,C01,712301,MH,11:30,108,0,49,84,0,20,LW,D,,Nov-2-2023,2023,11,2,0.453703704,0.238095238,0.12,0.14,0.17,0.16,Allospecific Null,MHT0,7,192,14,13,0.060674157,27,445,H,T,1,1,2,1,81,1,418,6,M,69,123,0.453703704
1042,C02,712302,MH,11:31,146,0,45,250,0,58,LW,D,,Nov-2-2023,2023,11,2,0.308219178,0.232,0.14,0.16,0.15,0.19,Allospecific Control,MHTC,7,396,7,17,0.061696658,24,389,H,T,0,1,2,2,82,1,365,6,M,103,293,0.308219178
1043,C03,712303,MH,11:32,276,0,90,64,0,34,LW,D,,Nov-2-2023,2023,11,2,0.326086957,0.53125,0.12,0.16,0.15,0.18,Conspecific Control,MHHC,7,340,13,12,0.075301205,25,332,H,H,0,0,2,3,83,1,307,6,M,124,216,0.326086957
1044,C04,712304,MH,11:33,138,0,44,98,0,26,LW,D,,Nov-2-2023,2023,11,2,0.31884058,0.265306122,0.16,0.15,0.14,0.17,Allospecific Null,MHT0,7,236,17,15,0.091954023,32,348,H,T,1,1,2,4,84,1,316,6,M,70,166,0.31884058
1045,C05,712305,MH,11:34,39,0,14,32,0,5,LW,D,,Nov-2-2023,2023,11,2,0.358974359,0.15625,0.13,0.16,0.15,0.16,Conspecific Control,MHHC,7,71,9,13,0.051886792,22,424,H,H,0,0,2,5,85,1,402,6,M,19,52,0.358974359
1046,C06,712306,MH,11:35,129,0,34,123,0,24,LW,D,,Nov-2-2023,2023,11,2,0.263565891,0.195121951,0.15,0.17,0.19,0.2,Allospecific Null,MHT0,7,252,11,7,0.045,18,400,H,T,1,1,2,6,86,1,382,6,M,58,194,0.263565891
1047,C07,712307,MH,11:36,126,0,31,88,0,20,LW,D,,Nov-2-2023,2023,11,2,0.246031746,0.227272727,0.12,0.16,0.16,0.18,Allospecific Control,MHTC,7,214,1,5,0.010830325,6,554,H,T,0,1,2,7,87,1,548,6,M,51,163,0.246031746
1048,C08,712308,MH,11:37,82,0,19,30,0,6,LW,D,,Nov-2-2023,2023,11,2,0.231707317,0.2,0.13,0.15,0.12,0.15,Conspecific Null,MHH0,7,112,6,27,0.039855072,33,828,H,H,1,0,2,8,88,1,795,6,M,25,87,0.231707317
1049,C09,712309,MH,11:38,149,0,30,63,0,21,LW,D,,Nov-2-2023,2023,11,2,0.201342282,0.333333333,0.14,0.15,0.16,0.17,Conspecific Control,MHHC,7,212,41,30,0.109737249,71,647,H,H,0,0,2,9,89,1,576,6,M,51,161,0.201342282
1050,C10,712310,MH,11:39,113,0,20,202,0,51,LW,D,,Nov-2-2023,2023,11,2,0.17699115,0.252475248,0.13,0.14,0.17,0.16,Allospecific Control,MHTC,7,315,6,3,0.019271949,9,467,H,T,0,1,2,10,90,1,458,6,M,71,244,0.17699115
1051,C11,712311,MH,11:40,323,0,62,53,0,11,LW,D,,Nov-2-2023,2023,11,2,0.191950464,0.20754717,0.15,0.18,0.2,0.19,Allospecific Null,MHT0,7,376,0,10,0.026315789,10,380,H,T,1,1,2,11,91,1,370,6,M,73,303,0.191950464
1052,C12,712312,MH,11:41,218,0,70,81,0,20,LW,D,,Nov-2-2023,2023,11,2,0.321100917,0.24691358,0.16,0.21,0.17,0.2,Conspecific Null,MHH0,7,299,9,15,0.022325581,24,1075,H,H,1,0,2,12,92,1,1051,6,M,90,209,0.321100917
1053,C13,712313,MH,11:42,50,0,12,6,0,1,LW,D,,Nov-2-2023,2023,11,2,0.24,0.166666667,0.15,0.2,0.15,0.2,Conspecific Control,MHHC,7,56,11,15,0.062200957,26,418,H,H,0,0,2,13,93,1,392,6,M,13,43,0.24
1054,C14,712314,MH,11:43,158,0,54,79,0,25,LW,D,,Nov-2-2023,2023,11,2,0.341772152,0.316455696,0.15,0.16,0.18,0.18,Conspecific Control,MHHC,7,237,11,11,0.039783002,22,553,H,H,0,0,2,14,94,1,531,6,M,79,158,0.341772152
1055,C15,712315,MH,11:50,261,0,120,80,0,23,LW,D,,Nov-2-2023,2023,11,2,0.459770115,0.2875,0.14,0.16,0.17,0.18,Conspecific Null,MHH0,7,341,38,45,0.136963696,83,606,H,H,1,0,2,15,95,1,523,6,M,143,198,0.459770115
1056,C16,712316,MH,12:30,149,0,20,36,0,10,LW,D,,Nov-2-2023,2023,11,2,0.134228188,0.277777778,0.12,0.17,0.17,0.19,Conspecific Null,MHH0,7,185,39,63,0.297376093,102,343,H,H,1,0,2,16,96,1,241,6,M,30,155,0.134228188
1057,C17,712317,MH,12:32,239,0,51,145,0,47,LW,D,,Nov-2-2023,2023,11,2,0.213389121,0.324137931,0.15,0.16,0.2,0.2,Allospecific Null,MHT0,7,384,8,5,0.027542373,13,472,H,T,1,1,2,17,97,1,459,6,M,98,286,0.213389121
1058,C18,712318,MH,12:34,199,0,45,134,0,38,LW,D,,Nov-2-2023,2023,11,2,0.226130653,0.28358209,0.15,0.21,0.19,0.2,Conspecific Null,MHH0,7,333,34,15,0.082630691,49,593,H,H,1,0,2,18,98,1,544,6,M,83,250,0.226130653
1059,C19,712319,MH,12:36,46,0,12,20,0,6,LW,D,,Nov-2-2023,2023,11,2,0.260869565,0.3,0.14,0.18,0.18,0.22,Allospecific Null,MHT0,7,66,1,5,0.012448133,6,482,H,T,1,1,2,19,99,1,476,6,M,18,48,0.260869565
1060,C20,712320,MH,12:38,164,0,60,98,0,39,LW,D,,Nov-2-2023,2023,11,2,0.365853659,0.397959184,0.15,0.2,0.2,0.21,Conspecific Null,MHH0,7,262,43,24,0.054693878,67,1225,H,H,1,0,2,20,100,1,1158,6,M,99,163,0.365853659
1061,C21,712321,MH,12:40,153,0,59,57,0,24,LW,D,,Nov-2-2023,2023,11,2,0.385620915,0.421052632,0.14,0.18,0.18,0.2,Conspecific Null,MHH0,7,210,33,45,0.060046189,78,1299,H,H,1,0,2,21,101,1,1221,6,M,83,127,0.385620915
1062,C22,712322,MH,12:42,108,0,46,45,0,18,LW,D,,Nov-2-2023,2023,11,2,0.425925926,0.4,0.17,0.2,0.18,0.18,Conspecific Control,MHHC,7,153,4,16,0.039138943,20,511,H,H,0,0,2,22,102,1,491,6,M,64,89,0.425925926
1063,C23,712323,MH,12:44,336,0,76,180,0,58,LW,D,,Nov-2-2023,2023,11,2,0.226190476,0.322222222,0.14,0.18,0.15,0.17,Allospecific Null,MHT0,7,516,26,28,0.142480211,54,379,H,T,1,1,2,23,103,1,325,6,M,134,382,0.226190476
1064,C24,712324,MH,12:46,201,0,64,308,0,93,LW,D,,Nov-2-2023,2023,11,2,0.31840796,0.301948052,0.12,0.18,0.2,0.18,Allospecific Null,MHT0,7,509,3,2,0.025906736,5,193,H,T,1,1,2,24,104,1,188,6,M,157,352,0.31840796
1065,C25,712325,MH,12:48,156,0,45,87,0,42,LW,D,,Nov-2-2023,2023,11,2,0.288461538,0.482758621,0.13,0.16,0.19,0.18,Conspecific Control,MHHC,7,243,3,14,0.05862069,17,290,H,H,0,0,2,25,105,1,273,6,M,87,156,0.288461538
1066,C26,712326,MH,12:50,63,0,23,112,0,35,LW,D,,Nov-2-2023,2023,11,2,0.365079365,0.3125,0.16,0.14,0.19,0.17,Conspecific Null,MHH0,7,175,2,3,0.011135857,5,449,H,H,1,0,2,26,106,1,444,6,M,58,117,0.365079365
1067,C27,712327,MH,12:52,40,0,13,15,0,4,LW,D,,Nov-2-2023,2023,11,2,0.325,0.266666667,0.14,0.18,0.14,0.16,Allospecific Null,MHT0,7,55,28,15,0.067292645,43,639,H,T,1,1,2,27,107,1,596,6,M,17,38,0.325
1068,C28,712328,MH,12:54,88,0,27,54,0,24,LW,D,,Nov-2-2023,2023,11,2,0.306818182,0.444444444,0.15,0.19,0.16,0.17,Allospecific Control,MHTC,7,142,2,4,0.014084507,6,426,H,T,0,1,2,28,108,1,420,6,M,51,91,0.306818182
1069,C29,712329,MH,12:56,140,0,51,75,0,33,LW,D,,Nov-2-2023,2023,11,2,0.364285714,0.44,0.14,0.18,0.15,0.19,Conspecific Control,MHHC,7,215,49,31,0.149812734,80,534,H,H,0,0,2,29,109,1,454,6,M,84,131,0.364285714
1070,C30,712330,MH,12:58,180,0,66,174,0,47,LW,D,,Nov-2-2023,2023,11,2,0.366666667,0.270114943,0.12,0.18,0.14,0.19,Allospecific Control,MHTC,7,354,10,5,0.032327586,15,464,H,T,0,1,2,30,110,1,449,6,M,113,241,0.366666667
1071,C31,712331,MH,13:00,173,0,57,124,0,53,LW,D,,Nov-2-2023,2023,11,2,0.329479769,0.427419355,0.18,0.21,0.18,0.24,Conspecific Control,MHHC,7,297,0,0,0,0,612,H,H,0,0,2,31,111,1,612,6,M,110,187,0.329479769
1072,C32,712332,MH,13:02,84,0,31,121,0,37,LW,D,,Nov-2-2023,2023,11,2,0.369047619,0.305785124,0.12,0.14,0.15,0.14,Conspecific Null,MHH0,7,205,39,52,0.26300578,91,346,H,H,1,0,2,32,112,1,255,6,M,68,137,0.369047619
1073,C33,712333,MH,13:04,82,0,16,42,0,16,LW,D,,Nov-2-2023,2023,11,2,0.195121951,0.380952381,0.15,0.14,0.14,0.16,Allospecific Control,MHTC,7,124,21,32,0.107723577,53,492,H,T,0,1,2,33,113,1,439,6,M,32,92,0.195121951
1074,C34,712334,MH,13:06,68,0,17,106,0,38,LW,D,,Nov-2-2023,2023,11,2,0.25,0.358490566,0.12,0.17,0.14,0.16,Allospecific Control,MHTC,7,174,36,7,0.178423237,43,241,H,T,0,1,2,34,114,1,198,6,M,55,119,0.25
1075,C35,712335,MH,13:08,123,0,38,131,0,37,LW,D,,Nov-2-2023,2023,11,2,0.308943089,0.282442748,0.15,0.15,0.19,0.16,Allospecific Null,MHT0,7,254,10,13,0.03807947,23,604,H,T,1,1,2,35,115,1,581,6,M,75,179,0.308943089
1076,C36,712336,MH,13:10,298,0,86,167,0,46,LW,D,,Nov-2-2023,2023,11,2,0.288590604,0.275449102,0.16,0.18,0.2,0.16,Allospecific Control,MHTC,7,465,40,36,0.141263941,76,538,H,T,0,1,2,36,116,1,462,6,M,132,333,0.288590604
1077,C37,712337,MH,13:12,92,0,26,44,0,12,LW,D,,Nov-2-2023,2023,11,2,0.282608696,0.272727273,0.16,0.18,0.16,0.21,Conspecific Control,MHHC,7,136,5,5,0.016420361,10,609,H,H,0,0,2,37,117,1,599,6,M,38,98,0.282608696
1078,C38,712338,MH,13:14,192,0,63,155,0,50,LW,D,,Nov-2-2023,2023,11,2,0.328125,0.322580645,0.13,0.16,0.21,0.18,Conspecific Null,MHH0,7,347,5,13,0.036363636,18,495,H,H,1,0,2,38,118,1,477,6,M,113,234,0.328125
1079,C39,712339,MH,13:16,151,0,33,136,0,46,LW,D,,Nov-2-2023,2023,11,2,0.218543046,0.338235294,0.16,0.21,0.14,0.18,Allospecific Control,MHTC,7,287,5,53,0.132723112,58,437,H,T,0,1,2,39,119,1,379,6,M,79,208,0.218543046
1080,C40,712340,MH,13:18,139,0,75,46,0,21,LW,D,,Nov-2-2023,2023,11,2,0.539568345,0.456521739,0.15,0.19,0.21,0.21,Allospecific Control,MHTC,7,185,21,12,0.230769231,33,143,H,T,0,1,2,40,120,1,110,6,M,96,89,0.539568345
1081,D01,712401,MT,13:20,153,0,62,67,0,26,LW,D,,Nov-2-2023,2023,11,2,0.405228758,0.388059701,0.18,0.2,0.17,0.2,Conspecific Null,MTT0,7,220,18,20,0.160337553,38,237,T,T,1,0,3,1,121,1,199,6,M,88,132,0.405228758
1082,D02,712402,MT,13:22,3,0,1,2,0,0,LW,D,,Nov-2-2023,2023,11,2,0.333333333,0,0.18,0.19,0,0.23,Conspecific Null,MTT0,7,5,55,67,1,26,26,T,T,1,0,3,2,122,1,96,6,M,1,4,0.333333333
1083,D03,712403,MT,13:24,22,0,8,30,0,9,LW,D,,Nov-2-2023,2023,11,2,0.363636364,0.3,0.17,0.19,0.17,0.19,Conspecific Control,MTTC,7,52,10,13,0.047131148,23,488,T,T,0,0,3,3,123,1,465,6,M,17,35,0.363636364
1084,D04,712404,MT,13:26,75,0,33,26,0,9,LW,D,,Nov-2-2023,2023,11,2,0.44,0.346153846,0.17,0.22,0.21,0.16,Allospecific Null,MTH0,7,101,23,31,0.120805369,54,447,T,H,1,1,3,4,124,1,393,6,M,42,59,0.44
1085,D05,712405,MT,13:28,109,0,44,141,0,77,LW,D,,Nov-2-2023,2023,11,2,0.403669725,0.546099291,0.15,0.18,0.17,0.21,Conspecific Null,MTT0,7,250,11,11,0.104761905,22,210,T,T,1,0,3,5,125,1,188,6,M,121,129,0.403669725
1086,D06,712406,MT,13:30,129,0,65,90,0,47,LW,D,,Nov-2-2023,2023,11,2,0.503875969,0.522222222,0.17,0.2,0.2,0.2,Conspecific Control,MTTC,7,219,16,17,0.15942029,33,207,T,T,0,0,3,6,126,1,174,6,M,112,107,0.503875969
1087,D07,712407,MT,13:32,53,0,23,45,0,19,LW,D,,Nov-2-2023,2023,11,2,0.433962264,0.422222222,0.15,0.2,0.13,0.21,Allospecific Control,MTHC,7,98,24,54,0.553191489,78,141,T,H,0,1,3,7,127,1,63,6,M,42,56,0.433962264
1088,D08,712408,MT,13:34,333,0,130,247,0,151,LW,D,,Nov-2-2023,2023,11,2,0.39039039,0.611336032,0.19,0.21,0.22,0.24,Conspecific Null,MTT0,7,580,25,18,0.087044534,43,494,T,T,1,0,3,8,128,1,451,6,M,281,299,0.39039039
1089,D10,712409,MT,13:36,192,0,80,196,0,92,LW,D,,Nov-2-2023,2023,11,2,0.416666667,0.469387755,0.16,0.2,0.14,0.23,Conspecific Control,MTTC,7,388,48,56,0.246445498,104,422,T,T,0,0,3,10,130,1,318,6,M,172,216,0.416666667
1090,D12,712410,MT,13:38,113,0,47,50,0,20,LW,D,,Nov-2-2023,2023,11,2,0.415929204,0.4,0.17,0.2,0.2,0.23,Allospecific Control,MTHC,7,163,41,51,0.414414414,92,222,T,H,0,1,3,12,132,1,130,6,M,67,96,0.415929204
1091,D11,712411,MT,13:40,140,0,44,93,0,49,LW,D,,Nov-2-2023,2023,11,2,0.314285714,0.52688172,0.13,0.16,0.15,0.2,Conspecific Control,MTTC,7,233,9,27,0.225,36,160,T,T,0,0,3,11,131,1,124,6,M,93,140,0.314285714
1092,D24,712424,MT,13:42,14,0,4,8,0,3,LW,D,,Nov-2-2023,2023,11,2,0.285714286,0.375,0.18,0.17,0.2,0.21,Conspecific Null,MTT0,7,22,26,26,0.096654275,52,538,T,T,1,0,3,24,144,1,486,6,M,7,15,0.285714286
1093,D13,712413,MT,13:44,89,0,26,126,0,41,LW,D,,Nov-2-2023,2023,11,2,0.292134831,0.325396825,0.12,0.18,0.13,0.19,Allospecific Null,MTH0,7,215,19,28,0.394957983,47,119,T,H,1,1,3,13,133,1,72,6,M,67,148,0.292134831
1094,D14,712414,MT,13:46,240,0,117,360,0,116,LW,D,,Nov-2-2023,2023,11,2,0.4875,0.322222222,0.17,0.19,0.2,0.24,Conspecific Control,MTTC,7,600,16,23,0.066895369,39,583,T,T,0,0,3,14,134,1,544,6,M,233,367,0.4875
1095,D15,712415,MT,14:20,165,0,80,140,0,77,LW,D,,Nov-2-2023,2023,11,2,0.484848485,0.55,0.18,0.2,0.15,0.2,Allospecific Null,MTH0,7,305,32,32,0.152380952,64,420,T,H,1,1,3,15,135,1,356,6,M,157,148,0.484848485
1096,D16,712416,MT,14:23,63,0,41,60,0,28,LW,D,,Nov-2-2023,2023,11,2,0.650793651,0.466666667,0.17,0.2,0.24,0.27,Allospecific Control,MTHC,7,123,9,16,0.048828125,25,512,T,H,0,1,3,16,136,1,487,6,M,69,54,0.650793651
1097,D17,712417,MT,14:26,107,0,31,206,0,58,LW,D,,Nov-2-2023,2023,11,2,0.289719626,0.281553398,0.19,0.2,0.15,0.2,Allospecific Control,MTHC,7,313,15,19,0.135458167,34,251,T,H,0,1,3,17,137,1,217,6,M,89,224,0.289719626
1098,D18,712418,MT,14:29,37,0,14,55,0,25,LW,D,,Nov-2-2023,2023,11,2,0.378378378,0.454545455,0.16,0.19,0.15,0.22,Allospecific Null,MTH0,7,92,32,40,0.393442623,72,183,T,H,1,1,3,18,138,1,111,6,M,39,53,0.378378378
1099,D19,712419,MT,14:32,26,0,6,32,0,14,LW,D,,Nov-2-2023,2023,11,2,0.230769231,0.4375,0.17,0.15,0.16,0.15,Allospecific Null,MTH0,7,58,23,17,0.115273775,40,347,T,H,1,1,3,19,139,1,307,6,M,20,38,0.230769231
1100,D20,712420,MT,14:35,59,0,21,25,0,11,LW,D,,Nov-2-2023,2023,11,2,0.355932203,0.44,0.14,0.2,0.16,0.17,Conspecific Control,MTTC,7,84,33,54,0.319852941,87,272,T,T,0,0,3,20,140,1,185,6,M,32,52,0.355932203
1101,D21,712421,MT,14:38,71,0,23,109,0,34,LW,D,,Nov-2-2023,2023,11,2,0.323943662,0.311926606,0.15,0.2,0.14,0.27,Conspecific Null,MTT0,7,180,27,19,0.068965517,46,667,T,T,1,0,3,21,141,1,621,6,M,57,123,0.323943662
1102,D22,712422,MT,14:41,95,0,36,150,0,69,LW,D,,Nov-2-2023,2023,11,2,0.378947368,0.46,0.19,0.2,0.18,0.25,Allospecific Control,MTHC,7,245,8,35,0.066874028,43,643,T,H,0,1,3,22,142,1,600,6,M,105,140,0.378947368
1103,D23,712423,MT,14:44,116,0,70,23,0,11,LW,D,,Nov-2-2023,2023,11,2,0.603448276,0.47826087,0.17,0.19,0.21,0.2,Allospecific Null,MTH0,7,139,3,7,0.058139535,10,172,T,H,1,1,3,23,143,1,162,6,M,81,58,0.603448276
1104,D09,712424,MT,14:47,16,0,7,12,0,6,LW,D,,Nov-2-2023,2023,11,2,0.4375,0.5,0.18,0.18,0.19,0.21,Conspecific Null,MTT0,7,28,4,12,0.188235294,16,85,T,T,1,0,3,9,129,1,69,6,M,13,15,0.4375
1105,D25,712425,MT,14:50,249,0,82,99,0,45,LW,D,,Nov-2-2023,2023,11,2,0.329317269,0.454545455,0.15,0.2,0.16,0.22,Conspecific Control,MTTC,7,348,18,12,0.038461538,30,780,T,T,0,0,3,25,145,1,750,6,M,127,221,0.329317269
1106,D26,712426,MT,14:53,352,0,175,298,0,113,LW,D,,Nov-2-2023,2023,11,2,0.497159091,0.379194631,0.16,0.19,0.15,0.17,Conspecific Control,MTTC,7,650,20,35,0.056935818,55,966,T,T,0,0,3,26,146,1,911,6,M,288,362,0.497159091
1107,D27,712427,MT,14:56,59,0,39,53,0,19,LW,D,,Nov-2-2023,2023,11,2,0.661016949,0.358490566,0.17,0.2,0.17,0.22,Allospecific Control,MTHC,7,112,17,24,0.145390071,41,282,T,H,0,1,3,27,147,1,241,6,M,58,54,0.661016949
1108,D28,712428,MT,14:59,86,0,28,56,0,15,LW,D,,Nov-2-2023,2023,11,2,0.325581395,0.267857143,0.15,0.2,0.18,0.22,Allospecific Control,MTHC,7,142,14,21,0.14957265,35,234,T,H,0,1,3,28,148,1,199,6,M,43,99,0.325581395
1109,D29,712429,MT,15:02,63,0,19,22,0,8,LW,D,,Nov-2-2023,2023,11,2,0.301587302,0.363636364,0.19,0.16,0.16,0.21,Conspecific Null,MTT0,7,85,8,13,0.057534247,21,365,T,T,1,0,3,29,149,1,344,6,M,27,58,0.301587302
1110,D30,712430,MT,15:05,50,0,23,79,0,20,LW,D,,Nov-2-2023,2023,11,2,0.46,0.253164557,0.15,0.16,0.15,0.25,Allospecific Null,MTH0,7,129,58,27,0.393518519,85,216,T,H,1,1,3,30,150,1,131,6,M,43,86,0.46
1111,D31,712431,MT,15:08,31,0,8,128,0,48,LW,D,,Nov-2-2023,2023,11,2,0.258064516,0.375,0.15,0.2,0.14,0.19,Allospecific Null,MTH0,7,159,15,21,0.07775378,36,463,T,H,1,1,3,31,151,1,427,6,M,56,103,0.258064516
1112,D32,712432,MT,15:11,116,0,51,239,0,113,LW,D,,Nov-2-2023,2023,11,2,0.439655172,0.472803347,0.2,0.18,0.22,0.15,Conspecific Null,MTT0,7,355,14,15,0.084795322,29,342,T,T,1,0,3,32,152,1,313,6,M,164,191,0.439655172
1113,D33,712433,MT,15:14,141,0,60,87,0,23,LW,D,,Nov-2-2023,2023,11,2,0.425531915,0.264367816,0.13,0.18,0.13,0.14,Allospecific Control,MTHC,7,228,8,55,0.116022099,63,543,T,H,0,1,3,33,153,1,480,6,M,83,145,0.425531915
1114,D34,712434,MT,15:17,80,0,39,177,0,62,LW,D,,Nov-2-2023,2023,11,2,0.4875,0.350282486,0.13,0.2,0.17,0.23,Conspecific Control,MTTC,7,257,19,21,0.060422961,40,662,T,T,0,0,3,34,154,1,622,6,M,101,156,0.4875
1115,D35,712435,MT,15:20,209,0,105,214,0,138,LW,D,,Nov-2-2023,2023,11,2,0.502392344,0.644859813,0.19,0.2,0.18,0.2,Allospecific Null,MTH0,7,423,6,7,0.018284107,13,711,T,H,1,1,3,35,155,1,698,6,M,243,180,0.502392344
1116,D36,712436,MT,15:23,56,0,13,152,0,53,LW,D,,Nov-2-2023,2023,11,2,0.232142857,0.348684211,0.17,0.19,0.19,0.23,Allospecific Null,MTH0,7,208,23,28,0.137837838,51,370,T,H,1,1,3,36,156,1,319,6,M,66,142,0.232142857
1117,D37,712437,MT,15:26,39,0,10,44,0,20,LW,D,,Nov-2-2023,2023,11,2,0.256410256,0.454545455,0.12,0.22,0.13,0.23,Allospecific Control,MTHC,7,83,34,28,0.208053691,62,298,T,H,0,1,3,37,157,1,236,6,M,30,53,0.256410256
1118,D38,712438,MT,15:29,104,0,44,77,0,30,LW,D,,Nov-2-2023,2023,11,2,0.423076923,0.38961039,0.13,0.18,0.18,0.18,Allospecific Control,MTHC,7,181,14,17,0.0496,31,625,T,H,0,1,3,38,158,1,594,6,M,74,107,0.423076923
1119,D39,712439,MT,15:32,41,0,18,26,0,12,LW,D,,Nov-2-2023,2023,11,2,0.43902439,0.461538462,0.18,0.21,0.21,0.27,Conspecific Control,MTTC,7,67,6,11,0.020782396,17,818,T,T,0,0,3,39,159,1,801,6,M,30,37,0.43902439
1120,D40,712440,MT,15:35,110,0,66,145,0,47,LW,D,,Nov-2-2023,2023,11,2,0.6,0.324137931,0.14,0.17,0.13,0.16,Conspecific Null,MTT0,7,255,15,13,0.050909091,28,550,T,T,1,0,3,40,160,1,522,6,M,113,142,0.6
1121,A01,812101,SH,09:34,107,NA,43,77,NA,43,LW,D,,Nov-13-2023,2023,11,13,0.401869159,0.558441558,NA,NA,NA,NA,Conspecific Null,SHH0,8,184,2,19,0.04338843,21,484,H,H,1,0,0,1,1,1,463,7,S,86,98,0.401869159
1122,A02,812102,SH,09:35,79,NA,13,86,NA,16,LW,D,,Nov-13-2023,2023,11,13,0.164556962,0.186046512,NA,NA,NA,NA,Conspecific Control,SHHC,8,165,53,32,0.181236674,85,469,H,H,0,0,0,2,2,1,384,7,S,29,136,0.164556962
1123,A03,812103,SH,09:36,133,NA,18,96,NA,28,LW,D,,Nov-13-2023,2023,11,13,0.135338346,0.291666667,NA,NA,NA,NA,Allospecific Control,SHTC,8,229,25,24,0.13172043,49,372,H,T,0,1,0,3,3,1,323,7,S,46,183,0.135338346
1124,A04,812104,SH,09:37,40,NA,10,40,NA,12,LW,D,,Nov-13-2023,2023,11,13,0.25,0.3,NA,NA,NA,NA,Allospecific Null,SHT0,8,80,19,59,0.137809187,78,566,H,T,1,1,0,4,4,1,488,7,S,22,58,0.25
1125,A05,812105,SH,09:38,91,NA,25,49,NA,8,LW,D,,Nov-13-2023,2023,11,13,0.274725275,0.163265306,NA,NA,NA,NA,Allospecific Null,SHT0,8,140,50,47,0.061392405,97,1580,H,T,1,1,0,5,5,1,1483,7,S,33,107,0.274725275
1126,A06,812106,SH,09:39,70,NA,15,65,NA,15,LW,D,,Nov-13-2023,2023,11,13,0.214285714,0.230769231,NA,NA,NA,NA,Allospecific Control,SHTC,8,135,6,14,0.024721879,20,809,H,T,0,1,0,6,6,1,789,7,S,30,105,0.214285714
1127,A07,812107,SH,09:40,14,NA,5,71,NA,9,LW,D,,Nov-13-2023,2023,11,13,0.357142857,0.126760563,NA,NA,NA,NA,Conspecific Control,SHHC,8,85,26,16,0.038745387,42,1084,H,H,0,0,0,7,7,1,1042,7,S,14,71,0.357142857
1128,A08,812108,SH,09:41,57,NA,17,67,NA,26,LW,D,,Nov-13-2023,2023,11,13,0.298245614,0.388059701,NA,NA,NA,NA,Conspecific Null,SHH0,8,124,25,45,0.089858793,70,779,H,H,1,0,0,8,8,1,709,7,S,43,81,0.298245614
1129,A09,812109,SH,09:42,112,NA,32,76,NA,15,LW,D,,Nov-13-2023,2023,11,13,0.285714286,0.197368421,NA,NA,NA,NA,Allospecific Control,SHTC,8,188,21,11,0.048484848,32,660,H,T,0,1,0,9,9,1,628,7,S,47,141,0.285714286
1130,A10,812110,SH,09:44,0,NA,0,0,NA,0,LW,D,Extinct,Nov-13-2023,2023,11,13,0,0,NA,NA,NA,NA,Conspecific Null,SHH0,8,0,0,0,0,0,19,H,H,1,0,0,10,10,1,19,7,S,0,0,0
1131,A11,812111,SH,09:46,229,NA,73,139,NA,68,LW,D,,Nov-13-2023,2023,11,13,0.318777293,0.489208633,NA,NA,NA,NA,Conspecific Control,SHHC,8,368,29,17,0.081128748,46,567,H,H,0,0,0,11,11,1,521,7,S,141,227,0.318777293
1132,A12,812112,SH,09:48,110,NA,77,68,NA,37,LW,D,,Nov-13-2023,2023,11,13,0.7,0.544117647,NA,NA,NA,NA,Conspecific Null,SHH0,8,178,47,38,0.102905569,85,826,H,H,1,0,0,12,12,1,741,7,S,114,64,0.7
1133,A13,812113,SH,09:50,79,NA,35,23,NA,8,LW,D,,Nov-13-2023,2023,11,13,0.443037975,0.347826087,NA,NA,NA,NA,Conspecific Null,SHH0,8,102,42,58,0.119904077,100,834,H,H,1,0,0,13,13,1,734,7,S,43,59,0.443037975
1134,A14,812114,SH,09:52,115,NA,52,49,NA,26,LW,D,,Nov-13-2023,2023,11,13,0.452173913,0.530612245,NA,NA,NA,NA,Allospecific Control,SHTC,8,164,60,80,0.264150943,140,530,H,T,0,1,0,14,14,1,390,7,S,78,86,0.452173913
1135,A15,812115,SH,09:54,53,NA,33,221,NA,52,LW,D,,Nov-13-2023,2023,11,13,0.622641509,0.235294118,NA,NA,NA,NA,Allospecific Null,SHT0,8,274,8,12,0.035335689,20,566,H,T,1,1,0,15,15,1,546,7,S,85,189,0.622641509
1136,A16,812116,SH,09:56,146,NA,36,223,NA,31,LW,D,,Nov-13-2023,2023,11,13,0.246575342,0.139013453,NA,NA,NA,NA,Allospecific Control,SHTC,8,369,25,44,0.101173021,69,682,H,T,0,1,0,16,16,1,613,7,S,67,302,0.246575342
1137,A17,812117,SH,09:58,116,NA,27,69,NA,29,LW,D,,Nov-13-2023,2023,11,13,0.232758621,0.420289855,NA,NA,NA,NA,Conspecific Control,SHHC,8,185,11,35,0.163701068,46,281,H,H,0,0,0,17,17,1,235,7,S,56,129,0.232758621
1138,A18,812118,SH,10:00,113,NA,51,108,NA,66,LW,D,,Nov-13-2023,2023,11,13,0.451327434,0.611111111,NA,NA,NA,NA,Conspecific Control,SHHC,8,221,15,6,0.046666667,21,450,H,H,0,0,0,18,18,1,429,7,S,117,104,0.451327434
1139,A19,812119,SH,10:02,167,NA,41,87,NA,27,LW,D,,Nov-13-2023,2023,11,13,0.245508982,0.310344828,NA,NA,NA,NA,Allospecific Null,SHT0,8,254,37,48,0.15858209,85,536,H,T,1,1,0,19,19,1,451,7,S,68,186,0.245508982
1140,A20,812120,SH,10:04,120,NA,39,105,NA,23,LW,D,,Nov-13-2023,2023,11,13,0.325,0.219047619,NA,NA,NA,NA,Allospecific Control,SHTC,8,225,11,12,0.042201835,23,545,H,T,0,1,0,20,20,1,522,7,S,62,163,0.325
1141,A21,812121,SH,10:06,91,NA,28,60,NA,32,LW,D,,Nov-13-2023,2023,11,13,0.307692308,0.533333333,NA,NA,NA,NA,Conspecific Control,SHHC,8,151,4,11,0.034013605,15,441,H,H,0,0,0,21,21,1,426,7,S,60,91,0.307692308
1142,A22,812122,SH,10:08,147,NA,78,86,NA,35,LW,D,,Nov-13-2023,2023,11,13,0.530612245,0.406976744,NA,NA,NA,NA,Conspecific Null,SHH0,8,233,8,18,0.026859504,26,968,H,H,1,0,0,22,22,1,942,7,S,113,120,0.530612245
1143,A23,812123,SH,10:10,70,NA,47,46,NA,25,LW,D,,Nov-13-2023,2023,11,13,0.671428571,0.543478261,NA,NA,NA,NA,Conspecific Null,SHH0,8,116,8,32,0.063897764,40,626,H,H,1,0,0,23,23,1,586,7,S,72,44,0.671428571
1144,A24,812124,SH,10:12,157,NA,52,38,NA,31,LW,D,,Nov-13-2023,2023,11,13,0.331210191,0.815789474,NA,NA,NA,NA,Allospecific Null,SHT0,8,195,11,13,0.05955335,24,403,H,T,1,1,0,24,24,1,379,7,S,83,112,0.331210191
1145,A25,812125,SH,10:14,37,NA,18,59,NA,15,LW,D,,Nov-13-2023,2023,11,13,0.486486486,0.254237288,NA,NA,NA,NA,Allospecific Control,SHTC,8,96,54,43,0.223502304,97,434,H,T,0,1,0,25,25,1,337,7,S,33,63,0.486486486
1146,A26,812126,SH,10:16,49,NA,38,173,NA,31,LW,D,,Nov-13-2023,2023,11,13,0.775510204,0.179190751,NA,NA,NA,NA,Conspecific Control,SHHC,8,222,21,16,0.075510204,37,490,H,H,0,0,0,26,26,1,453,7,S,69,153,0.775510204
1147,A27,812127,SH,10:18,206,NA,106,114,NA,80,LW,D,,Nov-13-2023,2023,11,13,0.514563107,0.701754386,NA,NA,NA,NA,Allospecific Null,SHT0,8,320,18,6,0.04379562,24,548,H,T,1,1,0,27,27,1,524,7,S,186,134,0.514563107
1148,A28,812128,SH,10:20,115,NA,36,96,NA,29,LW,D,,Nov-13-2023,2023,11,13,0.313043478,0.302083333,NA,NA,NA,NA,Conspecific Control,SHHC,8,211,42,32,0.153526971,74,482,H,H,0,0,0,28,28,1,408,7,S,65,146,0.313043478
1149,A29,812129,SH,10:22,110,NA,58,77,NA,62,LW,D,,Nov-13-2023,2023,11,13,0.527272727,0.805194805,NA,NA,NA,NA,Conspecific Null,SHH0,8,187,2,2,0.005925926,4,675,H,H,1,0,0,29,29,1,671,7,S,120,67,0.527272727
1150,A30,812130,SH,10:22,22,NA,11,29,NA,8,LW,D,,Nov-13-2023,2023,11,13,0.5,0.275862069,NA,NA,NA,NA,Conspecific Null,SHH0,8,51,105,197,0.325080732,302,929,H,H,1,0,0,30,30,1,627,7,S,19,32,0.5
1151,A31,812131,SH,10:24,42,NA,16,46,NA,10,LW,D,,Nov-13-2023,2023,11,13,0.380952381,0.217391304,NA,NA,NA,NA,Allospecific Null,SHT0,8,88,6,2,0.014159292,8,565,H,T,1,1,0,31,31,1,557,7,S,26,62,0.380952381
1152,A32,812132,SH,10:26,136,NA,37,150,NA,30,LW,D,,Nov-13-2023,2023,11,13,0.272058824,0.2,NA,NA,NA,NA,Allospecific Null,SHT0,8,286,16,17,0.081885856,33,403,H,T,1,1,0,32,32,1,370,7,S,67,219,0.272058824
1153,A33,812133,SH,10:28,66,NA,40,91,NA,31,LW,D,,Nov-13-2023,2023,11,13,0.606060606,0.340659341,NA,NA,NA,NA,Conspecific Control,SHHC,8,157,28,29,0.166180758,57,343,H,H,0,0,0,33,33,1,286,7,S,71,86,0.606060606
1154,A34,812134,SH,10:30,143,NA,23,116,NA,33,LW,D,,Nov-13-2023,2023,11,13,0.160839161,0.284482759,NA,NA,NA,NA,Conspecific Control,SHHC,8,259,9,10,0.050531915,19,376,H,H,0,0,0,34,34,1,357,7,S,56,203,0.160839161
1155,A35,812135,SH,10:32,0,NA,0,0,NA,0,LW,D,Extinct,Nov-13-2023,2023,11,13,0,0,NA,NA,NA,NA,Allospecific Control,SHTC,8,0,0,0,0,0,64,H,T,0,1,0,35,35,1,64,7,S,0,0,0
1156,A36,812136,SH,10:34,282,NA,100,140,NA,26,LW,D,,Nov-13-2023,2023,11,13,0.354609929,0.185714286,NA,NA,NA,NA,Allospecific Null,SHT0,8,422,25,33,0.087878788,58,660,H,T,1,1,0,36,36,1,602,7,S,126,296,0.354609929
1157,A37,812137,SH,10:36,63,NA,16,123,NA,38,LW,D,,Nov-13-2023,2023,11,13,0.253968254,0.308943089,NA,NA,NA,NA,Allospecific Control,SHTC,8,186,28,17,0.069767442,45,645,H,T,0,1,0,37,37,1,600,7,S,54,132,0.253968254
1158,A38,812138,SH,10:38,148,NA,43,113,NA,43,LW,D,,Nov-13-2023,2023,11,13,0.290540541,0.380530973,NA,NA,NA,NA,Allospecific Control,SHTC,8,261,8,10,0.02384106,18,755,H,T,0,1,0,38,38,1,737,7,S,86,175,0.290540541
1159,A39,812139,SH,10:40,23,NA,11,15,NA,9,LW,D,,Nov-13-2023,2023,11,13,0.47826087,0.6,NA,NA,NA,NA,Allospecific Null,SHT0,8,38,18,23,0.078393881,41,523,H,T,1,1,0,39,39,1,482,7,S,20,18,0.47826087
1160,A40,812140,SH,10:42,44,NA,15,78,NA,49,LW,D,,Nov-13-2023,2023,11,13,0.340909091,0.628205128,NA,NA,NA,NA,Conspecific Null,SHH0,8,122,35,34,0.193820225,69,356,H,H,1,0,0,40,40,1,287,7,S,64,58,0.340909091
1161,B01,812201,ST,10:44,67,NA,11,77,NA,29,LW,D,,Nov-13-2023,2023,11,13,0.164179104,0.376623377,NA,NA,NA,NA,Conspecific Null,STT0,8,144,6,6,0.025531915,12,470,T,T,1,0,1,1,41,1,458,7,S,40,104,0.164179104
1162,B02,812202,ST,10:46,14,NA,3,46,NA,10,LW,D,,Nov-13-2023,2023,11,13,0.214285714,0.217391304,NA,NA,NA,NA,Allospecific Control,STHC,8,60,40,44,0.383561644,84,219,T,H,0,1,1,2,42,1,135,7,S,13,47,0.214285714
1163,B03,812203,ST,10:48,188,NA,29,93,NA,22,LW,D,,Nov-13-2023,2023,11,13,0.154255319,0.23655914,NA,NA,NA,NA,Allospecific Control,STHC,8,281,49,35,0.22826087,84,368,T,H,0,1,1,3,43,1,284,7,S,51,230,0.154255319
1164,B04,812204,ST,10:50,30,NA,13,61,NA,15,LW,D,,Nov-13-2023,2023,11,13,0.433333333,0.245901639,NA,NA,NA,NA,Allospecific Control,STHC,8,91,22,25,0.246073298,47,191,T,H,0,1,1,4,44,1,144,7,S,28,63,0.433333333
1165,B05,812205,ST,10:52,78,NA,14,72,NA,16,LW,D,,Nov-13-2023,2023,11,13,0.179487179,0.222222222,NA,NA,NA,NA,Allospecific Control,STHC,8,150,10,14,0.048192771,24,498,T,H,0,1,1,5,45,1,474,7,S,30,120,0.179487179
1166,B06,812206,ST,10:54,199,NA,48,182,NA,53,LW,D,,Nov-13-2023,2023,11,13,0.24120603,0.291208791,NA,NA,NA,NA,Allospecific Control,STHC,8,381,17,25,0.063253012,42,664,T,H,0,1,1,6,46,1,622,7,S,101,280,0.24120603
1167,B07,812207,ST,10:56,62,NA,30,46,NA,28,LW,D,,Nov-13-2023,2023,11,13,0.483870968,0.608695652,NA,NA,NA,NA,Conspecific Control,STTC,8,108,29,40,0.104387292,69,661,T,T,0,0,1,7,47,1,592,7,S,58,50,0.483870968
1168,B08,812208,ST,10:58,91,NA,24,98,NA,18,LW,D,,Nov-13-2023,2023,11,13,0.263736264,0.183673469,NA,NA,NA,NA,Conspecific Control,STTC,8,189,121,132,0.755223881,253,335,T,T,0,0,1,8,48,1,82,7,S,42,147,0.263736264
1169,B09,812209,ST,11:00,83,NA,15,32,NA,3,LW,D,,Nov-13-2023,2023,11,13,0.180722892,0.09375,NA,NA,NA,NA,Conspecific Null,STT0,8,115,16,14,0.047021944,30,638,T,T,1,0,1,9,49,1,608,7,S,18,97,0.180722892
1170,B10,812210,ST,11:02,32,NA,6,39,NA,9,LW,D,,Nov-13-2023,2023,11,13,0.1875,0.230769231,NA,NA,NA,NA,Conspecific Control,STTC,8,71,19,36,0.123595506,55,445,T,T,0,0,1,10,50,1,390,7,S,15,56,0.1875
1171,B11,812211,ST,11:04,121,NA,22,97,NA,34,LW,D,,Nov-13-2023,2023,11,13,0.181818182,0.350515464,NA,NA,NA,NA,Allospecific Control,STHC,8,218,24,37,0.144893112,61,421,T,H,0,1,1,11,51,1,360,7,S,56,162,0.181818182
1172,B12,812212,ST,11:06,59,NA,22,16,NA,11,LW,D,,Nov-13-2023,2023,11,13,0.372881356,0.6875,NA,NA,NA,NA,Allospecific Null,STH0,8,75,31,33,0.079800499,64,802,T,H,1,1,1,12,52,1,738,7,S,33,42,0.372881356
1173,B13,812213,ST,11:08,26,NA,4,28,NA,4,LW,D,,Nov-13-2023,2023,11,13,0.153846154,0.142857143,NA,NA,NA,NA,Conspecific Null,STT0,8,54,7,9,0.024539877,16,652,T,T,1,0,1,13,53,1,636,7,S,8,46,0.153846154
1174,B14,812214,ST,11:10,36,NA,9,59,NA,13,LW,D,,Nov-13-2023,2023,11,13,0.25,0.220338983,NA,NA,NA,NA,Conspecific Null,STT0,8,95,10,11,0.0525,21,400,T,T,1,0,1,14,54,1,379,7,S,22,73,0.25
1175,B15,812215,ST,11:12,49,NA,12,26,NA,18,LW,D,,Nov-13-2023,2023,11,13,0.244897959,0.692307692,NA,NA,NA,NA,Allospecific Control,STHC,8,75,44,49,0.14374034,93,647,T,H,0,1,1,15,55,1,554,7,S,30,45,0.244897959
1176,B16,812216,ST,11:14,139,NA,50,137,NA,33,LW,D,,Nov-13-2023,2023,11,13,0.35971223,0.240875912,NA,NA,NA,NA,Conspecific Null,STT0,8,276,23,30,0.099437148,53,533,T,T,1,0,1,16,56,1,480,7,S,83,193,0.35971223
1177,B17,812217,ST,11:16,53,NA,11,28,NA,13,LW,D,,Nov-13-2023,2023,11,13,0.20754717,0.464285714,NA,NA,NA,NA,Conspecific Control,STTC,8,81,21,22,0.141447368,43,304,T,T,0,0,1,17,57,1,261,7,S,24,57,0.20754717
1178,B18,812218,ST,11:18,137,NA,32,47,NA,4,LW,D,,Nov-13-2023,2023,11,13,0.233576642,0.085106383,NA,NA,NA,NA,Conspecific Null,STT0,8,184,11,14,0.027262814,25,917,T,T,1,0,1,18,58,1,892,7,S,36,148,0.233576642
1179,B19,812219,ST,11:20,45,NA,13,20,NA,11,LW,D,,Nov-13-2023,2023,11,13,0.288888889,0.55,NA,NA,NA,NA,Conspecific Control,STTC,8,65,6,10,0.032388664,16,494,T,T,0,0,1,19,59,1,478,7,S,24,41,0.288888889
1180,B20,812220,ST,11:22,35,NA,8,56,NA,4,LW,D,,Nov-13-2023,2023,11,13,0.228571429,0.071428571,NA,NA,NA,NA,Allospecific Null,STH0,8,91,3,5,0.017660044,8,453,T,H,1,1,1,20,60,1,445,7,S,12,79,0.228571429
1181,B21,812221,ST,11:24,87,NA,13,49,NA,13,LW,D,,Nov-13-2023,2023,11,13,0.149425287,0.265306122,NA,NA,NA,NA,Conspecific Control,STTC,8,136,0,1,0.002188184,1,457,T,T,0,0,1,21,61,1,456,7,S,26,110,0.149425287
1182,B22,812222,ST,11:26,71,NA,20,104,NA,15,LW,D,,Nov-13-2023,2023,11,13,0.281690141,0.144230769,NA,NA,NA,NA,Conspecific Control,STTC,8,175,6,7,0.020733652,13,627,T,T,0,0,1,22,62,1,614,7,S,35,140,0.281690141
1183,B23,812223,ST,11:28,135,NA,31,78,NA,12,LW,D,,Nov-13-2023,2023,11,13,0.22962963,0.153846154,NA,NA,NA,NA,Allospecific Null,STH0,8,213,3,6,0.014516129,9,620,T,H,1,1,1,23,63,1,611,7,S,43,170,0.22962963
1184,B24,812224,ST,11:30,45,NA,15,87,NA,16,LW,D,,Nov-13-2023,2023,11,13,0.333333333,0.183908046,NA,NA,NA,NA,Allospecific Null,STH0,8,132,32,23,0.209125475,55,263,T,H,1,1,1,24,64,1,208,7,S,31,101,0.333333333
1185,B25,812225,ST,11:32,225,NA,80,96,NA,53,LW,D,,Nov-13-2023,2023,11,13,0.355555556,0.552083333,NA,NA,NA,NA,Allospecific Null,STH0,8,321,2,7,0.012747875,9,706,T,H,1,1,1,25,65,1,697,7,S,133,188,0.355555556
1186,B26,812226,ST,11:34,15,NA,2,15,NA,5,LW,D,,Nov-13-2023,2023,11,13,0.133333333,0.333333333,NA,NA,NA,NA,Conspecific Null,STT0,8,30,1,2,0.003264418,3,919,T,T,1,0,1,26,66,1,916,7,S,7,23,0.133333333
1187,B27,812227,ST,11:36,81,NA,10,20,NA,2,LW,D,,Nov-13-2023,2023,11,13,0.12345679,0.1,NA,NA,NA,NA,Allospecific Control,STHC,8,101,11,16,0.052529183,27,514,T,H,0,1,1,27,67,1,487,7,S,12,89,0.12345679
1188,B28,812228,ST,11:38,150,NA,20,25,NA,12,LW,D,,Nov-13-2023,2023,11,13,0.133333333,0.48,NA,NA,NA,NA,Allospecific Null,STH0,8,175,26,59,0.066045066,85,1287,T,H,1,1,1,28,68,1,1202,7,S,32,143,0.133333333
1189,B29,812229,ST,11:40,0,NA,0,0,NA,0,LW,D,Extinct,Nov-13-2023,2023,11,13,0,0,NA,NA,NA,NA,Allospecific Null,STH0,8,0,0,0,#DIV/0!,0,0,T,H,1,1,1,29,69,1,0,7,S,0,0,0
1190,B30,812230,ST,13:00,5,NA,1,60,NA,1,LW,D,,Nov-13-2023,2023,11,13,0.2,0.016666667,NA,NA,NA,NA,Conspecific Null,STT0,8,65,3,3,0.006376196,6,941,T,T,1,0,1,30,70,1,935,7,S,2,63,0.2
1191,B31,812231,ST,13:01,32,NA,22,20,NA,13,LW,D,,Nov-13-2023,2023,11,13,0.6875,0.65,NA,NA,NA,NA,Conspecific Null,STT0,8,52,9,14,0.066091954,23,348,T,T,1,0,1,31,71,1,325,7,S,35,17,0.6875
1192,B32,812232,ST,13:02,50,NA,14,23,NA,11,LW,D,,Nov-13-2023,2023,11,13,0.28,0.47826087,NA,NA,NA,NA,Allospecific Null,STH0,8,73,2,3,0.009615385,5,520,T,H,1,1,1,32,72,1,515,7,S,25,48,0.28
1193,B33,812233,ST,13:03,50,NA,9,17,NA,5,LW,D,,Nov-13-2023,2023,11,13,0.18,0.294117647,NA,NA,NA,NA,Conspecific Control,STTC,8,67,3,7,0.028409091,10,352,T,T,0,0,1,33,73,1,342,7,S,14,53,0.18
1194,B34,812234,ST,13:04,58,NA,6,62,NA,8,LW,D,,Nov-13-2023,2023,11,13,0.103448276,0.129032258,NA,NA,NA,NA,Allospecific Control,STHC,8,120,13,16,0.048333333,29,600,T,H,0,1,1,34,74,1,571,7,S,14,106,0.103448276
1195,B35,812235,ST,13:05,29,NA,9,40,NA,13,LW,D,,Nov-13-2023,2023,11,13,0.310344828,0.325,NA,NA,NA,NA,Allospecific Control,STHC,8,69,46,63,0.222903885,109,489,T,H,0,1,1,35,75,1,380,7,S,22,47,0.310344828
1196,B36,812236,ST,13:06,70,NA,21,142,NA,22,LW,D,,Nov-13-2023,2023,11,13,0.3,0.154929577,NA,NA,NA,NA,Conspecific Control,STTC,8,212,31,40,0.094039735,71,755,T,T,0,0,1,36,76,1,684,7,S,43,169,0.3
1197,B37,812237,ST,13:07,80,NA,34,71,NA,18,LW,D,,Nov-13-2023,2023,11,13,0.425,0.253521127,NA,NA,NA,NA,Conspecific Null,STT0,8,151,13,13,0.051181102,26,508,T,T,1,0,1,37,77,1,482,7,S,52,99,0.425
1198,B38,812238,ST,13:08,95,NA,22,67,NA,24,LW,D,,Nov-13-2023,2023,11,13,0.231578947,0.358208955,NA,NA,NA,NA,Conspecific Control,STTC,8,162,10,14,0.035928144,24,668,T,T,0,0,1,38,78,1,644,7,S,46,116,0.231578947
1199,B39,812239,ST,13:09,43,NA,10,21,NA,7,LW,D,,Nov-13-2023,2023,11,13,0.23255814,0.333333333,NA,NA,NA,NA,Allospecific Null,STH0,8,64,12,13,0.064102564,25,390,T,H,1,1,1,39,79,1,365,7,S,17,47,0.23255814
1200,B40,812240,ST,13:10,51,NA,17,33,NA,10,LW,D,,Nov-13-2023,2023,11,13,0.333333333,0.303030303,NA,NA,NA,NA,Allospecific Null,STH0,8,84,6,6,0.013377926,12,897,T,H,1,1,1,40,80,1,885,7,S,27,57,0.333333333
1201,C01,812301,MH,13:12,119,NA,29,143,NA,26,LW,D,,Nov-13-2023,2023,11,13,0.243697479,0.181818182,NA,NA,NA,NA,Allospecific Null,MHT0,8,262,11,5,0.020278834,16,789,H,T,1,1,2,1,81,1,773,7,M,55,207,0.243697479
1202,C02,812302,MH,13:14,133,NA,43,228,NA,77,LW,D,,Nov-13-2023,2023,11,13,0.323308271,0.337719298,NA,NA,NA,NA,Allospecific Control,MHTC,8,361,11,6,0.036717063,17,463,H,T,0,1,2,2,82,1,446,7,M,120,241,0.323308271
1203,C03,812303,MH,13:16,284,NA,92,232,NA,38,LW,D,,Nov-13-2023,2023,11,13,0.323943662,0.163793103,NA,NA,NA,NA,Conspecific Control,MHHC,8,516,11,7,0.036,18,500,H,H,0,0,2,3,83,1,482,7,M,130,386,0.323943662
1204,C04,812304,MH,13:18,119,NA,46,131,NA,67,LW,D,,Nov-13-2023,2023,11,13,0.386554622,0.511450382,NA,NA,NA,NA,Allospecific Null,MHT0,8,250,11,12,0.049250535,23,467,H,T,1,1,2,4,84,1,444,7,M,113,137,0.386554622
1205,C05,812305,MH,13:20,36,NA,19,53,NA,25,LW,D,,Nov-13-2023,2023,11,13,0.527777778,0.471698113,NA,NA,NA,NA,Conspecific Control,MHHC,8,89,15,3,0.028526149,18,631,H,H,0,0,2,5,85,1,613,7,M,44,45,0.527777778
1206,C06,812306,MH,13:22,171,NA,48,117,NA,41,LW,D,,Nov-13-2023,2023,11,13,0.280701754,0.35042735,NA,NA,NA,NA,Allospecific Null,MHT0,8,288,20,5,0.054704595,25,457,H,T,1,1,2,6,86,1,432,7,M,89,199,0.280701754
1207,C07,812307,MH,13:24,110,NA,23,58,NA,17,LW,D,,Nov-13-2023,2023,11,13,0.209090909,0.293103448,NA,NA,NA,NA,Allospecific Control,MHTC,8,168,2,9,0.017350158,11,634,H,T,0,1,2,7,87,1,623,7,M,40,128,0.209090909
1208,C08,812308,MH,13:26,64,NA,8,32,NA,14,LW,D,,Nov-13-2023,2023,11,13,0.125,0.4375,NA,NA,NA,NA,Conspecific Null,MHH0,8,96,11,24,0.035282258,35,992,H,H,1,0,2,8,88,1,957,7,M,22,74,0.125
1209,C09,812309,MH,13:28,101,NA,21,105,NA,14,LW,D,,Nov-13-2023,2023,11,13,0.207920792,0.133333333,NA,NA,NA,NA,Conspecific Control,MHHC,8,206,54,7,0.05475763,61,1114,H,H,0,0,2,9,89,1,1053,7,M,35,171,0.207920792
1210,C10,812310,MH,13:30,135,NA,20,235,NA,18,LW,D,,Nov-13-2023,2023,11,13,0.148148148,0.076595745,NA,NA,NA,NA,Allospecific Control,MHTC,8,370,8,5,0.016209476,13,802,H,T,0,1,2,10,90,1,789,7,M,38,332,0.148148148
1211,C11,812311,MH,13:32,194,NA,40,137,NA,32,LW,D,,Nov-13-2023,2023,11,13,0.206185567,0.233576642,NA,NA,NA,NA,Allospecific Null,MHT0,8,331,3,8,0.026128266,11,421,H,T,1,1,2,11,91,1,410,7,M,72,259,0.206185567
1212,C12,812312,MH,13:34,149,NA,23,124,NA,35,LW,D,,Nov-13-2023,2023,11,13,0.154362416,0.282258065,NA,NA,NA,NA,Conspecific Null,MHH0,8,273,17,18,0.023240372,35,1506,H,H,1,0,2,12,92,1,1471,7,M,58,215,0.154362416
1213,C13,812313,MH,13:36,7,NA,3,5,NA,5,LW,D,,Nov-13-2023,2023,11,13,0.428571429,1,NA,NA,NA,NA,Conspecific Control,MHHC,8,12,17,12,0.046178344,29,628,H,H,0,0,2,13,93,1,599,7,M,8,4,0.428571429
1214,C14,812314,MH,13:38,248,NA,97,187,NA,68,LW,D,,Nov-13-2023,2023,11,13,0.391129032,0.363636364,NA,NA,NA,NA,Conspecific Control,MHHC,8,435,5,10,0.035377358,15,424,H,H,0,0,2,14,94,1,409,7,M,165,270,0.391129032
1215,C15,812315,MH,13:40,279,NA,83,139,NA,54,LW,D,,Nov-13-2023,2023,11,13,0.297491039,0.388489209,NA,NA,NA,NA,Conspecific Null,MHH0,8,418,49,54,0.181978799,103,566,H,H,1,0,2,15,95,1,463,7,M,137,281,0.297491039
1216,C16,812316,MH,13:42,97,NA,8,35,NA,24,LW,D,,Nov-13-2023,2023,11,13,0.082474227,0.685714286,NA,NA,NA,NA,Conspecific Null,MHH0,8,132,55,48,0.269633508,103,382,H,H,1,0,2,16,96,1,279,7,M,32,100,0.082474227
1217,C17,812317,MH,13:44,305,NA,83,202,NA,49,LW,D,,Nov-13-2023,2023,11,13,0.272131148,0.242574257,NA,NA,NA,NA,Allospecific Null,MHT0,8,507,2,4,0.009022556,6,665,H,T,1,1,2,17,97,1,659,7,M,132,375,0.272131148
1218,C18,812318,MH,13:46,136,NA,26,54,NA,20,LW,D,,Nov-13-2023,2023,11,13,0.191176471,0.37037037,NA,NA,NA,NA,Conspecific Null,MHH0,8,190,58,22,0.125,80,640,H,H,1,0,2,18,98,1,560,7,M,46,144,0.191176471
1219,C19,812319,MH,13:48,15,NA,4,29,NA,15,LW,D,,Nov-13-2023,2023,11,13,0.266666667,0.517241379,NA,NA,NA,NA,Allospecific Null,MHT0,8,44,1,4,0.007961783,5,628,H,T,1,1,2,19,99,1,623,7,M,19,25,0.266666667
1220,C20,812320,MH,13:50,133,NA,30,131,NA,16,LW,D,,Nov-13-2023,2023,11,13,0.22556391,0.122137405,NA,NA,NA,NA,Conspecific Null,MHH0,8,264,47,21,0.057480981,68,1183,H,H,1,0,2,20,100,1,1115,7,M,46,218,0.22556391
1221,C21,812321,MH,13:52,138,NA,38,48,NA,11,LW,D,,Nov-13-2023,2023,11,13,0.275362319,0.229166667,NA,NA,NA,NA,Conspecific Null,MHH0,8,186,13,33,0.037246964,46,1235,H,H,1,0,2,21,101,1,1189,7,M,49,137,0.275362319
1222,C22,812322,MH,13:54,53,NA,14,72,NA,29,LW,D,,Nov-13-2023,2023,11,13,0.264150943,0.402777778,NA,NA,NA,NA,Conspecific Control,MHHC,8,125,3,7,0.016051364,10,623,H,H,0,0,2,22,102,1,613,7,M,43,82,0.264150943
1223,C23,812323,MH,13:56,244,NA,43,108,NA,45,LW,D,,Nov-13-2023,2023,11,13,0.176229508,0.416666667,NA,NA,NA,NA,Allospecific Null,MHT0,8,352,22,18,0.089485459,40,447,H,T,1,1,2,23,103,1,407,7,M,88,264,0.176229508
1224,C24,812324,MH,10:02,272,NA,74,110,NA,21,LW,D,,Nov-13-2023,2023,11,13,0.272058824,0.190909091,NA,NA,NA,NA,Allospecific Null,MHT0,8,382,3,2,0.028248588,5,177,H,T,1,1,2,24,104,1,172,7,M,95,287,0.272058824
1225,C25,812325,MH,10:04,93,NA,28,33,NA,21,LW,D,,Nov-13-2023,2023,11,13,0.301075269,0.636363636,NA,NA,NA,NA,Conspecific Control,MHHC,8,126,3,12,0.065502183,15,229,H,H,0,0,2,25,105,1,214,7,M,49,77,0.301075269
1226,C26,812326,MH,14:20,132,NA,30,105,NA,30,LW,D,,Nov-13-2023,2023,11,13,0.227272727,0.285714286,NA,NA,NA,NA,Conspecific Null,MHH0,8,237,2,1,0.004862237,3,617,H,H,1,0,2,26,106,1,614,7,M,60,177,0.227272727
1227,C27,812327,MH,14:21,23,NA,7,14,NA,10,LW,D,,Nov-13-2023,2023,11,13,0.304347826,0.714285714,NA,NA,NA,NA,Allospecific Null,MHT0,8,37,25,12,0.090686275,37,408,H,T,1,1,2,27,107,1,371,7,M,17,20,0.304347826
1228,C28,812328,MH,14:23,66,NA,17,24,NA,15,LW,D,,Nov-13-2023,2023,11,13,0.257575758,0.625,NA,NA,NA,NA,Allospecific Control,MHTC,8,90,2,2,0.006655574,4,601,H,T,0,1,2,28,108,1,597,7,M,32,58,0.257575758
1229,C29,812329,MH,14:25,59,NA,46,60,NA,42,LW,D,,Nov-13-2023,2023,11,13,0.779661017,0.7,NA,NA,NA,NA,Conspecific Control,MHHC,8,119,42,50,0.16399287,92,561,H,H,0,0,2,29,109,1,469,7,M,88,31,0.779661017
1230,C30,812330,MH,14:26,173,NA,29,164,NA,51,LW,D,,Nov-13-2023,2023,11,13,0.167630058,0.31097561,NA,NA,NA,NA,Allospecific Control,MHTC,8,337,6,5,0.016717325,11,658,H,T,0,1,2,30,110,1,647,7,M,80,257,0.167630058
1231,C31,812331,MH,14:31,201,NA,56,113,NA,70,LW,D,,Nov-13-2023,2023,11,13,0.278606965,0.619469027,NA,NA,NA,NA,Conspecific Control,MHHC,8,314,0,0,0,0,564,H,H,0,0,2,31,111,1,564,7,M,126,188,0.278606965
1232,C32,812332,MH,14:32,73,NA,25,92,NA,20,LW,D,,Nov-13-2023,2023,11,13,0.342465753,0.217391304,NA,NA,NA,NA,Conspecific Null,MHH0,8,165,39,67,0.269035533,106,394,H,H,1,0,2,32,112,1,288,7,M,45,120,0.342465753
1233,C33,812333,MH,14:34,129,NA,22,37,NA,15,LW,D,,Nov-13-2023,2023,11,13,0.170542636,0.405405405,NA,NA,NA,NA,Allospecific Control,MHTC,8,166,21,43,0.1,64,640,H,T,0,1,2,33,113,1,576,7,M,37,129,0.170542636
1234,C34,812334,MH,14:36,38,NA,7,41,NA,16,LW,D,,Nov-13-2023,2023,11,13,0.184210526,0.390243902,NA,NA,NA,NA,Allospecific Control,MHTC,8,79,5,2,0.017721519,7,395,H,T,0,1,2,34,114,1,388,7,M,23,56,0.184210526
1235,C35,812335,MH,14:37,151,NA,35,190,NA,68,LW,D,,Nov-13-2023,2023,11,13,0.231788079,0.357894737,NA,NA,NA,NA,Allospecific Null,MHT0,8,341,13,27,0.125786164,40,318,H,T,1,1,2,35,115,1,278,7,M,103,238,0.231788079
1236,C36,812336,MH,14:38,345,NA,105,127,NA,42,LW,D,,Nov-13-2023,2023,11,13,0.304347826,0.330708661,NA,NA,NA,NA,Allospecific Control,MHTC,8,472,11,12,0.025054466,23,918,H,T,0,1,2,36,116,1,895,7,M,147,325,0.304347826
1237,C37,812337,MH,14:40,98,NA,27,37,NA,27,LW,D,,Nov-13-2023,2023,11,13,0.275510204,0.72972973,NA,NA,NA,NA,Conspecific Control,MHHC,8,135,7,7,0.015555556,14,900,H,H,0,0,2,37,117,1,886,7,M,54,81,0.275510204
1238,C38,812338,MH,14:42,100,NA,38,95,NA,44,LW,D,,Nov-13-2023,2023,11,13,0.38,0.463157895,NA,NA,NA,NA,Conspecific Null,MHH0,8,195,2,14,0.017699115,16,904,H,H,1,0,2,38,118,1,888,7,M,82,113,0.38
1239,C39,812339,MH,14:44,118,NA,21,94,NA,17,LW,D,,Nov-13-2023,2023,11,13,0.177966102,0.180851064,NA,NA,NA,NA,Allospecific Control,MHTC,8,212,5,50,0.070512821,55,780,H,T,0,1,2,39,119,1,725,7,M,38,174,0.177966102
1240,C40,812340,MH,14:50,99,NA,27,17,NA,15,LW,D,,Nov-13-2023,2023,11,13,0.272727273,0.882352941,NA,NA,NA,NA,Allospecific Control,MHTC,8,116,25,22,0.118387909,47,397,H,T,0,1,2,40,120,1,350,7,M,42,74,0.272727273
1241,D01,812401,MT,14:56,161,NA,53,150,NA,58,LW,D,,Nov-13-2023,2023,11,13,0.329192547,0.386666667,NA,NA,NA,NA,Conspecific Null,MTT0,8,311,19,22,0.088552916,41,463,T,T,1,0,3,1,121,1,422,7,M,111,200,0.329192547
1242,D02,812402,MT,15:02,0,NA,0,0,NA,0,LW,D,,Nov-13-2023,2023,11,13,0.333333333,0.5,NA,NA,NA,NA,Conspecific Null,MTT0,8,5,67,92,1,19,19,T,T,1,0,3,2,122,1,140,7,M,0,5,0.333333333
1243,D03,812403,MT,15:08,20,NA,6,8,NA,2,LW,D,,Nov-13-2023,2023,11,13,0.3,0.25,NA,NA,NA,NA,Conspecific Control,MTTC,8,28,11,15,0.039755352,26,654,T,T,0,0,3,3,123,1,628,7,M,8,20,0.3
1244,D04,812404,MT,15:14,60,NA,33,31,NA,18,LW,D,,Nov-13-2023,2023,11,13,0.55,0.580645161,NA,NA,NA,NA,Allospecific Null,MTH0,8,91,12,27,0.105978261,39,368,T,H,1,1,3,4,124,1,329,7,M,51,40,0.55
1245,D05,812405,MT,15:20,67,NA,25,60,NA,17,LW,D,,Nov-13-2023,2023,11,13,0.373134328,0.283333333,NA,NA,NA,NA,Conspecific Null,MTT0,8,127,7,18,0.134408602,25,186,T,T,1,0,3,5,125,1,161,7,M,42,85,0.373134328
1246,D06,812406,MT,15:26,124,NA,67,85,NA,44,LW,D,,Nov-13-2023,2023,11,13,0.540322581,0.517647059,NA,NA,NA,NA,Conspecific Control,MTTC,8,209,22,19,0.222826087,41,184,T,T,0,0,3,6,126,1,143,7,M,111,98,0.540322581
1247,D07,812407,MT,15:32,46,NA,17,34,NA,14,LW,D,,Nov-13-2023,2023,11,13,0.369565217,0.411764706,NA,NA,NA,NA,Allospecific Control,MTHC,8,80,13,51,0.415584416,64,154,T,H,0,1,3,7,127,1,90,7,M,31,49,0.369565217
1248,D08,812408,MT,15:38,231,NA,110,393,NA,187,LW,D,,Nov-13-2023,2023,11,13,0.476190476,0.475826972,NA,NA,NA,NA,Conspecific Null,MTT0,8,624,37,19,0.113821138,56,492,T,T,1,0,3,8,128,1,436,7,M,297,327,0.476190476
1249,D10,812409,MT,15:44,362,NA,159,137,NA,40,LW,D,,Nov-13-2023,2023,11,13,0.439226519,0.291970803,NA,NA,NA,NA,Conspecific Control,MTTC,8,499,55,58,0.280397022,113,403,T,T,0,0,3,10,130,1,290,7,M,199,300,0.439226519
1250,D12,812410,MT,15:50,93,NA,43,79,NA,31,LW,D,,Nov-13-2023,2023,11,13,0.462365591,0.392405063,NA,NA,NA,NA,Allospecific Control,MTHC,8,172,27,80,0.524509804,107,204,T,H,0,1,3,12,132,1,97,7,M,74,98,0.462365591
1251,D11,812411,MT,15:56,106,NA,30,128,NA,69,LW,D,,Nov-13-2023,2023,11,13,0.283018868,0.5390625,NA,NA,NA,NA,Conspecific Control,MTTC,8,234,18,34,0.233183857,52,223,T,T,0,0,3,11,131,1,171,7,M,99,135,0.283018868
1252,D24,812424,MT,16:02,20,NA,6,15,NA,8,LW,D,,Nov-13-2023,2023,11,13,0.3,0.533333333,NA,NA,NA,NA,Conspecific Null,MTT0,8,35,30,50,0.167714885,80,477,T,T,1,0,3,24,144,1,397,7,M,14,21,0.3
1253,D13,812413,MT,16:08,0,NA,0,0,NA,0,LW,D,,Nov-13-2023,2023,11,13,0.089171975,0.184210526,NA,NA,NA,NA,Allospecific Null,MTH0,8,271,89,22,1,101,101,T,H,1,1,3,13,133,1,10,7,M,0,271,0.089171975
1254,D14,812414,MT,16:14,127,NA,15,176,NA,23,LW,D,,Nov-13-2023,2023,11,13,0.118110236,0.130681818,NA,NA,NA,NA,Conspecific Control,MTTC,8,303,15,29,0.079854809,44,551,T,T,0,0,3,14,134,1,507,7,M,38,265,0.118110236
1255,D15,812415,MT,16:20,306,NA,45,225,NA,44,LW,D,,Nov-13-2023,2023,11,13,0.147058824,0.195555556,NA,NA,NA,NA,Allospecific Null,MTH0,8,531,35,21,0.156424581,56,358,T,H,1,1,3,15,135,1,302,7,M,89,442,0.147058824
1256,D16,812416,MT,16:26,38,NA,17,70,NA,10,LW,D,,Nov-13-2023,2023,11,13,0.447368421,0.142857143,NA,NA,NA,NA,Allospecific Control,MTHC,8,108,5,21,0.069705094,26,373,T,H,0,1,3,16,136,1,347,7,M,27,81,0.447368421
1257,D17,812417,MT,16:32,147,NA,44,171,NA,47,LW,D,,Nov-13-2023,2023,11,13,0.299319728,0.274853801,NA,NA,NA,NA,Allospecific Control,MTHC,8,318,16,25,0.317829457,41,129,T,H,0,1,3,17,137,1,88,7,M,91,227,0.299319728
1258,D18,812418,MT,16:38,37,NA,12,66,NA,17,LW,D,,Nov-13-2023,2023,11,13,0.324324324,0.257575758,NA,NA,NA,NA,Allospecific Null,MTH0,8,103,31,54,0.505952381,85,168,T,H,1,1,3,18,138,1,83,7,M,29,74,0.324324324
1259,D19,812419,MT,16:44,34,NA,5,14,NA,3,LW,D,,Nov-13-2023,2023,11,13,0.147058824,0.214285714,NA,NA,NA,NA,Allospecific Null,MTH0,8,48,12,15,0.166666667,27,162,T,H,1,1,3,19,139,1,135,7,M,8,40,0.147058824
1260,D20,812420,MT,16:50,68,NA,28,30,NA,29,LW,D,,Nov-13-2023,2023,11,13,0.411764706,0.966666667,NA,NA,NA,NA,Conspecific Control,MTTC,8,98,35,28,0.235955056,63,267,T,T,0,0,3,20,140,1,204,7,M,57,41,0.411764706
1261,D21,812421,MT,16:56,90,NA,28,51,NA,12,LW,D,,Nov-13-2023,2023,11,13,0.311111111,0.235294118,NA,NA,NA,NA,Conspecific Null,MTT0,8,141,30,26,0.082840237,56,676,T,T,1,0,3,21,141,1,620,7,M,40,101,0.311111111
1262,D22,812422,MT,17:02,166,NA,44,117,NA,20,LW,D,,Nov-13-2023,2023,11,13,0.265060241,0.170940171,NA,NA,NA,NA,Allospecific Control,MTHC,8,283,11,49,0.144578313,60,415,T,H,0,1,3,22,142,1,355,7,M,64,219,0.265060241
1263,D23,812423,MT,17:08,81,NA,21,25,NA,5,LW,D,,Nov-13-2023,2023,11,13,0.259259259,0.2,NA,NA,NA,NA,Allospecific Null,MTH0,8,106,3,5,0.038834951,8,206,T,H,1,1,3,23,143,1,198,7,M,26,80,0.259259259
1264,D09,812424,MT,17:14,26,NA,11,10,NA,6,LW,D,,Nov-13-2023,2023,11,13,0.423076923,0.6,NA,NA,NA,NA,Conspecific Null,MTT0,8,36,5,12,0.459459459,17,37,T,T,1,0,3,9,129,1,20,7,M,17,19,0.423076923
1265,D25,812425,MT,17:20,351,NA,138,263,NA,53,LW,D,,Nov-13-2023,2023,11,13,0.393162393,0.201520913,NA,NA,NA,NA,Conspecific Control,MTTC,8,614,16,15,0.057728119,31,537,T,T,0,0,3,25,145,1,506,7,M,191,423,0.393162393
1266,D26,812426,MT,17:26,242,NA,95,269,NA,140,LW,D,,Nov-13-2023,2023,11,13,0.392561983,0.520446097,NA,NA,NA,NA,Conspecific Control,MTTC,8,511,24,36,0.098846787,60,607,T,T,0,0,3,26,146,1,547,7,M,235,276,0.392561983
1267,D27,812427,MT,17:32,50,NA,36,41,NA,26,LW,D,,Nov-13-2023,2023,11,13,0.72,0.634146341,NA,NA,NA,NA,Allospecific Control,MTHC,8,91,13,25,0.19,38,200,T,H,0,1,3,27,147,1,162,7,M,62,29,0.72
1268,D28,812428,MT,17:38,179,NA,47,129,NA,58,LW,D,,Nov-13-2023,2023,11,13,0.262569832,0.449612403,NA,NA,NA,NA,Allospecific Control,MTHC,8,308,18,30,0.229665072,48,209,T,H,0,1,3,28,148,1,161,7,M,105,203,0.262569832
1269,D29,812429,MT,17:44,117,NA,39,111,NA,28,LW,D,,Nov-13-2023,2023,11,13,0.333333333,0.252252252,NA,NA,NA,NA,Conspecific Null,MTT0,8,228,6,13,0.087962963,19,216,T,T,1,0,3,29,149,1,197,7,M,67,161,0.333333333
1270,D30,812430,MT,17:50,59,NA,28,86,NA,28,LW,D,,Nov-13-2023,2023,11,13,0.474576271,0.325581395,NA,NA,NA,NA,Allospecific Null,MTH0,8,145,46,48,0.618421053,94,152,T,H,1,1,3,30,150,1,58,7,M,56,89,0.474576271
1271,D31,812431,MT,17:56,35,NA,9,27,NA,7,LW,D,,Nov-13-2023,2023,11,13,0.257142857,0.259259259,NA,NA,NA,NA,Allospecific Null,MTH0,8,62,15,19,0.130268199,34,261,T,H,1,1,3,31,151,1,227,7,M,16,46,0.257142857
1272,D32,812432,MT,18:02,83,NA,31,96,NA,24,LW,D,,Nov-13-2023,2023,11,13,0.373493976,0.25,NA,NA,NA,NA,Conspecific Null,MTT0,8,179,14,25,0.136363636,39,286,T,T,1,0,3,32,152,1,247,7,M,55,124,0.373493976
1273,D33,812433,MT,18:08,169,NA,86,65,NA,43,LW,D,,Nov-13-2023,2023,11,13,0.50887574,0.661538462,NA,NA,NA,NA,Allospecific Control,MTHC,8,234,10,49,0.101027397,59,584,T,H,0,1,3,33,153,1,525,7,M,129,105,0.50887574
1274,D34,812434,MT,18:14,94,NA,49,76,NA,20,LW,D,,Nov-13-2023,2023,11,13,0.521276596,0.263157895,NA,NA,NA,NA,Conspecific Control,MTTC,8,170,8,25,0.074324324,33,444,T,T,0,0,3,34,154,1,411,7,M,69,101,0.521276596
1275,D35,812435,MT,18:20,324,NA,129,196,NA,67,LW,D,,Nov-13-2023,2023,11,13,0.398148148,0.341836735,NA,NA,NA,NA,Allospecific Null,MTH0,8,520,5,8,0.026315789,13,494,T,H,1,1,3,35,155,1,481,7,M,196,324,0.398148148
1276,D36,812436,MT,18:26,38,NA,8,67,NA,8,LW,D,,Nov-13-2023,2023,11,13,0.210526316,0.119402985,NA,NA,NA,NA,Allospecific Null,MTH0,8,105,19,41,0.198019802,60,303,T,H,1,1,3,36,156,1,243,7,M,16,89,0.210526316
1277,D37,812437,MT,18:32,40,NA,10,30,NA,7,LW,D,,Nov-13-2023,2023,11,13,0.25,0.233333333,NA,NA,NA,NA,Allospecific Control,MTHC,8,70,37,47,0.428571429,84,196,T,H,0,1,3,37,157,1,112,7,M,17,53,0.25
1278,D38,812438,MT,18:38,64,NA,33,72,NA,32,LW,D,,Nov-13-2023,2023,11,13,0.515625,0.444444444,NA,NA,NA,NA,Allospecific Control,MTHC,8,136,14,24,0.088167053,38,431,T,H,0,1,3,38,158,1,393,7,M,65,71,0.515625
1279,D39,812439,MT,18:44,51,NA,27,20,NA,17,LW,D,,Nov-13-2023,2023,11,13,0.529411765,0.85,NA,NA,NA,NA,Conspecific Control,MTTC,8,71,8,17,0.034965035,25,715,T,T,0,0,3,39,159,1,690,7,M,44,27,0.529411765
1280,D40,812440,MT,18:50,159,NA,83,191,NA,59,LW,D,,Nov-13-2023,2023,11,13,0.522012579,0.308900524,NA,NA,NA,NA,Conspecific Null,MTT0,8,350,17,17,0.07852194,34,433,T,T,1,0,3,40,160,1,399,7,M,142,208,0.522012579
1611,A01,212101,SH,09:13,57,0,26,59,0,26,LW,D,,Sep-4-2023,2023,9,4,0.456140351,0.254237288,0.151,0.163,0.2,0.17,Conspecific Null,SHH0,2,116,9,8,0.178947368,17,95,H,H,1,0,0,1,1,1,78,1,S,52,64,0.440677966
1621,A02,212102,SH,09:17,79,0,26,71,0,26,LW,D,,Sep-4-2023,2023,9,4,0.329113924,0.323943662,0.153,0.176,0.19,0.19,Conspecific Control,SHHC,2,150,6,11,0.1328125,17,128,H,H,0,0,0,2,2,1,111,1,S,52,98,0.366197183
1631,A03,212103,SH,09:21,92,0,30,98,0,30,LW,D,,Sep-4-2023,2023,9,4,0.326086957,0.234693878,0.11,0.176,0.14,0.19,Allospecific Control,SHTC,2,190,9,9,0.116129032,18,155,H,T,0,1,0,3,3,1,137,1,S,60,130,0.306122449
1641,A04,212104,SH,09:25,32,0,9,30,0,9,LW,D,,Sep-4-2023,2023,9,4,0.28125,0.333333333,0.119,0.181,0.14,0.2,Allospecific Null,SHT0,2,62,3,14,0.1328125,17,128,H,T,1,1,0,4,4,1,111,1,S,18,44,0.3
1651,A05,212105,SH,09:29,41,0,15,28,0,15,LW,D,,Sep-4-2023,2023,9,4,0.365853659,0.285714286,0.112,0.18,0.14,0.19,Allospecific Null,SHT0,2,69,9,21,0.309278351,30,97,H,T,1,1,0,5,5,1,67,1,S,30,39,0.535714286
1661,A06,212106,SH,09:33,45,0,19,40,0,19,LW,D,,Sep-4-2023,2023,9,4,0.422222222,0.35,0.109,0.192,0.14,0.21,Allospecific Control,SHTC,2,85,6,10,0.164948454,16,97,H,T,0,1,0,6,6,1,81,1,S,38,47,0.475
1671,A07,212107,SH,09:37,39,0,20,42,0,20,LW,D,,Sep-4-2023,2023,9,4,0.512820513,0.261904762,0.119,0.18,0.16,0.19,Conspecific Control,SHHC,2,81,5,11,0.222222222,16,72,H,H,0,0,0,7,7,1,56,1,S,40,41,0.476190476
1681,A08,212108,SH,09:41,32,0,9,26,0,9,LW,D,,Sep-4-2023,2023,9,4,0.28125,0.461538462,0.093,0.185,0.11,0.2,Conspecific Null,SHH0,2,58,7,17,0.311688312,24,77,H,H,1,0,0,8,8,1,53,1,S,18,40,0.346153846
1691,A09,212109,SH,09:45,69,0,24,51,0,24,LW,D,,Sep-4-2023,2023,9,4,0.347826087,0.333333333,0.105,0.168,0.13,0.18,Allospecific Control,SHTC,2,120,9,7,0.098765432,16,162,H,T,0,1,0,9,9,1,146,1,S,48,72,0.470588235
1701,A10,212110,SH,09:49,2,0,0,5,0,0,LW,D,Threatened ,Sep-4-2023,2023,9,4,0,0.4,0,0.193,0.19,0.21,Conspecific Null,SHH0,2,7,11,20,0.430555556,31,72,H,H,1,0,0,10,10,1,41,1,S,0,7,0
1711,A11,212111,SH,09:53,89,0,24,101,0,24,LW,D,,Sep-4-2023,2023,9,4,0.269662921,0.217821782,0.11,0.161,0.13,0.17,Conspecific Control,SHHC,2,190,14,12,0.196969697,26,132,H,H,0,0,0,11,11,1,106,1,S,48,142,0.237623762
1721,A12,212112,SH,09:57,71,0,19,61,0,19,LW,D,,Sep-4-2023,2023,9,4,0.267605634,0.491803279,0.133,0.158,0.16,0.17,Conspecific Null,SHH0,2,132,14,15,0.243697479,29,119,H,H,1,0,0,12,12,1,90,1,S,38,94,0.31147541
1731,A13,212113,SH,10:01,22,0,6,25,0,6,LW,D,,Sep-4-2023,2023,9,4,0.272727273,0.24,0.114,0.197,0.14,0.21,Conspecific Null,SHH0,2,47,2,18,0.192307692,20,104,H,H,1,0,0,13,13,1,84,1,S,12,35,0.24
1741,A14,212114,SH,10:05,77,0,41,68,0,41,LW,D,,Sep-4-2023,2023,9,4,0.532467532,0.220588235,0.11,0.161,0.15,0.17,Allospecific Control,SHTC,2,145,16,12,0.202898551,28,138,H,T,0,1,0,14,14,1,110,1,S,82,63,0.602941176
1751,A15,212115,SH,10:09,71,0,30,86,0,30,LW,D,,Sep-4-2023,2023,9,4,0.422535211,0.534883721,0.109,0.18,0.14,0.2,Allospecific Null,SHT0,2,157,7,12,0.138686131,19,137,H,T,1,1,0,15,15,1,118,1,S,60,97,0.348837209
1761,A16,212116,SH,10:13,59,0,25,76,0,25,LW,D,,Sep-4-2023,2023,9,4,0.423728814,0.315789474,0.131,0.166,0.17,0.18,Allospecific Control,SHTC,2,135,18,9,0.272727273,27,99,H,T,0,1,0,16,16,1,72,1,S,50,85,0.328947368
1771,A17,212117,SH,10:17,70,0,27,78,0,27,LW,D,,Sep-4-2023,2023,9,4,0.385714286,0.320512821,0.109,0.187,0.14,0.2,Conspecific Control,SHHC,2,148,11,11,0.171875,22,128,H,H,0,0,0,17,17,1,106,1,S,54,94,0.346153846
1781,A18,212118,SH,10:21,73,0,31,92,0,31,LW,D,,Sep-4-2023,2023,9,4,0.424657534,0.510869565,0.119,0.18,0.15,0.2,Conspecific Control,SHHC,2,165,7,7,0.095890411,14,146,H,H,0,0,0,18,18,1,132,1,S,62,103,0.336956522
1791,A19,212119,SH,10:25,91,0,34,66,0,34,LW,D,,Sep-4-2023,2023,9,4,0.373626374,0.409090909,0.149,0.153,0.19,0.16,Allospecific Null,SHT0,2,157,12,7,0.134751773,19,141,H,T,1,1,0,19,19,1,122,1,S,68,89,0.515151515
1801,A20,212120,SH,10:29,37,0,10,42,0,10,LW,D,,Sep-4-2023,2023,9,4,0.27027027,0.071428571,0.127,0.17,0.15,0.18,Allospecific Control,SHTC,2,79,8,7,0.132743363,15,113,H,T,0,1,0,20,20,1,98,1,S,20,59,0.238095238
1811,A21,212121,SH,10:33,79,0,33,72,0,33,LW,D,,Sep-4-2023,2023,9,4,0.417721519,0.208333333,0.109,0.187,0.14,0.2,Conspecific Control,SHHC,2,151,9,12,0.122807018,21,171,H,H,0,0,0,21,21,1,150,1,S,66,85,0.458333333
1821,A22,212122,SH,10:37,78,0,41,79,0,41,LW,D,,Sep-4-2023,2023,9,4,0.525641026,0.278481013,0.143,0.181,0.19,0.2,Conspecific Null,SHH0,2,157,16,8,0.151898734,24,158,H,H,1,0,0,22,22,1,134,1,S,82,75,0.518987342
1831,A23,212123,SH,10:41,46,0,12,43,0,12,LW,D,,Sep-4-2023,2023,9,4,0.260869565,0.395348837,0.085,0.192,0.1,0.21,Conspecific Null,SHH0,2,89,20,12,0.457142857,32,70,H,H,1,0,0,23,23,1,38,1,S,24,65,0.279069767
1841,A24,212124,SH,10:45,54,0,28,47,0,28,LW,D,,Sep-4-2023,2023,9,4,0.518518519,0.234042553,0.109,0.161,0.14,0.17,Allospecific Null,SHT0,2,101,11,3,0.123893805,14,113,H,T,1,1,0,24,24,1,99,1,S,56,45,0.595744681
1851,A25,212125,SH,10:49,39,0,18,46,0,18,LW,D,,Sep-4-2023,2023,9,4,0.461538462,0.608695652,0.125,0.195,0.16,0.23,Allospecific Control,SHTC,2,85,9,15,0.222222222,24,108,H,T,0,1,0,25,25,1,84,1,S,36,49,0.391304348
1861,A26,212126,SH,10:53,85,0,35,106,0,35,LW,D,,Sep-4-2023,2023,9,4,0.411764706,0.320754717,0.102,0.168,0.13,0.18,Conspecific Control,SHHC,2,191,6,11,0.121428571,17,140,H,H,0,0,0,26,26,1,123,1,S,70,121,0.330188679
1871,A27,212127,SH,10:57,145,0,80,167,0,80,LW,D,,Sep-4-2023,2023,9,4,0.551724138,0.443113772,0.1,0.181,0.13,0.2,Allospecific Null,SHT0,2,312,6,18,0.177777778,24,135,H,T,1,1,0,27,27,1,111,1,S,160,152,0.479041916
1881,A28,212128,SH,11:01,93,0,34,96,0,34,LW,D,,Sep-4-2023,2023,9,4,0.365591398,0.25,0.114,0.168,0.14,0.18,Conspecific Control,SHHC,2,189,5,17,0.146666667,22,150,H,H,0,0,0,28,28,1,128,1,S,68,121,0.354166667
1891,A29,212129,SH,11:05,81,0,34,48,0,34,LW,D,,Sep-4-2023,2023,9,4,0.419753086,0.354166667,0.117,0.173,0.15,0.19,Conspecific Null,SHH0,2,129,4,5,0.065693431,9,137,H,H,1,0,0,29,29,1,128,1,S,68,61,0.708333333
1901,A30,212130,SH,11:09,17,0,6,18,0,6,LW,D,,Sep-4-2023,2023,9,4,0.352941176,0.166666667,0.126,0.197,0.16,0.21,Conspecific Null,SHH0,2,35,13,18,0.360465116,31,86,H,H,1,0,0,30,30,1,55,1,S,12,23,0.333333333
1911,A31,212131,SH,11:13,64,0,8,63,0,8,LW,D,,Sep-4-2023,2023,9,4,0.125,0.174603175,0.129,0.175,0.15,0.19,Allospecific Null,SHT0,2,127,10,13,0.140243902,23,164,H,T,1,1,0,31,31,1,141,1,S,16,111,0.126984127
1921,A32,212132,SH,11:17,54,0,20,53,0,20,LW,D,,Sep-4-2023,2023,9,4,0.37037037,0.41509434,0.104,0.164,0.13,0.18,Allospecific Null,SHT0,2,107,11,15,0.153846154,26,169,H,T,1,1,0,32,32,1,143,1,S,40,67,0.377358491
1931,A33,212133,SH,11:21,5,0,1,4,0,1,LW,D,Threatened ,Sep-4-2023,2023,9,4,0.2,0.25,0.124,0.18,0.15,0.19,Conspecific Control,SHHC,2,9,17,20,0.521126761,37,71,H,H,0,0,0,33,33,1,34,1,S,2,7,0.25
1941,A34,212134,SH,11:25,71,0,38,53,0,38,LW,D,,Sep-4-2023,2023,9,4,0.535211268,0.320754717,0.109,0.183,0.14,0.2,Conspecific Control,SHHC,2,124,8,8,0.172043011,16,93,H,H,0,0,0,34,34,1,77,1,S,76,48,0.716981132
1951,A35,212135,SH,11:29,10,0,3,11,0,3,LW,D,Threatened ,Sep-4-2023,2023,9,4,0.3,0.363636364,0.105,0.185,0.13,0.2,Allospecific Control,SHTC,2,21,9,15,0.4,24,60,H,T,0,1,0,35,35,1,36,1,S,6,15,0.272727273
1961,A36,212136,SH,11:33,126,0,49,106,0,49,LW,D,,Sep-4-2023,2023,9,4,0.388888889,0.462264151,0.135,0.188,0.17,0.21,Allospecific Null,SHT0,2,232,11,18,0.169590643,29,171,H,T,1,1,0,36,36,1,142,1,S,98,134,0.462264151
1971,A37,212137,SH,11:37,59,0,25,60,0,25,LW,D,,Sep-4-2023,2023,9,4,0.423728814,0.15,0.141,0.154,0.18,0.16,Allospecific Control,SHTC,2,119,11,14,0.19379845,25,129,H,T,0,1,0,37,37,1,104,1,S,50,69,0.416666667
1981,A38,212138,SH,11:41,37,0,15,35,0,15,LW,D,,Sep-4-2023,2023,9,4,0.405405405,0.2,0.117,0.171,0.15,0.18,Allospecific Control,SHTC,2,72,7,4,0.095652174,11,115,H,T,0,1,0,38,38,1,104,1,S,30,42,0.428571429
1991,A39,212139,SH,11:45,21,0,12,22,0,12,LW,D,,Sep-4-2023,2023,9,4,0.571428571,0.363636364,0.124,0.181,0.17,0.2,Allospecific Null,SHT0,2,43,14,17,0.356321839,31,87,H,T,1,1,0,39,39,1,56,1,S,24,19,0.545454545
2001,A40,212140,SH,11:49,29,0,15,22,0,15,LW,D,,Sep-4-2023,2023,9,4,0.517241379,0.363636364,0.107,0.159,0.14,0.17,Conspecific Null,SHH0,2,51,17,17,0.382022472,34,89,H,H,1,0,0,40,40,1,55,1,S,30,21,0.681818182
2011,B01,212201,ST,11:53,23,0,10,45,0,10,LW,D,,Sep-4-2023,2023,9,4,0.434782609,0.044444444,0.154,0.19,0.2,0.2,Conspecific Null,STT0,2,68,3,4,0.086419753,7,81,T,T,1,0,1,1,41,1,74,1,S,20,48,0.222222222
2021,B02,212202,ST,11:57,17,0,4,30,0,4,LW,D,,Sep-4-2023,2023,9,4,0.235294118,0.533333333,0.118,0.204,0.14,0.23,Allospecific Control,STHC,2,47,8,6,0.145833333,14,96,T,H,0,1,1,2,42,1,82,1,S,8,39,0.133333333
2031,B03,212203,ST,12:01,46,0,18,105,0,18,LW,D,,Sep-4-2023,2023,9,4,0.391304348,0.438095238,0.128,0.179,0.16,0.2,Allospecific Control,STHC,2,151,11,4,0.109489051,15,137,T,H,0,1,1,3,43,1,122,1,S,36,115,0.171428571
2041,B04,212204,ST,12:03,8,0,3,15,0,3,LW,D,Threatened ,Sep-4-2023,2023,9,4,0.375,0.133333333,0.123,0.174,0.15,0.18,Allospecific Control,STHC,2,23,6,12,0.290322581,18,62,T,H,0,1,1,4,44,1,44,1,S,6,17,0.2
2051,B05,212205,ST,12:05,54,0,14,125,0,14,LW,D,,Sep-4-2023,2023,9,4,0.259259259,0.304,0.117,0.169,0.14,0.18,Allospecific Control,STHC,2,179,2,11,0.073033708,13,178,T,H,0,1,1,5,45,1,165,1,S,28,151,0.112
2061,B06,212206,ST,12:07,48,0,15,95,0,15,LW,D,,Sep-4-2023,2023,9,4,0.3125,0.578947368,0.129,0.194,0.16,0.22,Allospecific Control,STHC,2,143,4,8,0.08,12,150,T,H,0,1,1,6,46,1,138,1,S,30,113,0.157894737
2071,B07,212207,ST,12:09,46,0,12,70,0,12,LW,D,,Sep-4-2023,2023,9,4,0.260869565,0.385714286,0.118,0.169,0.14,0.18,Conspecific Control,STTC,2,116,5,8,0.074712644,13,174,T,T,0,0,1,7,47,1,161,1,S,24,92,0.171428571
2081,B08,212208,ST,12:11,16,0,5,45,0,5,LW,D,,Sep-4-2023,2023,9,4,0.3125,0.2,0.107,0.196,0.13,0.21,Conspecific Control,STTC,2,61,11,11,0.23655914,22,93,T,T,0,0,1,8,48,1,71,1,S,10,51,0.111111111
2091,B09,212209,ST,12:13,19,0,6,37,0,6,LW,D,,Sep-4-2023,2023,9,4,0.315789474,0.378378378,0.115,0.199,0.14,0.22,Conspecific Null,STT0,2,56,7,9,0.222222222,16,72,T,T,1,0,1,9,49,1,56,1,S,12,44,0.162162162
2101,B10,212210,ST,12:15,39,0,3,70,0,3,LW,D,,Sep-4-2023,2023,9,4,0.076923077,0.3,0.111,0.191,0.13,0.21,Conspecific Control,STTC,2,109,8,8,0.14159292,16,113,T,T,0,0,1,10,50,1,97,1,S,6,103,0.042857143
2111,B11,212211,ST,12:17,62,0,12,90,0,12,LW,D,,Sep-4-2023,2023,9,4,0.193548387,0.311111111,0.159,0.186,0.19,0.2,Allospecific Control,STHC,2,152,3,4,0.03626943,7,193,T,H,0,1,1,11,51,1,186,1,S,24,128,0.133333333
2121,B12,212212,ST,12:19,42,0,5,92,0,5,LW,D,,Sep-4-2023,2023,9,4,0.119047619,0.358695652,0.109,0.169,0.13,0.18,Allospecific Null,STH0,2,134,11,6,0.163461538,17,104,T,H,1,1,1,12,52,1,87,1,S,10,124,0.054347826
2131,B13,212213,ST,12:21,7,0,4,17,0,4,LW,D,,Sep-4-2023,2023,9,4,0.571428571,0.176470588,0.134,0.177,0.18,0.19,Conspecific Null,STT0,2,24,7,7,0.291666667,14,48,T,T,1,0,1,13,53,1,34,1,S,8,16,0.235294118
2141,B14,212214,ST,12:23,24,0,11,55,0,11,LW,D,,Sep-4-2023,2023,9,4,0.458333333,0.472727273,0.112,0.197,0.14,0.22,Conspecific Null,STT0,2,79,6,10,0.115107914,16,139,T,T,1,0,1,14,54,1,123,1,S,22,57,0.2
2151,B15,212215,ST,12:25,24,0,10,30,0,10,LW,D,,Sep-4-2023,2023,9,4,0.416666667,0.3,0.119,0.18,0.15,0.19,Allospecific Control,STHC,2,54,11,15,0.232142857,26,112,T,H,0,1,1,15,55,1,86,1,S,20,34,0.333333333
2161,B16,212216,ST,12:27,35,0,3,60,0,3,LW,D,,Sep-4-2023,2023,9,4,0.085714286,0.533333333,0.15,0.148,0.18,0.16,Conspecific Null,STT0,2,95,7,15,0.201834862,22,109,T,T,1,0,1,16,56,1,87,1,S,6,89,0.05
2171,B17,212217,ST,12:29,64,0,21,82,0,21,LW,D,,Sep-4-2023,2023,9,4,0.328125,0.341463415,0.149,0.18,0.18,0.2,Conspecific Control,STTC,2,146,7,12,0.113772455,19,167,T,T,0,0,1,17,57,1,148,1,S,42,104,0.256097561
2181,B18,212218,ST,12:31,49,0,8,105,0,8,LW,D,,Sep-4-2023,2023,9,4,0.163265306,0.266666667,0.137,0.17,0.16,0.18,Conspecific Null,STT0,2,154,7,14,0.141891892,21,148,T,T,1,0,1,18,58,1,127,1,S,16,138,0.076190476
2191,B19,212219,ST,12:33,21,0,5,32,0,5,LW,D,,Sep-4-2023,2023,9,4,0.238095238,0.5,0.094,0.189,0.11,0.21,Conspecific Control,STTC,2,53,4,11,0.111940299,15,134,T,T,0,0,1,19,59,1,119,1,S,10,43,0.15625
2201,B20,212220,ST,12:35,21,0,3,40,0,3,LW,D,,Sep-4-2023,2023,9,4,0.142857143,0.4,0.134,0.207,0.16,0.23,Allospecific Null,STH0,2,61,8,7,0.135135135,15,111,T,H,1,1,1,20,60,1,96,1,S,6,55,0.075
2211,B21,212221,ST,12:37,43,0,9,72,0,9,LW,D,,Sep-4-2023,2023,9,4,0.209302326,0.305555556,0.149,0.182,0.18,0.2,Conspecific Control,STTC,2,115,5,7,0.090909091,12,132,T,T,0,0,1,21,61,1,120,1,S,18,97,0.125
2221,B22,212222,ST,12:39,55,0,26,75,0,26,LW,D,,Sep-4-2023,2023,9,4,0.472727273,0.2,0.153,0.203,0.2,0.22,Conspecific Control,STTC,2,130,4,7,0.080882353,11,136,T,T,0,0,1,22,62,1,125,1,S,52,78,0.346666667
2231,B23,212223,ST,12:41,52,0,6,67,0,6,LW,D,,Sep-4-2023,2023,9,4,0.115384615,0.462686567,0.119,0.187,0.14,0.21,Allospecific Null,STH0,2,119,2,5,0.052631579,7,133,T,H,1,1,1,23,63,1,126,1,S,12,107,0.089552239
2241,B24,212224,ST,12:43,19,0,3,52,0,3,LW,D,,Sep-4-2023,2023,9,4,0.157894737,0.403846154,0.123,0.182,0.15,0.2,Allospecific Null,STH0,2,71,10,10,0.210526316,20,95,T,H,1,1,1,24,64,1,75,1,S,6,65,0.057692308
2251,B25,212225,ST,12:45,71,0,44,125,0,44,LW,D,,Sep-4-2023,2023,9,4,0.61971831,0.264,0.085,0.192,0.12,0.21,Allospecific Null,STH0,2,196,8,7,0.088235294,15,170,T,H,1,1,1,25,65,1,155,1,S,88,108,0.352
2261,B26,212226,ST,12:47,2,0,0,7,0,0,LW,D,,Sep-4-2023,2023,9,4,0,0.142857143,0.114,0.201,0.13,0.22,Conspecific Null,STT0,2,9,7,6,0.194029851,13,67,T,T,1,0,1,26,66,1,54,1,S,0,9,0
2271,B27,212227,ST,12:49,23,0,6,32,0,6,LW,D,,Sep-4-2023,2023,9,4,0.260869565,0.25,0.144,0.19,0.18,0.21,Allospecific Control,STHC,2,55,11,8,0.150793651,19,126,T,H,0,1,1,27,67,1,107,1,S,12,43,0.1875
2281,B28,212228,ST,12:51,23,0,8,52,0,8,LW,D,,Sep-4-2023,2023,9,4,0.347826087,0.365384615,0.123,0.184,0.15,0.2,Allospecific Null,STH0,2,75,9,9,0.128571429,18,140,T,H,1,1,1,28,68,1,122,1,S,16,59,0.153846154
2291,B29,212229,ST,13:09,0,0,0,0,0,0,LW,D,E,Sep-4-2023,2023,9,4,0,0,0,0,0,0,Allospecific Null,STH0,2,0,13,11,0.201680672,24,119,T,H,1,1,1,29,69,1,95,1,S,0,0,0
2301,B30,212230,ST,13:12,11,0,5,25,0,5,LW,D,Threatened ,Sep-4-2023,2023,9,4,0.454545455,0.28,0.178,0.19,0.23,0.21,Conspecific Null,STT0,2,36,6,5,0.141025641,11,78,T,T,1,0,1,30,70,1,67,1,S,10,26,0.2
2311,B31,212231,ST,13:15,7,0,1,17,0,1,LW,D,Threatened ,Sep-4-2023,2023,9,4,0.142857143,0.411764706,0.148,0.187,0.18,0.21,Conspecific Null,STT0,2,24,4,8,0.115384615,12,104,T,T,1,0,1,31,71,1,92,1,S,2,22,0.058823529
2321,B32,212232,ST,13:18,8,0,3,17,0,3,LW,D,,Sep-4-2023,2023,9,4,0.375,0.411764706,0.112,0.172,0.14,0.19,Allospecific Null,STH0,2,25,7,3,0.158730159,10,63,T,H,1,1,1,32,72,1,53,1,S,6,19,0.176470588
2331,B33,212233,ST,13:21,8,0,2,15,0,2,LW,D,Threatened ,Sep-4-2023,2023,9,4,0.25,0.333333333,0.146,0.192,0.18,0.21,Conspecific Control,STTC,2,23,12,7,0.275362319,19,69,T,T,0,0,1,33,73,1,50,1,S,4,19,0.133333333
2341,B34,212234,ST,13:24,30,0,11,57,0,11,LW,D,,Sep-4-2023,2023,9,4,0.366666667,0.333333333,0.137,0.203,0.17,0.22,Allospecific Control,STHC,2,87,5,11,0.228571429,16,70,T,H,0,1,1,34,74,1,54,1,S,22,65,0.192982456
2351,B35,212235,ST,13:27,38,0,12,57,0,12,LW,D,,Sep-4-2023,2023,9,4,0.315789474,0.526315789,0.081,0.172,0.1,0.19,Allospecific Control,STHC,2,95,7,16,0.176923077,23,130,T,H,0,1,1,35,75,1,107,1,S,24,71,0.210526316
2361,B36,212236,ST,13:30,36,0,5,60,0,5,LW,D,,Sep-4-2023,2023,9,4,0.138888889,0.283333333,0.136,0.192,0.16,0.21,Conspecific Control,STTC,2,96,3,10,0.086092715,13,151,T,T,0,0,1,36,76,1,138,1,S,10,86,0.083333333
2371,B37,212237,ST,13:33,62,0,28,90,0,28,LW,D,,Sep-4-2023,2023,9,4,0.451612903,0.7,0.129,0.165,0.17,0.19,Conspecific Null,STT0,2,152,11,9,0.12987013,20,154,T,T,1,0,1,37,77,1,134,1,S,56,96,0.311111111
2381,B38,212238,ST,13:36,40,0,11,90,0,11,LW,D,,Sep-4-2023,2023,9,4,0.275,0.333333333,0.175,0.175,0.21,0.19,Conspecific Control,STTC,2,130,6,4,0.061349693,10,163,T,T,0,0,1,38,78,1,153,1,S,22,108,0.122222222
2391,B39,212239,ST,13:39,30,0,7,57,0,7,LW,D,,Sep-4-2023,2023,9,4,0.233333333,0.438596491,0.135,0.192,0.16,0.21,Allospecific Null,STH0,2,87,8,6,0.097902098,14,143,T,H,1,1,1,39,79,1,129,1,S,14,73,0.122807018
2401,B40,212240,ST,13:42,26,0,2,32,0,2,LW,D,,Sep-4-2023,2023,9,4,0.076923077,0.4375,0.148,0.197,0.17,0.22,Allospecific Null,STH0,2,58,9,6,0.123966942,15,121,T,H,1,1,1,40,80,1,106,1,S,4,54,0.0625
2411,C01,212301,MH,13:45,30,0,10,42,0,10,LW,D,,Sep-4-2023,2023,9,4,0.333333333,0.30952381,0.166,0.194,0.21,0.21,Allospecific Null,MHT0,2,72,10,4,0.179487179,14,78,H,T,1,1,2,1,81,1,64,1,M,20,52,0.238095238
2421,C02,212302,MH,13:48,83,0,11,87,0,11,LW,D,,Sep-4-2023,2023,9,4,0.13253012,0.218390805,0.161,0.185,0.19,0.2,Allospecific Control,MHTC,2,170,11,9,0.131578947,20,152,H,T,0,1,2,2,82,1,132,1,M,22,148,0.126436782
2431,C03,212303,MH,13:51,69,0,30,62,0,30,LW,D,,Sep-4-2023,2023,9,4,0.434782609,0.274193548,0.157,0.194,0.2,0.21,Conspecific Control,MHHC,2,131,5,8,0.119266055,13,109,H,H,0,0,2,3,83,1,96,1,M,60,71,0.483870968
2441,C04,212304,MH,13:54,59,0,29,54,0,29,LW,D,,Sep-4-2023,2023,9,4,0.491525424,0.37037037,0.144,0.195,0.19,0.22,Allospecific Null,MHT0,2,113,2,10,0.073619632,12,163,H,T,1,1,2,4,84,1,151,1,M,58,55,0.537037037
2451,C05,212305,MH,13:57,6,0,0,7,0,0,LW,D,Threatened ,Sep-4-2023,2023,9,4,0,0.142857143,0,0.175,0.19,0.19,Conspecific Control,MHHC,2,13,2,9,0.2,11,55,H,H,0,0,2,5,85,1,44,1,M,0,13,0
2461,C06,212306,MH,14:00,42,0,16,50,0,16,LW,D,,Sep-4-2023,2023,9,4,0.380952381,0.36,0.171,0.195,0.22,0.21,Allospecific Null,MHT0,2,92,4,8,0.090225564,12,133,H,T,1,1,2,6,86,1,121,1,M,32,60,0.32
2471,C07,212307,MH,14:03,57,0,35,36,0,35,LW,D,,Sep-4-2023,2023,9,4,0.614035088,0.472222222,0.172,0.19,0.25,0.21,Allospecific Control,MHTC,2,93,6,2,0.0625,8,128,H,T,0,1,2,7,87,1,120,1,M,70,23,0.972222222
2481,C08,212308,MH,14:06,30,0,11,27,0,11,LW,D,,Sep-4-2023,2023,9,4,0.366666667,0.444444444,0.171,0.188,0.21,0.21,Conspecific Null,MHH0,2,57,5,15,0.240963855,20,83,H,H,1,0,2,8,88,1,63,1,M,22,35,0.407407407
2491,C09,212309,MH,14:09,63,0,46,85,0,46,LW,D,,Sep-4-2023,2023,9,4,0.73015873,0.423529412,0.172,0.185,0.28,0.2,Conspecific Control,MHHC,2,148,6,5,0.070063694,11,157,H,H,0,0,2,9,89,1,146,1,M,92,56,0.541176471
2501,C10,212310,MH,14:12,61,0,21,67,0,21,LW,D,,Sep-4-2023,2023,9,4,0.344262295,0.313432836,0.167,0.18,0.21,0.19,Allospecific Control,MHTC,2,128,4,8,0.091603053,12,131,H,T,0,1,2,10,90,1,119,1,M,42,86,0.313432836
2511,C11,212311,MH,14:15,67,0,6,69,0,6,LW,D,,Sep-4-2023,2023,9,4,0.089552239,0.304347826,0.164,0.185,0.19,0.2,Allospecific Null,MHT0,2,136,7,4,0.119565217,11,92,H,T,1,1,2,11,91,1,81,1,M,12,124,0.086956522
2521,C12,212312,MH,14:18,59,0,15,58,0,15,LW,D,,Sep-4-2023,2023,9,4,0.254237288,0.396551724,0.159,0.209,0.19,0.23,Conspecific Null,MHH0,2,117,4,9,0.131313131,13,99,H,H,1,0,2,12,92,1,86,1,M,30,87,0.25862069
2531,C13,212313,MH,14:21,4,0,0,7,0,0,LW,D,Threatened ,Sep-4-2023,2023,9,4,0,0.285714286,0,0.219,0.18,0.24,Conspecific Control,MHHC,2,11,10,2,0.255319149,12,47,H,H,0,0,2,13,93,1,35,1,M,0,11,0
2541,C14,212314,MH,14:24,63,0,38,44,0,38,LW,D,,Sep-4-2023,2023,9,4,0.603174603,0.363636364,0.164,0.187,0.23,0.2,Conspecific Control,MHHC,2,107,5,3,0.080808081,8,99,H,H,0,0,2,14,94,1,91,1,M,76,31,0.863636364
2551,C15,212315,MH,14:27,44,0,2,52,0,2,LW,D,,Sep-4-2023,2023,9,4,0.045454545,0.307692308,0.164,0.187,0.19,0.2,Conspecific Null,MHH0,2,96,6,7,0.119266055,13,109,H,H,1,0,2,15,95,1,96,1,M,4,92,0.038461538
2561,C16,212316,MH,14:30,46,0,9,40,0,9,LW,D,,Sep-4-2023,2023,9,4,0.195652174,0.425,0.171,0.197,0.21,0.22,Conspecific Null,MHH0,2,86,6,9,0.151515152,15,99,H,H,1,0,2,16,96,1,84,1,M,18,68,0.225
2571,C17,212317,MH,14:33,73,0,14,54,0,14,LW,D,,Sep-4-2023,2023,9,4,0.191780822,0.407407407,0.172,0.209,0.21,0.23,Allospecific Null,MHT0,2,127,6,8,0.116666667,14,120,H,T,1,1,2,17,97,1,106,1,M,28,99,0.259259259
2581,C18,212318,MH,14:36,34,0,7,44,0,7,LW,D,,Sep-4-2023,2023,9,4,0.205882353,0.431818182,0.183,0.212,0.22,0.24,Conspecific Null,MHH0,2,78,8,14,0.372881356,22,59,H,H,1,0,2,18,98,1,37,1,M,14,64,0.159090909
2591,C19,212319,MH,14:39,12,0,4,15,0,4,LW,D,,Sep-4-2023,2023,9,4,0.333333333,0.2,0.183,0.207,0.23,0.23,Allospecific Null,MHT0,2,27,6,9,0.3,15,50,H,T,1,1,2,19,99,1,35,1,M,8,19,0.266666667
2601,C20,212320,MH,14:42,32,0,9,33,0,9,LW,D,,Sep-4-2023,2023,9,4,0.28125,0.333333333,0.178,0.217,0.22,0.24,Conspecific Null,MHH0,2,65,7,8,0.182926829,15,82,H,H,1,0,2,20,100,1,67,1,M,18,47,0.272727273
2611,C21,212321,MH,14:45,42,0,18,38,0,18,LW,D,,Sep-4-2023,2023,9,4,0.428571429,0.394736842,0.166,0.212,0.21,0.24,Conspecific Null,MHH0,2,80,2,9,0.148648649,11,74,H,H,1,0,2,21,101,1,63,1,M,36,44,0.473684211
2621,C22,212322,MH,14:48,28,0,4,27,0,4,LW,D,,Sep-4-2023,2023,9,4,0.142857143,0.333333333,0.179,0.219,0.21,0.24,Conspecific Control,MHHC,2,55,7,3,0.111111111,10,90,H,H,0,0,2,22,102,1,80,1,M,8,47,0.148148148
2631,C23,212323,MH,14:51,75,0,23,69,0,23,LW,D,,Sep-4-2023,2023,9,4,0.306666667,0.405797101,0.172,0.175,0.21,0.19,Allospecific Null,MHT0,2,144,9,2,0.080291971,11,137,H,T,1,1,2,23,103,1,126,1,M,46,98,0.333333333
2641,C24,212324,MH,14:54,81,0,20,71,0,20,LW,D,,Sep-4-2023,2023,9,4,0.24691358,0.408450704,0.178,0.187,0.22,0.2,Allospecific Null,MHT0,2,152,9,8,0.140495868,17,121,H,T,1,1,2,24,104,1,104,1,M,40,112,0.281690141
2651,C25,212325,MH,14:57,57,0,17,64,0,17,LW,D,,Sep-4-2023,2023,9,4,0.298245614,0.359375,0.166,0.195,0.2,0.21,Conspecific Control,MHHC,2,121,7,2,0.096774194,9,93,H,H,0,0,2,25,105,1,84,1,M,34,87,0.265625
2661,C26,212326,MH,15:00,57,0,16,73,0,16,LW,D,,Sep-4-2023,2023,9,4,0.280701754,0.246575342,0.161,0.192,0.2,0.21,Conspecific Null,MHH0,2,130,3,6,0.060402685,9,149,H,H,1,0,2,26,106,1,140,1,M,32,98,0.219178082
2671,C27,212327,MH,15:03,14,0,5,17,0,5,LW,D,,Sep-4-2023,2023,9,4,0.357142857,0.294117647,0.169,0.2,0.21,0.22,Allospecific Null,MHT0,2,31,5,6,0.282051282,11,39,H,T,1,1,2,27,107,1,28,1,M,10,21,0.294117647
2681,C28,212328,MH,15:06,42,0,14,52,0,14,LW,D,,Sep-4-2023,2023,9,4,0.333333333,0.346153846,0.172,0.188,0.21,0.21,Allospecific Control,MHTC,2,94,7,4,0.119565217,11,92,H,T,0,1,2,28,108,1,81,1,M,28,66,0.269230769
2691,C29,212329,MH,15:09,54,0,6,31,0,6,LW,D,,Sep-4-2023,2023,9,4,0.111111111,0.322580645,0.169,0.188,0.2,0.21,Conspecific Control,MHHC,2,85,4,11,0.12195122,15,123,H,H,0,0,2,29,109,1,108,1,M,12,73,0.193548387
2701,C30,212330,MH,15:12,71,0,41,77,0,41,LW,D,,Sep-4-2023,2023,9,4,0.577464789,0.311688312,0.171,0.185,0.24,0.2,Allospecific Control,MHTC,2,148,3,9,0.097560976,12,123,H,T,0,1,2,30,110,1,111,1,M,82,66,0.532467532
2711,C31,212331,MH,15:15,73,0,16,56,0,16,LW,D,,Sep-4-2023,2023,9,4,0.219178082,0.375,0.179,0.17,0.22,0.18,Conspecific Control,MHHC,2,129,2,7,0.063380282,9,142,H,H,0,0,2,31,111,1,133,1,M,32,97,0.285714286
2721,C32,212332,MH,15:18,50,0,4,73,0,4,LW,D,,Sep-4-2023,2023,9,4,0.08,0.342465753,0.147,0.188,0.17,0.21,Conspecific Null,MHH0,2,123,9,8,0.158878505,17,107,H,H,1,0,2,32,112,1,90,1,M,8,115,0.054794521
2731,C33,212333,MH,15:21,73,0,13,67,0,13,LW,D,,Sep-4-2023,2023,9,4,0.178082192,0.298507463,0.176,0.18,0.21,0.19,Allospecific Control,MHTC,2,140,6,7,0.098484848,13,132,H,T,0,1,2,33,113,1,119,1,M,26,114,0.194029851
2741,C34,212334,MH,15:24,63,0,24,48,0,24,LW,D,,Sep-4-2023,2023,9,4,0.380952381,0.375,0.142,0.177,0.18,0.19,Allospecific Control,MHTC,2,111,7,5,0.100840336,12,119,H,T,0,1,2,34,114,1,107,1,M,48,63,0.5
2751,C35,212335,MH,15:27,81,0,17,73,0,17,LW,D,,Sep-4-2023,2023,9,4,0.209876543,0.465753425,0.145,0.187,0.17,0.21,Allospecific Null,MHT0,2,154,10,7,0.117241379,17,145,H,T,1,1,2,35,115,1,128,1,M,34,120,0.232876712
2761,C36,212336,MH,15:30,63,0,24,69,0,24,LW,D,,Sep-4-2023,2023,9,4,0.380952381,0.362318841,0.176,0.192,0.22,0.21,Allospecific Control,MHTC,2,132,6,12,0.125874126,18,143,H,T,0,1,2,36,116,1,125,1,M,48,84,0.347826087
2771,C37,212337,MH,15:33,48,0,24,48,0,24,LW,D,,Sep-4-2023,2023,9,4,0.5,0.458333333,0.155,0.204,0.21,0.23,Conspecific Control,MHHC,2,96,6,5,0.0859375,11,128,H,H,0,0,2,37,117,1,117,1,M,48,48,0.5
2781,C38,212338,MH,15:36,61,0,14,64,0,14,LW,D,,Sep-4-2023,2023,9,4,0.229508197,0.3125,0.172,0.182,0.21,0.2,Conspecific Null,MHH0,2,125,4,1,0.032679739,5,153,H,H,1,0,2,38,118,1,148,1,M,28,97,0.21875
2791,C39,212339,MH,15:39,85,0,31,64,0,31,LW,D,,Sep-4-2023,2023,9,4,0.364705882,0.3125,0.147,0.2,0.18,0.22,Allospecific Control,MHTC,2,149,6,12,0.120805369,18,149,H,T,0,1,2,39,119,1,131,1,M,62,87,0.484375
2801,C40,212340,MH,15:42,38,0,22,36,0,22,LW,D,,Sep-4-2023,2023,9,4,0.578947368,0.444444444,0.155,0.197,0.22,0.22,Allospecific Control,MHTC,2,74,6,2,0.108108108,8,74,H,T,0,1,2,40,120,1,66,1,M,44,30,0.611111111
2811,D01,212401,MT,15:45,97,0,81,89,0,81,LW,D,,Sep-4-2023,2023,9,4,0.835051546,0.314606742,0.154,0.177,0.3,0.19,Conspecific Null,MTT0,2,186,4,9,0.074285714,13,175,T,T,1,0,3,1,121,1,162,1,M,162,24,0.91011236
2821,D02,212402,MT,15:48,8,0,5,7,0,5,LW,D,,Sep-4-2023,2023,9,4,0.625,0.142857143,0.131,0.191,0.18,0.2,Conspecific Null,MTT0,2,15,11,3,0.368421053,14,38,T,T,1,0,3,2,122,1,24,1,M,10,5,0.714285714
2831,D03,212403,MT,15:51,16,0,5,14,0,5,LW,D,,Sep-4-2023,2023,9,4,0.3125,0.357142857,0.134,0.194,0.17,0.21,Conspecific Control,MTTC,2,30,7,10,0.261538462,17,65,T,T,0,0,3,3,123,1,48,1,M,10,20,0.357142857
2841,D04,212404,MT,15:54,27,0,20,24,0,20,LW,D,,Sep-4-2023,2023,9,4,0.740740741,0.333333333,0.142,0.18,0.23,0.2,Allospecific Null,MTH0,2,51,5,12,0.220779221,17,77,T,H,1,1,3,4,124,1,60,1,M,40,11,0.833333333
2851,D05,212405,MT,15:57,70,0,43,64,0,43,LW,D,,Sep-4-2023,2023,9,4,0.614285714,0.296875,0.104,0.162,0.15,0.17,Conspecific Null,MTT0,2,134,6,6,0.072289157,12,166,T,T,1,0,3,5,125,1,154,1,M,86,48,0.671875
2861,D06,212406,MT,16:00,48,0,12,44,0,12,LW,D,,Sep-4-2023,2023,9,4,0.25,0.318181818,0.122,0.175,0.15,0.19,Conspecific Control,MTTC,2,92,2,7,0.0625,9,144,T,T,0,0,3,6,126,1,135,1,M,24,68,0.272727273
2871,D07,212407,MT,16:03,48,0,14,44,0,14,LW,D,,Sep-4-2023,2023,9,4,0.291666667,0.068181818,0.135,0.157,0.17,0.16,Allospecific Control,MTHC,2,92,10,14,0.176470588,24,136,T,H,0,1,3,7,127,1,112,1,M,28,64,0.318181818
2881,D08,212408,MT,16:06,127,0,33,116,0,33,LW,D,,Sep-4-2023,2023,9,4,0.25984252,0.301724138,0.1,0.16,0.12,0.17,Conspecific Null,MTT0,2,243,7,7,0.097222222,14,144,T,T,1,0,3,8,128,1,130,1,M,66,177,0.284482759
2891,D09,212409,MT,16:09,94,0,48,87,0,48,LW,D,,Sep-4-2023,2023,9,4,0.510638298,0.218390805,0.16,0.192,0.21,0.21,Conspecific Control,MTTC,2,181,17,20,0.23125,37,160,T,T,0,0,3,9,129,1,123,1,M,96,85,0.551724138
2901,D10,212410,MT,16:12,48,0,27,44,0,27,LW,D,,Sep-4-2023,2023,9,4,0.5625,0.113636364,0.138,0.194,0.19,0.21,Allospecific Control,MTHC,2,92,16,17,0.452054795,33,73,T,H,0,1,3,10,130,1,40,1,M,54,38,0.613636364
2911,D11,212411,MT,16:15,62,0,26,57,0,26,LW,D,,Sep-4-2023,2023,9,4,0.419354839,0.385964912,0.113,0.202,0.14,0.22,Conspecific Control,MTTC,2,119,5,13,0.204545455,18,88,T,T,0,0,3,11,131,1,70,1,M,52,67,0.456140351
2921,D12,212412,MT,16:18,67,0,31,62,0,31,LW,D,,Sep-4-2023,2023,9,4,0.462686567,0.403225806,0.081,0.179,0.1,0.19,Conspecific Null,MTT0,2,129,7,11,0.127659574,18,141,T,T,1,0,3,12,132,1,123,1,M,62,67,0.5
2931,D13,212413,MT,16:21,89,0,51,82,0,51,LW,D,,Sep-4-2023,2023,9,4,0.573033708,0.414634146,0.154,0.187,0.21,0.21,Allospecific Null,MTH0,2,171,3,17,0.119047619,20,168,T,H,1,1,3,13,133,1,148,1,M,102,69,0.62195122
2941,D14,212414,MT,16:24,138,0,78,126,0,78,LW,D,,Sep-4-2023,2023,9,4,0.565217391,0.404761905,0.107,0.174,0.15,0.19,Conspecific Control,MTTC,2,264,6,12,0.156521739,18,115,T,T,0,0,3,14,134,1,97,1,M,156,108,0.619047619
2951,D15,212415,MT,16:27,94,0,41,87,0,41,LW,D,,Sep-4-2023,2023,9,4,0.436170213,0.24137931,0.145,0.172,0.19,0.18,Allospecific Null,MTH0,2,181,7,14,0.201923077,21,104,T,H,1,1,3,15,135,1,83,1,M,82,99,0.471264368
2961,D16,212416,MT,16:30,32,0,13,29,0,13,LW,D,,Sep-4-2023,2023,9,4,0.40625,0.310344828,0.083,0.189,0.1,0.21,Allospecific Control,MTHC,2,61,8,17,0.280898876,25,89,T,H,0,1,3,16,136,1,64,1,M,26,35,0.448275862
2971,D17,212417,MT,16:33,75,0,38,69,0,38,LW,D,,Sep-4-2023,2023,9,4,0.506666667,0.217391304,0.114,0.174,0.15,0.18,Allospecific Control,MTHC,2,144,10,7,0.133858268,17,127,T,H,0,1,3,17,137,1,110,1,M,76,68,0.550724638
2981,D18,212418,MT,16:36,56,0,22,52,0,22,LW,D,,Sep-4-2023,2023,9,4,0.392857143,0.230769231,0.102,0.197,0,0.21,Allospecific Null,MTH0,2,108,9,13,0.173228346,22,127,T,H,1,1,3,18,138,1,105,1,M,44,64,0.423076923
2991,D19,212419,MT,16:39,75,0,40,69,0,40,LW,D,,Sep-4-2023,2023,9,4,0.533333333,0.31884058,0.094,0.148,0.12,0.15,Allospecific Null,MTH0,2,144,6,11,0.138211382,17,123,T,H,1,1,3,19,139,1,106,1,M,80,64,0.579710145
3001,D20,212420,MT,16:42,48,0,32,44,0,32,LW,D,,Sep-4-2023,2023,9,4,0.666666667,0.113636364,0.128,0.189,0.19,0.2,Conspecific Control,MTTC,2,92,14,21,0.343137255,35,102,T,T,0,0,3,20,140,1,67,1,M,64,28,0.727272727
3011,D21,212421,MT,16:45,37,0,12,34,0,12,LW,D,,Sep-4-2023,2023,9,4,0.324324324,0.235294118,0.108,0.194,0.13,0.21,Conspecific Null,MTT0,2,71,9,13,0.241758242,22,91,T,T,1,0,3,21,141,1,69,1,M,24,47,0.352941176
3021,D22,212422,MT,16:48,89,0,46,82,0,46,LW,D,,Sep-4-2023,2023,9,4,0.516853933,0.134146341,0.137,0.179,0.18,0.19,Allospecific Control,MTHC,2,171,4,12,0.126984127,16,126,T,H,0,1,3,22,142,1,110,1,M,92,79,0.56097561
3031,D23,212423,MT,16:51,59,0,29,54,0,29,LW,D,,Sep-4-2023,2023,9,4,0.491525424,0.277777778,0.08,0.17,0.1,0.18,Allospecific Null,MTH0,2,113,5,6,0.074829932,11,147,T,H,1,1,3,23,143,1,136,1,M,58,55,0.537037037
3041,D24,212424,MT,16:54,46,0,18,42,0,18,LW,D,,Sep-4-2023,2023,9,4,0.391304348,0.476190476,0.096,0.196,0.12,0.22,Conspecific Null,MTT0,2,88,3,8,0.146666667,11,75,T,T,1,0,3,24,144,1,64,1,M,36,52,0.428571429
3051,D25,212425,MT,16:57,113,0,17,104,0,17,LW,D,,Sep-4-2023,2023,9,4,0.150442478,0.307692308,0.095,0.168,0.11,0.18,Conspecific Control,MTTC,2,217,3,8,0.06918239,11,159,T,T,0,0,3,25,145,1,148,1,M,34,183,0.163461538
3061,D26,212426,MT,17:00,113,0,93,104,0,93,LW,D,,Sep-4-2023,2023,9,4,0.82300885,0.336538462,0.133,0.182,0.25,0.2,Conspecific Control,MTTC,2,217,10,8,0.104046243,18,173,T,T,0,0,3,26,146,1,155,1,M,186,31,0.894230769
3071,D27,212427,MT,17:03,35,0,12,32,0,12,LW,D,,Sep-4-2023,2023,9,4,0.342857143,0.1875,0.162,0.197,0.2,0.21,Allospecific Control,MTHC,2,67,9,13,0.192982456,22,114,T,H,0,1,3,27,147,1,92,1,M,24,43,0.375
3081,D28,212428,MT,17:06,43,0,29,39,0,29,LW,D,,Sep-4-2023,2023,9,4,0.674418605,0.230769231,0.127,0.202,0.19,0.22,Allospecific Control,MTHC,2,82,13,13,0.490566038,26,53,T,H,0,1,3,28,148,1,27,1,M,58,24,0.743589744
3091,D29,212429,MT,17:09,16,0,1,14,0,1,LW,D,,Sep-4-2023,2023,9,4,0.0625,0.285714286,0.15,0.174,0.18,0.19,Conspecific Null,MTT0,2,30,8,7,0.294117647,15,51,T,T,1,0,3,29,149,1,36,1,M,2,28,0.071428571
3101,D30,212430,MT,17:12,81,0,34,74,0,34,LW,D,,Sep-4-2023,2023,9,4,0.419753086,0.418918919,0.096,0.182,0.12,0.2,Allospecific Null,MTH0,2,155,5,17,0.178861789,22,123,T,H,1,1,3,30,150,1,101,1,M,68,87,0.459459459
3111,D31,212431,MT,17:15,62,0,43,57,0,43,LW,D,,Sep-4-2023,2023,9,4,0.693548387,0.087719298,0.116,0.174,0.17,0.18,Allospecific Null,MTH0,2,119,7,9,0.134453782,16,119,T,H,1,1,3,31,151,1,103,1,M,86,33,0.754385965
3121,D32,212432,MT,17:18,140,0,30,129,0,30,LW,D,,Sep-4-2023,2023,9,4,0.214285714,0.255813953,0.073,0.172,0.09,0.18,Conspecific Null,MTT0,2,269,5,14,0.110465116,19,172,T,T,1,0,3,32,152,1,153,1,M,60,209,0.23255814
3131,D33,212433,MT,17:21,59,0,28,54,0,28,LW,D,,Sep-4-2023,2023,9,4,0.474576271,0.333333333,0.113,0.157,0.15,0.16,Allospecific Control,MTHC,2,113,8,12,0.163934426,20,122,T,H,0,1,3,33,153,1,102,1,M,56,57,0.518518519
3141,D34,212434,MT,17:24,81,0,31,74,0,31,LW,D,,Sep-4-2023,2023,9,4,0.382716049,0.256756757,0.131,0.174,0.16,0.18,Conspecific Control,MTTC,2,155,10,14,0.16,24,150,T,T,0,0,3,34,154,1,126,1,M,62,93,0.418918919
3151,D35,212435,MT,17:27,100,0,47,92,0,47,LW,D,,Sep-4-2023,2023,9,4,0.47,0.467391304,0.154,0.168,0.2,0.18,Allospecific Null,MTH0,2,192,3,5,0.053333333,8,150,T,H,1,1,3,35,155,1,142,1,M,94,98,0.510869565
3161,D36,212436,MT,17:30,56,0,30,52,0,30,LW,D,,Sep-4-2023,2023,9,4,0.535714286,0.461538462,0.089,0.174,0.12,0.19,Allospecific Null,MTH0,2,108,10,13,0.209090909,23,110,T,H,1,1,3,36,156,1,87,1,M,60,48,0.576923077
3171,D37,212437,MT,17:33,37,0,10,34,0,10,LW,D,,Sep-4-2023,2023,9,4,0.27027027,0.441176471,0.109,0.18,0.13,0.2,Allospecific Control,MTHC,2,71,5,11,0.216216216,16,74,T,H,0,1,3,37,157,1,58,1,M,20,51,0.294117647
3181,D38,212438,MT,17:36,48,0,23,44,0,23,LW,D,,Sep-4-2023,2023,9,4,0.479166667,0.227272727,0.115,0.157,0.15,0.16,Allospecific Control,MTHC,2,92,6,10,0.155339806,16,103,T,H,0,1,3,38,158,1,87,1,M,46,46,0.522727273
3191,D39,212439,MT,17:39,27,0,5,24,0,5,LW,D,,Sep-4-2023,2023,9,4,0.185185185,0.291666667,0.143,0.196,0.17,0.21,Conspecific Control,MTTC,2,51,7,11,0.169811321,18,106,T,T,0,0,3,39,159,1,88,1,M,10,41,0.208333333
3201,D40,212440,MT,17:42,138,0,73,126,0,73,LW,D,,Sep-4-2023,2023,9,4,0.528985507,0.5,0.121,0.179,0.16,0.2,Conspecific Null,MTT0,2,264,7,13,0.100502513,20,199,T,T,1,0,3,40,160,1,179,1,M,146,118,0.579365079
3211,A01,312101,SH,08:32,57,0,24,84,0,24,LW,D,,Sep-16-2023,2023,9,16,0.421052632,0.535714286,0.15,0.14,0.15,0.14,Conspecific Null,SHH0,3,141,17,15,0.240601504,32,133,H,H,1,0,0,1,1,1,101,2,S,48,93,0.285714286
3221,A02,312102,SH,08:34,87,0,49,105,0,49,LW,D,,Sep-16-2023,2023,9,16,0.563218391,0.466666667,0.15,0.16,0.15,0.16,Conspecific Control,SHHC,3,192,12,20,0.23880597,32,134,H,H,0,0,0,2,2,1,102,2,S,98,94,0.466666667
3231,A03,312103,SH,08:36,97,0,37,147,0,37,LW,D,,Sep-16-2023,2023,9,16,0.381443299,0.476190476,0.12,0.16,0.12,0.16,Allospecific Control,SHTC,3,244,17,18,0.233333333,35,150,H,T,0,1,0,3,3,1,115,2,S,74,170,0.25170068
3241,A04,312104,SH,08:38,22,0,9,44,0,9,LW,D,,Sep-16-2023,2023,9,16,0.409090909,0.454545455,0.12,0.17,0.12,0.17,Allospecific Null,SHT0,3,66,7,27,0.180851064,34,188,H,T,1,1,0,4,4,1,154,2,S,18,48,0.204545455
3251,A05,312105,SH,08:40,38,0,20,39,0,20,LW,D,,Sep-16-2023,2023,9,16,0.526315789,0.384615385,0.13,0.18,0.13,0.18,Allospecific Null,SHT0,3,77,17,39,0.138613861,56,404,H,T,1,1,0,5,5,1,348,2,S,40,37,0.512820513
3261,A06,312106,SH,08:42,48,0,20,53,0,20,LW,D,,Sep-16-2023,2023,9,16,0.416666667,0.509433962,0.13,0.17,0.13,0.17,Allospecific Control,SHTC,3,101,12,22,0.207317073,34,164,H,T,0,1,0,6,6,1,130,2,S,40,61,0.377358491
3271,A07,312107,SH,08:44,35,0,20,62,0,20,LW,D,,Sep-16-2023,2023,9,16,0.571428571,0.290322581,0.13,0.17,0.13,0.17,Conspecific Control,SHHC,3,97,10,20,0.108695652,30,276,H,H,0,0,0,7,7,1,246,2,S,40,57,0.322580645
3281,A08,312108,SH,08:46,39,0,12,43,0,12,LW,D,,Sep-16-2023,2023,9,16,0.307692308,0.395348837,0.13,0.19,0.13,0.19,Conspecific Null,SHH0,3,82,14,33,0.176029963,47,267,H,H,1,0,0,8,8,1,220,2,S,24,58,0.279069767
3291,A09,312109,SH,08:48,71,0,30,65,0,30,LW,D,,Sep-16-2023,2023,9,16,0.422535211,0.461538462,0.13,0.14,0.13,0.14,Allospecific Control,SHTC,3,136,17,15,0.175824176,32,182,H,T,0,1,0,9,9,1,150,2,S,60,76,0.461538462
3301,A10,312110,SH,08:50,14,0,4,14,0,4,LW,D,,Sep-16-2023,2023,9,16,0.285714286,0.428571429,0.17,0.16,0.17,0.16,Conspecific Null,SHH0,3,28,21,40,1,50,50,H,H,1,0,0,10,10,1,11,2,S,8,20,0.285714286
3311,A11,312111,SH,08:52,96,0,50,140,0,50,LW,D,,Sep-16-2023,2023,9,16,0.520833333,0.378571429,0.13,0.14,0.13,0.14,Conspecific Control,SHHC,3,236,26,26,0.293785311,52,177,H,H,0,0,0,11,11,1,125,2,S,100,136,0.357142857
3321,A12,312112,SH,08:54,64,0,37,91,0,37,LW,D,,Sep-16-2023,2023,9,16,0.578125,0.516483516,0.12,0.14,0.12,0.14,Conspecific Null,SHH0,3,155,26,31,0.256756757,57,222,H,H,1,0,0,12,12,1,165,2,S,74,81,0.406593407
3331,A13,312113,SH,08:56,31,0,19,34,0,19,LW,D,,Sep-16-2023,2023,9,16,0.612903226,0.294117647,0.11,0.18,0.11,0.18,Conspecific Null,SHH0,3,65,5,33,0.204301075,38,186,H,H,1,0,0,13,13,1,148,2,S,38,27,0.558823529
3341,A14,312114,SH,08:58,77,0,43,103,0,43,LW,D,,Sep-16-2023,2023,9,16,0.558441558,0.417475728,0.12,0.15,0.12,0.15,Allospecific Control,SHTC,3,180,30,27,0.293814433,57,194,H,T,0,1,0,14,14,1,137,2,S,86,94,0.417475728
3351,A15,312115,SH,09:00,76,0,35,138,0,35,LW,D,,Sep-16-2023,2023,9,16,0.460526316,0.623188406,0.12,0.18,0.12,0.18,Allospecific Null,SHT0,3,214,14,25,0.230769231,39,169,H,T,1,1,0,15,15,1,130,2,S,70,144,0.253623188
3361,A16,312116,SH,09:02,66,0,31,113,0,31,LW,D,,Sep-16-2023,2023,9,16,0.46969697,0.513274336,0.13,0.15,0.13,0.15,Allospecific Control,SHTC,3,179,34,16,0.301204819,50,166,H,T,0,1,0,16,16,1,116,2,S,62,117,0.274336283
3371,A17,312117,SH,09:04,76,0,40,121,0,40,LW,D,,Sep-16-2023,2023,9,16,0.526315789,0.504132231,0.12,0.17,0.12,0.17,Conspecific Control,SHHC,3,197,21,20,0.262820513,41,156,H,H,0,0,0,17,17,1,115,2,S,80,117,0.330578512
3381,A18,312118,SH,09:06,82,0,52,131,0,52,LW,D,,Sep-16-2023,2023,9,16,0.634146341,0.335877863,0.11,0.17,0.11,0.17,Conspecific Control,SHHC,3,213,14,16,0.153846154,30,195,H,H,0,0,0,18,18,1,165,2,S,104,109,0.396946565
3391,A19,312119,SH,09:08,94,0,48,96,0,48,LW,D,,Sep-16-2023,2023,9,16,0.510638298,0.25,0.15,0.13,0.15,0.13,Allospecific Null,SHT0,3,190,23,12,0.168269231,35,208,H,T,1,1,0,19,19,1,173,2,S,96,94,0.5
3401,A20,312120,SH,09:10,42,0,20,57,0,20,LW,D,,Sep-16-2023,2023,9,16,0.476190476,0.473684211,0.12,0.15,0.12,0.15,Allospecific Control,SHTC,3,99,16,12,0.189189189,28,148,H,T,0,1,0,20,20,1,120,2,S,40,59,0.350877193
3411,A21,312121,SH,09:12,88,0,38,98,0,38,LW,D,,Sep-16-2023,2023,9,16,0.431818182,0.56122449,0.12,0.15,0.12,0.15,Conspecific Control,SHHC,3,186,17,21,0.208791209,38,182,H,H,0,0,0,21,21,1,144,2,S,76,110,0.387755102
3421,A22,312122,SH,09:14,78,0,34,113,0,34,LW,D,,Sep-16-2023,2023,9,16,0.435897436,0.699115044,0.13,0.17,0.13,0.17,Conspecific Null,SHH0,3,191,30,11,0.179824561,41,228,H,H,1,0,0,22,22,1,187,2,S,68,123,0.300884956
3431,A23,312123,SH,09:16,53,0,21,63,0,21,LW,D,,Sep-16-2023,2023,9,16,0.396226415,0.793650794,0.12,0.17,0.12,0.17,Conspecific Null,SHH0,3,116,37,21,0.389261745,58,149,H,H,1,0,0,23,23,1,91,2,S,42,74,0.333333333
3441,A24,312124,SH,09:18,55,0,36,70,0,36,LW,D,,Sep-16-2023,2023,9,16,0.654545455,0.528571429,0.11,0.15,0.11,0.15,Allospecific Null,SHT0,3,125,21,6,0.203007519,27,133,H,T,1,1,0,24,24,1,106,2,S,72,53,0.514285714
3451,A25,312125,SH,09:20,48,0,21,62,0,21,LW,D,,Sep-16-2023,2023,9,16,0.4375,0.370967742,0.12,0.19,0.12,0.19,Allospecific Control,SHTC,3,110,17,31,0.296296296,48,162,H,T,0,1,0,25,25,1,114,2,S,42,68,0.338709677
3461,A26,312126,SH,09:22,88,0,62,155,0,62,LW,D,,Sep-16-2023,2023,9,16,0.704545455,0.632258065,0.13,0.16,0.13,0.16,Conspecific Control,SHHC,3,243,12,24,0.236842105,36,152,H,H,0,0,0,26,26,1,116,2,S,124,119,0.4
3471,A27,312127,SH,09:24,151,0,69,247,0,69,LW,D,,Sep-16-2023,2023,9,16,0.456953642,0.457489879,0.13,0.17,0.13,0.17,Allospecific Null,SHT0,3,398,12,35,0.231527094,47,203,H,T,1,1,0,27,27,1,156,2,S,138,260,0.279352227
3481,A28,312128,SH,09:26,96,0,24,139,0,24,LW,D,,Sep-16-2023,2023,9,16,0.25,0.496402878,0.14,0.16,0.14,0.16,Conspecific Control,SHHC,3,235,10,32,0.215384615,42,195,H,H,0,0,0,28,28,1,153,2,S,48,187,0.172661871
3491,A29,312129,SH,09:28,82,0,19,82,0,19,LW,D,,Sep-16-2023,2023,9,16,0.231707317,0.329268293,0.14,0.17,0.14,0.17,Conspecific Null,SHH0,3,164,8,11,0.110465116,19,172,H,H,1,0,0,29,29,1,153,2,S,38,126,0.231707317
3501,A30,312130,SH,09:30,22,0,9,30,0,9,LW,D,,Sep-16-2023,2023,9,16,0.409090909,0.4,0.15,0.22,0.15,0.22,Conspecific Null,SHH0,3,52,25,40,0.255905512,65,254,H,H,1,0,0,30,30,1,189,2,S,18,34,0.3
3511,A31,312131,SH,09:32,62,0,23,96,0,23,LW,D,,Sep-16-2023,2023,9,16,0.370967742,0.583333333,0.13,0.15,0.13,0.15,Allospecific Null,SHT0,3,158,19,27,0.247311828,46,186,H,T,1,1,0,31,31,1,140,2,S,46,112,0.239583333
3521,A32,312132,SH,09:34,59,0,24,81,0,24,LW,D,,Sep-16-2023,2023,9,16,0.406779661,0.469135802,0.14,0.16,0.14,0.16,Allospecific Null,SHT0,3,140,21,30,0.309090909,51,165,H,T,1,1,0,32,32,1,114,2,S,48,92,0.296296296
3531,A33,312133,SH,09:36,4,0,1,3,0,1,LW,D,,Sep-16-2023,2023,9,16,0.25,0.666666667,0.15,0.16,0.15,0.16,Conspecific Control,SHHC,3,7,32,40,0.631578947,72,114,H,H,0,0,0,33,33,1,42,2,S,2,5,0.333333333
3541,A34,312134,SH,09:38,79,0,38,76,0,38,LW,D,,Sep-16-2023,2023,9,16,0.481012658,0.539473684,0.13,0.16,0.13,0.16,Conspecific Control,SHHC,3,155,16,18,0.195402299,34,174,H,H,0,0,0,34,34,1,140,2,S,76,79,0.5
3551,A35,312135,SH,09:40,8,0,2,12,0,2,LW,D,,Sep-16-2023,2023,9,16,0.25,0.5,0.13,0.15,0.13,0.15,Allospecific Control,SHTC,3,20,17,30,0.746031746,47,63,H,T,0,1,0,35,35,1,16,2,S,4,16,0.166666667
3561,A36,312136,SH,09:42,131,0,54,153,0,54,LW,D,,Sep-16-2023,2023,9,16,0.41221374,0.666666667,0.14,0.16,0.14,0.16,Allospecific Null,SHT0,3,284,21,34,0.245535714,55,224,H,T,1,1,0,36,36,1,169,2,S,108,176,0.352941176
3571,A37,312137,SH,09:44,58,0,25,86,0,25,LW,D,,Sep-16-2023,2023,9,16,0.431034483,0.581395349,0.15,0.14,0.15,0.14,Allospecific Control,SHTC,3,144,21,25,0.234693878,46,196,H,T,0,1,0,37,37,1,150,2,S,50,94,0.290697674
3581,A38,312138,SH,09:46,41,0,12,50,0,12,LW,D,,Sep-16-2023,2023,9,16,0.292682927,0.48,0.15,0.15,0.15,0.15,Allospecific Control,SHTC,3,91,14,8,0.123595506,22,178,H,T,0,1,0,38,38,1,156,2,S,24,67,0.24
3591,A39,312139,SH,09:48,18,0,6,36,0,6,LW,D,,Sep-16-2023,2023,9,16,0.333333333,0.388888889,0.15,0.17,0.15,0.17,Allospecific Null,SHT0,3,54,26,31,0.337278107,57,169,H,T,1,1,0,39,39,1,112,2,S,12,42,0.166666667
3601,A40,312140,SH,09:50,37,0,13,38,0,13,LW,D,,Sep-16-2023,2023,9,16,0.351351351,0.631578947,0.15,0.14,0.15,0.14,Conspecific Null,SHH0,3,75,32,33,0.5078125,65,128,H,H,1,0,0,40,40,1,63,2,S,26,49,0.342105263
3611,B01,312201,ST,09:52,36,0,20,63,0,20,LW,D,,Sep-16-2023,2023,9,16,0.555555556,0.587301587,0.15,0.16,0.15,0.16,Conspecific Null,STT0,3,99,6,2,0.03030303,8,264,T,T,1,0,1,1,41,1,256,2,S,40,59,0.317460317
3621,B02,312202,ST,09:54,23,0,14,49,0,14,LW,D,,Sep-16-2023,2023,9,16,0.608695652,0.346938776,2,0.2,2,0.2,Allospecific Control,STHC,3,72,12,10,0.1,22,220,T,H,0,1,1,2,42,1,198,2,S,28,44,0.285714286
3631,B03,312203,ST,09:56,63,0,26,109,0,26,LW,D,,Sep-16-2023,2023,9,16,0.412698413,0.532110092,4,0.15,4,0.15,Allospecific Control,STHC,3,172,16,7,0.090196078,23,255,T,H,0,1,1,3,43,1,232,2,S,52,120,0.23853211
3641,B04,312204,ST,09:58,17,0,5,17,0,5,LW,D,,Sep-16-2023,2023,9,16,0.294117647,0.588235294,0.15,0.15,0.15,0.15,Allospecific Control,STHC,3,34,9,15,0.088560886,24,271,T,H,0,1,1,4,44,1,247,2,S,10,24,0.294117647
3651,B05,312205,ST,10:00,67,0,28,127,0,28,LW,D,,Sep-16-2023,2023,9,16,0.417910448,0.299212598,5,0.14,5,0.14,Allospecific Control,STHC,3,194,4,19,0.141975309,23,162,T,H,0,1,1,5,45,1,139,2,S,56,138,0.220472441
3661,B06,312206,ST,10:02,65,0,49,103,0,49,LW,D,,Sep-16-2023,2023,9,16,0.753846154,0.40776699,0.12,0.2,0.12,0.2,Allospecific Control,STHC,3,168,7,14,0.087866109,21,239,T,H,0,1,1,6,46,1,218,2,S,98,70,0.475728155
3671,B07,312207,ST,10:04,62,0,22,63,0,22,LW,D,,Sep-16-2023,2023,9,16,0.35483871,0.53968254,0.15,0.15,0.15,0.15,Conspecific Control,STTC,3,125,8,13,0.081395349,21,258,T,T,0,0,1,7,47,1,237,2,S,44,81,0.349206349
3681,B08,312208,ST,10:06,18,0,12,52,0,12,LW,D,,Sep-16-2023,2023,9,16,0.666666667,0.211538462,0.12,0.24,0.12,0.24,Conspecific Control,STTC,3,70,16,18,0.187845304,34,181,T,T,0,0,1,8,48,1,147,2,S,24,46,0.230769231
3691,B09,312209,ST,10:08,25,0,12,35,0,12,LW,D,,Sep-16-2023,2023,9,16,0.48,0.342857143,0.12,0.19,0.12,0.19,Conspecific Null,STT0,3,60,11,8,0.067375887,19,282,T,T,1,0,1,9,49,1,263,2,S,24,36,0.342857143
3701,B10,312210,ST,10:10,54,0,26,74,0,26,LW,D,,Sep-16-2023,2023,9,16,0.481481481,0.594594595,0.16,0.18,0.16,0.18,Conspecific Control,STTC,3,128,12,8,0.096618357,20,207,T,T,0,0,1,10,50,1,187,2,S,52,76,0.351351351
3711,B11,312211,ST,10:12,61,0,21,91,0,21,LW,D,,Sep-16-2023,2023,9,16,0.344262295,0.384615385,0.14,0.19,0.14,0.19,Allospecific Control,STHC,3,152,6,10,0.060836502,16,263,T,H,0,1,1,11,51,1,247,2,S,42,110,0.230769231
3721,B12,312212,ST,10:14,46,0,15,90,0,15,LW,D,,Sep-16-2023,2023,9,16,0.326086957,0.344444444,0.16,0.15,0.16,0.15,Allospecific Null,STH0,3,136,16,10,0.096296296,26,270,T,H,1,1,1,12,52,1,244,2,S,30,106,0.166666667
3731,B13,312213,ST,10:16,4,0,1,23,0,1,LW,D,,Sep-16-2023,2023,9,16,0.25,0.652173913,0.14,0.17,0.14,0.17,Conspecific Null,STT0,3,27,11,7,0.057324841,18,314,T,T,1,0,1,13,53,1,296,2,S,2,25,0.043478261
3741,B14,312214,ST,10:18,31,0,12,53,0,12,LW,D,,Sep-16-2023,2023,9,16,0.387096774,0.245283019,0.12,0.21,0.12,0.21,Conspecific Null,STT0,3,84,9,11,0.071684588,20,279,T,T,1,0,1,14,54,1,259,2,S,24,60,0.226415094
3751,B15,312215,ST,10:20,21,0,7,32,0,7,LW,D,,Sep-16-2023,2023,9,16,0.333333333,0.46875,0.13,0.19,0.13,0.19,Allospecific Control,STHC,3,53,16,23,0.159183673,39,245,T,H,0,1,1,15,55,1,206,2,S,14,39,0.21875
3761,B16,312216,ST,10:22,25,0,11,51,0,11,LW,D,,Sep-16-2023,2023,9,16,0.44,0.450980392,0.17,0.15,0.17,0.15,Conspecific Null,STT0,3,76,11,22,0.114583333,33,288,T,T,1,0,1,16,56,1,255,2,S,22,54,0.215686275
3771,B17,312217,ST,10:24,62,0,7,95,0,7,LW,D,,Sep-16-2023,2023,9,16,0.112903226,0.578947368,0.14,0.18,0.14,0.18,Conspecific Control,STTC,3,157,11,22,0.139830508,33,236,T,T,0,0,1,17,57,1,203,2,S,14,143,0.073684211
3781,B18,312218,ST,10:26,58,0,18,101,0,18,LW,D,,Sep-16-2023,2023,9,16,0.310344828,0.465346535,0.13,0.15,0.13,0.15,Conspecific Null,STT0,3,159,11,22,0.127906977,33,258,T,T,1,0,1,18,58,1,225,2,S,36,123,0.178217822
3791,B19,312219,ST,10:28,21,0,9,38,0,9,LW,D,,Sep-16-2023,2023,9,16,0.428571429,0.342105263,0.11,0.22,0.11,0.22,Conspecific Control,STTC,3,59,7,15,0.102325581,22,215,T,T,0,0,1,19,59,1,193,2,S,18,41,0.236842105
3801,B20,312220,ST,10:30,16,0,4,44,0,4,LW,D,,Sep-16-2023,2023,9,16,0.25,0.340909091,0.15,0.21,0.15,0.21,Allospecific Null,STH0,3,60,12,9,0.088607595,21,237,T,H,1,1,1,20,60,1,216,2,S,8,52,0.090909091
3811,B21,312221,ST,10:32,44,0,11,80,0,11,LW,D,,Sep-16-2023,2023,9,16,0.25,0.2,0.14,0.2,0.14,0.2,Conspecific Control,STTC,3,124,8,12,0.136986301,20,146,T,T,0,0,1,21,61,1,126,2,S,22,102,0.1375
3821,B22,312222,ST,10:34,58,0,11,77,0,11,LW,D,,Sep-16-2023,2023,9,16,0.189655172,0.584415584,0.14,0.19,0.14,0.19,Conspecific Control,STTC,3,135,7,9,0.0625,16,256,T,T,0,0,1,22,62,1,240,2,S,22,113,0.142857143
3831,B23,312223,ST,10:36,57,0,16,65,0,16,LW,D,,Sep-16-2023,2023,9,16,0.280701754,0.2,0.13,0.2,0.13,0.2,Allospecific Null,STH0,3,122,4,9,0.050583658,13,257,T,H,1,1,1,23,63,1,244,2,S,32,90,0.246153846
3841,B24,312224,ST,10:38,23,0,9,61,0,9,LW,D,,Sep-16-2023,2023,9,16,0.391304348,0.229508197,0.11,0.17,0.11,0.17,Allospecific Null,STH0,3,84,15,15,0.227272727,30,132,T,H,1,1,1,24,64,1,102,2,S,18,66,0.147540984
3851,B25,312225,ST,10:40,80,0,25,127,0,25,LW,D,,Sep-16-2023,2023,9,16,0.3125,0.37007874,0.11,0.2,0.11,0.2,Allospecific Null,STH0,3,207,12,11,0.08778626,23,262,T,H,1,1,1,25,65,1,239,2,S,50,157,0.196850394
3861,B26,312226,ST,10:42,8,0,2,10,0,2,LW,D,,Sep-16-2023,2023,9,16,0.25,0.6,0.13,0.19,0.13,0.19,Conspecific Null,STT0,3,18,11,8,0.076305221,19,249,T,T,1,0,1,26,66,1,230,2,S,4,14,0.2
3871,B27,312227,ST,10:44,28,0,3,34,0,3,LW,D,,Sep-16-2023,2023,9,16,0.107142857,0.382352941,0.15,0.21,0.15,0.21,Allospecific Control,STHC,3,62,16,14,0.126582278,30,237,T,H,0,1,1,27,67,1,207,2,S,6,56,0.088235294
3881,B28,312228,ST,10:46,35,0,2,53,0,2,LW,D,,Sep-16-2023,2023,9,16,0.057142857,0.528301887,0.13,0.18,0.13,0.18,Allospecific Null,STH0,3,88,13,16,0.140776699,29,206,T,H,1,1,1,28,68,1,177,2,S,4,84,0.037735849
3891,B29,312229,ST,10:48,0,0,NA,0,0,NA,LW,D,,Sep-16-2023,2023,9,16,0,0,0,0,0,0,Allospecific Null,STH0,3,0,0,0,#DIV/0!,0,0,T,H,1,1,1,29,69,1,0,2,S,#VALUE!,#VALUE!,NA
3901,B30,312230,ST,10:50,9,0,3,27,0,3,LW,D,,Sep-16-2023,2023,9,16,0.333333333,0.555555556,0.16,0.2,0.16,0.2,Conspecific Null,STT0,3,36,11,10,0.079545455,21,264,T,T,1,0,1,30,70,1,243,2,S,6,30,0.111111111
3911,B31,312231,ST,10:52,3,0,1,18,0,1,LW,D,,Sep-16-2023,2023,9,16,0.333333333,0.388888889,0.14,0.17,0.14,0.17,Conspecific Null,STT0,3,21,8,9,0.082524272,17,206,T,T,1,0,1,31,71,1,189,2,S,2,19,0.055555556
3921,B32,312232,ST,10:54,14,0,2,10,0,2,LW,D,,Sep-16-2023,2023,9,16,0.142857143,0.4,0.11,0.18,0.11,0.18,Allospecific Null,STH0,3,24,13,5,0.077922078,18,231,T,H,1,1,1,32,72,1,213,2,S,4,20,0.2
3931,B33,312233,ST,10:56,4,0,0,12,0,0,LW,D,,Sep-16-2023,2023,9,16,0,0.333333333,0.15,0.2,0.15,0.2,Conspecific Control,STTC,3,16,21,10,0.131355932,31,236,T,T,0,0,1,33,73,1,205,2,S,0,16,0
3941,B34,312234,ST,10:58,29,0,9,63,0,9,LW,D,,Sep-16-2023,2023,9,16,0.310344828,0.349206349,0.12,0.21,0.12,0.21,Allospecific Control,STHC,3,92,10,13,0.122340426,23,188,T,H,0,1,1,34,74,1,165,2,S,18,74,0.142857143
3951,B35,312235,ST,11:00,43,0,10,62,0,10,LW,D,,Sep-16-2023,2023,9,16,0.23255814,0.451612903,0.12,0.15,0.12,0.15,Allospecific Control,STHC,3,105,13,24,0.207865169,37,178,T,H,0,1,1,35,75,1,141,2,S,20,85,0.161290323
3961,B36,312236,ST,11:02,36,0,10,63,0,10,LW,D,,Sep-16-2023,2023,9,16,0.277777778,0.396825397,0.13,0.21,0.13,0.21,Conspecific Control,STTC,3,99,6,16,0.077464789,22,284,T,T,0,0,1,36,76,1,262,2,S,20,79,0.158730159
3971,B37,312237,ST,11:04,68,0,29,107,0,29,LW,D,,Sep-16-2023,2023,9,16,0.426470588,0.364485981,0.14,0.14,0.14,0.14,Conspecific Null,STT0,3,175,19,10,0.109848485,29,264,T,T,1,0,1,37,77,1,235,2,S,58,117,0.271028037
3981,B38,312238,ST,11:06,40,0,16,106,0,16,LW,D,,Sep-16-2023,2023,9,16,0.4,0.377358491,0.17,0.17,0.17,0.17,Conspecific Control,STTC,3,146,11,3,0.049122807,14,285,T,T,0,0,1,38,78,1,271,2,S,32,114,0.150943396
3991,B39,312239,ST,11:08,34,0,15,66,0,15,LW,D,,Sep-16-2023,2023,9,16,0.441176471,0.424242424,0.17,0.22,0.17,0.22,Allospecific Null,STH0,3,100,14,12,0.119266055,26,218,T,H,1,1,1,39,79,1,192,2,S,30,70,0.227272727
4001,B40,312240,ST,11:10,30,0,13,31,0,13,LW,D,,Sep-16-2023,2023,9,16,0.433333333,0.419354839,0.13,0.18,0.13,0.18,Allospecific Null,STH0,3,61,16,10,0.076923077,26,338,T,H,1,1,1,40,80,1,312,2,S,26,35,0.419354839
4011,C01,312301,MH,11:12,32,0,10,53,0,10,LW,D,,Sep-16-2023,2023,9,16,0.3125,0.150943396,0.12,0.18,0.12,0.2,Allospecific Null,MHT0,3,85,18,14,0.157635468,32,203,H,T,1,1,2,1,81,1,171,2,M,20,65,0.188679245
4021,C02,312302,MH,11:14,87,0,14,97,0,14,LW,D,,Sep-16-2023,2023,9,16,0.16091954,0.494845361,0.13,0.19,0.13,0.19,Allospecific Control,MHTC,3,184,19,16,0.125,35,280,H,T,0,1,2,2,82,1,245,2,M,28,156,0.144329897
4031,C03,312303,MH,11:16,80,0,23,60,0,23,LW,D,,Sep-16-2023,2023,9,16,0.2875,0.3,0.13,0.16,0.13,0.22,Conspecific Control,MHHC,3,140,10,17,0.209302326,27,129,H,H,0,0,2,3,83,1,102,2,M,46,94,0.383333333
4041,C04,312304,MH,11:18,69,0,17,51,0,17,LW,D,,Sep-16-2023,2023,9,16,0.246376812,0.333333333,0.1,0.18,0.1,0.21,Allospecific Null,MHT0,3,120,5,17,0.144736842,22,152,H,T,1,1,2,4,84,1,130,2,M,34,86,0.333333333
4051,C05,312305,MH,11:20,15,0,5,12,0,5,LW,D,,Sep-16-2023,2023,9,16,0.333333333,0.416666667,0.13,0.19,0.13,0.17,Conspecific Control,MHHC,3,27,5,11,0.098765432,16,162,H,H,0,0,2,5,85,1,146,2,M,10,17,0.416666667
4061,C06,312306,MH,11:22,46,0,19,58,0,19,LW,D,,Sep-16-2023,2023,9,16,0.413043478,0.344827586,0.13,0.18,0.13,0.23,Allospecific Null,MHT0,3,104,8,12,0.114285714,20,175,H,T,1,1,2,6,86,1,155,2,M,38,66,0.327586207
4071,C07,312307,MH,11:24,51,0,2,35,0,2,LW,D,,Sep-16-2023,2023,9,16,0.039215686,0.514285714,0.11,0.16,0.11,0.22,Allospecific Control,MHTC,3,86,11,3,0.056,14,250,H,T,0,1,2,7,87,1,236,2,M,4,82,0.057142857
4081,C08,312308,MH,11:26,27,0,11,16,0,11,LW,D,,Sep-16-2023,2023,9,16,0.407407407,0.3125,0.13,0.17,0.13,0.2,Conspecific Null,MHH0,3,43,10,25,0.148305085,35,236,H,H,1,0,2,8,88,1,201,2,M,22,21,0.6875
4091,C09,312309,MH,11:28,57,0,17,80,0,17,LW,D,,Sep-16-2023,2023,9,16,0.298245614,0.45,0.14,0.18,0.14,0.18,Conspecific Control,MHHC,3,137,11,3,0.050541516,14,277,H,H,0,0,2,9,89,1,263,2,M,34,103,0.2125
4101,C10,312310,MH,11:30,66,0,15,67,0,15,LW,D,,Sep-16-2023,2023,9,16,0.227272727,0.373134328,0.14,0.19,0.14,0.17,Allospecific Control,MHTC,3,133,8,5,0.052419355,13,248,H,T,0,1,2,10,90,1,235,2,M,30,103,0.223880597
4111,C11,312311,MH,11:32,77,0,15,68,0,15,LW,D,,Sep-16-2023,2023,9,16,0.194805195,0.352941176,0.14,0.19,0.14,0.19,Allospecific Null,MHT0,3,145,13,16,0.132420091,29,219,H,T,1,1,2,11,91,1,190,2,M,30,115,0.220588235
4121,C12,312312,MH,11:34,58,0,13,62,0,13,LW,D,,Sep-16-2023,2023,9,16,0.224137931,0.419354839,0.11,0.21,0.11,0.24,Conspecific Null,MHH0,3,120,8,17,0.097276265,25,257,H,H,1,0,2,12,92,1,232,2,M,26,94,0.209677419
4131,C13,312313,MH,11:36,13,0,2,7,0,2,LW,D,,Sep-16-2023,2023,9,16,0.153846154,0.428571429,0.1,0.23,0.1,0.25,Conspecific Control,MHHC,3,20,18,4,0.095238095,22,231,H,H,0,0,2,13,93,1,209,2,M,4,16,0.285714286
4141,C14,312314,MH,12:36,53,0,12,33,0,12,LW,D,,Sep-16-2023,2023,9,16,0.226415094,0.454545455,0.13,0.2,0.13,0.18,Conspecific Control,MHHC,3,86,10,7,0.098265896,17,173,H,H,0,0,2,14,94,1,156,2,M,24,62,0.363636364
4151,C15,312315,MH,13:36,47,0,12,58,0,12,LW,D,,Sep-16-2023,2023,9,16,0.255319149,0.568965517,0.14,0.16,0.14,0.23,Conspecific Null,MHH0,3,105,11,14,0.112612613,25,222,H,H,1,0,2,15,95,1,197,2,M,24,81,0.206896552
4161,C16,312316,MH,14:36,51,0,15,40,0,15,LW,D,,Sep-16-2023,2023,9,16,0.294117647,0.5,0.13,0.21,0.13,0.19,Conspecific Null,MHH0,3,91,11,11,0.125714286,22,175,H,H,1,0,2,16,96,1,153,2,M,30,61,0.375
4171,C17,312317,MH,15:36,78,0,21,58,0,21,LW,D,,Sep-16-2023,2023,9,16,0.269230769,0.310344828,0.17,0.19,0.17,0.23,Allospecific Null,MHT0,3,136,11,11,0.085271318,22,258,H,T,1,1,2,17,97,1,236,2,M,42,94,0.362068966
4181,C18,312318,MH,16:36,41,0,11,43,0,11,LW,D,,Sep-16-2023,2023,9,16,0.268292683,0.372093023,0.13,0.23,0.13,0.23,Conspecific Null,MHH0,3,84,14,24,0.175115207,38,217,H,H,1,0,2,18,98,1,179,2,M,22,62,0.255813953
4191,C19,312319,MH,17:36,12,0,3,11,0,3,LW,D,,Sep-16-2023,2023,9,16,0.25,0.272727273,0.12,0.2,0.12,0.23,Allospecific Null,MHT0,3,23,11,9,0.078431373,20,255,H,T,1,1,2,19,99,1,235,2,M,6,17,0.272727273
4201,C20,312320,MH,18:36,29,0,8,42,0,8,LW,D,,Sep-16-2023,2023,9,16,0.275862069,0.333333333,0.17,0.2,0.17,0.25,Conspecific Null,MHH0,3,71,13,9,0.061797753,22,356,H,H,1,0,2,20,100,1,334,2,M,16,55,0.19047619
4211,C21,312321,MH,19:36,47,0,10,42,0,10,LW,D,,Sep-16-2023,2023,9,16,0.212765957,0.166666667,0.16,0.19,0.16,0.23,Conspecific Null,MHH0,3,89,5,15,0.060422961,20,331,H,H,1,0,2,21,101,1,311,2,M,20,69,0.238095238
4221,C22,312322,MH,20:36,33,0,10,33,0,10,LW,D,,Sep-16-2023,2023,9,16,0.303030303,0.696969697,0.16,0.24,0.16,0.17,Conspecific Control,MHHC,3,66,13,10,0.093117409,23,247,H,H,0,0,2,22,102,1,224,2,M,20,46,0.303030303
4231,C23,312323,MH,21:36,83,0,15,65,0,15,LW,D,,Sep-16-2023,2023,9,16,0.180722892,0.676923077,0.14,0.17,0.14,0.2,Allospecific Null,MHT0,3,148,16,12,0.097902098,28,286,H,T,1,1,2,23,103,1,258,2,M,30,118,0.230769231
4241,C24,312324,MH,22:36,91,0,21,76,0,21,LW,D,,Sep-16-2023,2023,9,16,0.230769231,0.565789474,0.13,0.18,0.13,0.23,Allospecific Null,MHT0,3,167,16,15,0.108391608,31,286,H,T,1,1,2,24,104,1,255,2,M,42,125,0.276315789
4251,C25,312325,MH,23:36,55,0,14,66,0,14,LW,D,,Sep-16-2023,2023,9,16,0.254545455,0.606060606,0.14,0.17,0.14,0.25,Conspecific Control,MHHC,3,121,13,10,0.106481481,23,216,H,H,0,0,2,25,105,1,193,2,M,28,93,0.212121212
4261,C26,312326,MH,00:36,60,0,15,74,0,15,LW,D,,Sep-16-2023,2023,9,16,0.25,0.405405405,0.13,0.21,0.13,0.19,Conspecific Null,MHH0,3,134,6,7,0.064039409,13,203,H,H,1,0,2,26,106,1,190,2,M,30,104,0.202702703
4271,C27,312327,MH,01:36,17,0,5,14,0,5,LW,D,,Sep-16-2023,2023,9,16,0.294117647,0.285714286,0.13,0.18,0.13,0.21,Allospecific Null,MHT0,3,31,10,10,0.089285714,20,224,H,T,1,1,2,27,107,1,204,2,M,10,21,0.357142857
4281,C28,312328,MH,02:36,44,0,8,49,0,8,LW,D,,Sep-16-2023,2023,9,16,0.181818182,0.489795918,0.15,0.18,0.15,0.22,Allospecific Control,MHTC,3,93,13,8,0.084337349,21,249,H,T,0,1,2,28,108,1,228,2,M,16,77,0.163265306
4291,C29,312329,MH,03:36,52,0,11,35,0,11,LW,D,,Sep-16-2023,2023,9,16,0.211538462,0.371428571,0.16,0.18,0.16,0.2,Conspecific Control,MHHC,3,87,8,14,0.085603113,22,257,H,H,0,0,2,29,109,1,235,2,M,22,65,0.314285714
4301,C30,312330,MH,04:36,73,0,17,73,0,17,LW,D,,Sep-16-2023,2023,9,16,0.232876712,0.547945205,0.14,0.17,0.14,0.21,Allospecific Control,MHTC,3,146,6,12,0.096256684,18,187,H,T,0,1,2,30,110,1,169,2,M,34,112,0.232876712
4311,C31,312331,MH,05:36,88,0,22,59,0,22,LW,D,,Sep-16-2023,2023,9,16,0.25,0.508474576,0.15,0.14,0.15,0.2,Conspecific Control,MHHC,3,147,5,12,0.08056872,17,211,H,H,0,0,2,31,111,1,194,2,M,44,103,0.372881356
4321,C32,312332,MH,06:36,55,0,13,82,0,13,LW,D,,Sep-16-2023,2023,9,16,0.236363636,0.536585366,0.12,0.19,0.12,0.19,Conspecific Null,MHH0,3,137,16,17,0.173684211,33,190,H,H,1,0,2,32,112,1,157,2,M,26,111,0.158536585
4331,C33,312333,MH,07:36,85,0,17,54,0,17,LW,D,,Sep-16-2023,2023,9,16,0.2,0.388888889,0.16,0.15,0.16,0.2,Allospecific Control,MHTC,3,139,11,18,0.140776699,29,206,H,T,0,1,2,33,113,1,177,2,M,34,105,0.314814815
4341,C34,312334,MH,08:36,66,0,15,77,0,15,LW,D,,Sep-16-2023,2023,9,16,0.227272727,0.623376623,0.13,0.18,0.13,0.18,Allospecific Control,MHTC,3,143,13,10,0.1796875,23,128,H,T,0,1,2,34,114,1,105,2,M,30,113,0.194805195
4351,C35,312335,MH,09:36,83,0,30,106,0,30,LW,D,,Sep-16-2023,2023,9,16,0.361445783,0.424528302,0.11,0.17,0.11,0.2,Allospecific Null,MHT0,3,189,18,7,0.128865979,25,194,H,T,1,1,2,35,115,1,169,2,M,60,129,0.283018868
4361,C36,312336,MH,10:36,61,0,17,98,0,17,LW,D,,Sep-16-2023,2023,9,16,0.278688525,0.153061224,0.17,0.19,0.17,0.21,Allospecific Control,MHTC,3,159,11,20,0.122529644,31,253,H,T,0,1,2,36,116,1,222,2,M,34,125,0.173469388
4371,C37,312337,MH,11:36,48,0,6,67,0,6,LW,D,,Sep-16-2023,2023,9,16,0.125,0.373134328,0.1,0.19,0.1,0.22,Conspecific Control,MHHC,3,115,11,9,0.08097166,20,247,H,H,0,0,2,37,117,1,227,2,M,12,103,0.089552239
4381,C38,312338,MH,12:36,67,0,18,103,0,18,LW,D,,Sep-16-2023,2023,9,16,0.268656716,0.533980583,0.15,0.15,0.15,0.24,Conspecific Null,MHH0,3,170,8,10,0.075630252,18,238,H,H,1,0,2,38,118,1,220,2,M,36,134,0.174757282
4391,C39,312339,MH,13:36,92,0,20,93,0,20,LW,D,,Sep-16-2023,2023,9,16,0.217391304,0.268817204,0.12,0.19,0.12,0.22,Allospecific Control,MHTC,3,185,11,25,0.175609756,36,205,H,T,0,1,2,39,119,1,169,2,M,40,145,0.215053763
4401,C40,312340,MH,14:36,45,0,7,65,0,7,LW,D,,Sep-16-2023,2023,9,16,0.155555556,0.476923077,0.11,0.22,0.11,0.2,Allospecific Control,MHTC,3,110,11,5,0.117647059,16,136,H,T,0,1,2,40,120,1,120,2,M,14,96,0.107692308
4411,D21,312401,MT,15:40,51,0,20,44,0,20,LW,D,,Sep-16-2023,2023,9,16,0.392156863,0.636363636,0.14,0.2,0.14,0.23,Conspecific Null,MTT0,3,95,8,18,0.165605096,26,157,T,T,1,0,3,21,141,1,131,2,M,40,55,0.454545455
4421,D19,312401,MT,15:36,90,0,34,84,0,34,LW,D,,Sep-16-2023,2023,9,16,0.377777778,0.595238095,0.15,0.12,0.15,0.19,Conspecific Null,MTT0,3,174,19,8,0.369863014,27,73,T,T,1,0,3,19,139,1,46,2,M,68,106,0.404761905
4431,D20,312401,MT,15:38,53,0,24,59,0,24,LW,D,,Sep-16-2023,2023,9,16,0.452830189,0.593220339,0.13,0.16,0.13,0.28,Conspecific Control,MTTC,3,112,13,15,0.07486631,28,374,T,T,0,0,3,20,140,1,346,2,M,48,64,0.406779661
4441,D24,312401,MT,15:46,54,0,23,62,0,23,LW,D,,Sep-16-2023,2023,9,16,0.425925926,0.580645161,0.14,0.17,0.14,0.27,Allospecific Null,MTH0,3,116,10,24,0.126394052,34,269,T,H,1,1,3,24,144,1,235,2,M,46,70,0.370967742
4451,D01,312401,MT,15:00,117,0,25,130,0,25,LW,D,,Sep-16-2023,2023,9,16,0.213675214,0.576923077,0.14,0.18,0.14,0.2,Conspecific Null,MTT0,3,247,12,13,0.08650519,25,289,T,T,1,0,3,1,121,1,264,2,M,50,197,0.192307692
4461,D15,312401,MT,15:28,106,0,51,112,0,51,LW,D,,Sep-16-2023,2023,9,16,0.481132075,0.553571429,0.15,0.16,0.15,0.2,Conspecific Control,MTTC,3,218,5,12,0.071129707,17,239,T,T,0,0,3,15,135,1,222,2,M,102,116,0.455357143
4471,D28,312401,MT,15:54,52,0,22,53,0,22,LW,D,,Sep-16-2023,2023,9,16,0.423076923,0.547169811,0.15,0.18,0.15,0.27,Allospecific Control,MTHC,3,105,19,29,0.236453202,48,203,T,H,0,1,3,28,148,1,155,2,M,44,61,0.41509434
4481,D23,312401,MT,15:44,74,0,36,73,0,36,LW,D,,Sep-16-2023,2023,9,16,0.486486486,0.534246575,0.15,0.17,0.15,0.19,Conspecific Null,MTT0,3,147,14,11,0.125,25,200,T,T,1,0,3,23,143,1,175,2,M,72,75,0.493150685
4491,D34,312401,MT,16:06,98,0,50,100,0,50,LW,D,,Sep-16-2023,2023,9,16,0.510204082,0.51,0.13,0.18,0.13,0.18,Conspecific Control,MTTC,3,198,32,39,0.336492891,71,211,T,T,0,0,3,34,154,1,140,2,M,100,98,0.5
4501,D17,312401,MT,15:32,81,0,36,96,0,36,LW,D,,Sep-16-2023,2023,9,16,0.444444444,0.5,0.12,0.16,0.12,0.22,Allospecific Control,MTHC,3,177,30,34,0.301886792,64,212,T,H,0,1,3,17,137,1,148,2,M,72,105,0.375
4511,D07,312401,MT,15:12,57,0,23,49,0,23,LW,D,,Sep-16-2023,2023,9,16,0.403508772,0.469387755,0.15,0.15,0.15,0.17,Conspecific Control,MTTC,3,106,10,27,0.128472222,37,288,T,T,0,0,3,7,127,1,251,2,M,46,60,0.469387755
4521,D02,312401,MT,15:02,10,0,2,7,0,2,LW,D,,Sep-16-2023,2023,9,16,0.2,0.428571429,0.14,0.22,0.14,0.2,Conspecific Null,MTT0,3,17,14,21,0.162790698,35,215,T,T,1,0,3,2,122,1,180,2,M,4,13,0.285714286
4531,D29,312401,MT,15:56,26,0,11,19,0,11,LW,D,,Sep-16-2023,2023,9,16,0.423076923,0.421052632,0.16,0.16,0.16,0.21,Allospecific Null,MTH0,3,45,7,31,0.180094787,38,211,T,H,1,1,3,29,149,1,173,2,M,22,23,0.578947368
4541,D12,312401,MT,15:22,80,0,32,79,0,32,LW,D,,Sep-16-2023,2023,9,16,0.4,0.417721519,0.18,0.15,0.18,0.22,Conspecific Control,MTTC,3,159,12,25,0.180487805,37,205,T,T,0,0,3,12,132,1,168,2,M,64,95,0.405063291
4551,D03,312401,MT,15:04,18,0,5,24,0,5,LW,D,,Sep-16-2023,2023,9,16,0.277777778,0.416666667,0.13,0.16,0.13,0.25,Allospecific Null,MTH0,3,42,14,26,0.180995475,40,221,T,H,1,1,3,3,123,1,181,2,M,10,32,0.208333333
4561,D35,312401,MT,16:08,124,0,59,129,0,59,LW,D,,Sep-16-2023,2023,9,16,0.475806452,0.410852713,0.19,0.15,0.19,0.2,Allospecific Control,MTHC,3,253,16,34,0.16722408,50,299,T,H,0,1,3,35,155,1,249,2,M,118,135,0.457364341
4571,D33,312401,MT,16:04,66,0,26,73,0,26,LW,D,,Sep-16-2023,2023,9,16,0.393939394,0.397260274,0.16,0.16,0.16,0.18,Allospecific Control,MTHC,3,139,19,15,0.171717172,34,198,T,H,0,1,3,33,153,1,164,2,M,52,87,0.356164384
4581,D06,312401,MT,15:10,62,0,25,58,0,25,LW,D,,Sep-16-2023,2023,9,16,0.403225806,0.396551724,0.15,0.18,0.15,0.2,Allospecific Null,MTH0,3,120,17,26,0.176954733,43,243,T,H,1,1,3,6,126,1,200,2,M,50,70,0.431034483
4591,D10,312401,MT,15:18,55,0,22,58,0,22,LW,D,,Sep-16-2023,2023,9,16,0.4,0.396551724,0.13,0.21,0.13,0.21,Allospecific Null,MTH0,3,113,12,22,0.154545455,34,220,T,H,1,1,3,10,130,1,186,2,M,44,69,0.379310345
4601,D16,312401,MT,15:30,32,0,11,40,0,11,LW,D,,Sep-16-2023,2023,9,16,0.34375,0.375,0.18,0.18,0.18,0.23,Conspecific Control,MTTC,3,72,26,42,0.245487365,68,277,T,T,0,0,3,16,136,1,209,2,M,22,50,0.275
4611,D25,312401,MT,15:48,129,0,48,140,0,48,LW,D,,Sep-16-2023,2023,9,16,0.372093023,0.371428571,0.13,0.16,0.13,0.19,Conspecific Null,MTT0,3,269,17,25,0.146341463,42,287,T,T,1,0,3,25,145,1,245,2,M,96,173,0.342857143
4621,D31,312401,MT,16:00,70,0,36,76,0,36,LW,D,,Sep-16-2023,2023,9,16,0.514285714,0.368421053,0.17,0.18,0.17,0.18,Allospecific Control,MTHC,3,146,8,22,0.116731518,30,257,T,H,0,1,3,31,151,1,227,2,M,72,74,0.473684211
4631,D38,312401,MT,16:14,59,0,25,60,0,25,LW,D,,Sep-16-2023,2023,9,16,0.423728814,0.366666667,0.17,0.14,0.17,0.17,Allospecific Null,MTH0,3,119,10,9,0.076923077,19,247,T,H,1,1,3,38,158,1,228,2,M,50,69,0.416666667
4641,D09,312401,MT,15:16,116,0,38,122,0,38,LW,D,,Sep-16-2023,2023,9,16,0.327586207,0.360655738,0.16,0.21,0.16,0.19,Conspecific Null,MTT0,3,238,7,17,0.093023256,24,258,T,T,1,0,3,9,129,1,234,2,M,76,162,0.31147541
4651,D04,312401,MT,15:06,33,0,12,34,0,12,LW,D,,Sep-16-2023,2023,9,16,0.363636364,0.352941176,0.14,0.18,0.14,0.2,Conspecific Control,MTTC,3,67,7,14,0.07266436,21,289,T,T,0,0,3,4,124,1,268,2,M,24,43,0.352941176
4661,D13,312401,MT,15:24,110,0,52,111,0,52,LW,D,,Sep-16-2023,2023,9,16,0.472727273,0.351351351,0.15,0.15,0.15,0.24,Conspecific Control,MTTC,3,221,19,12,0.125506073,31,247,T,T,0,0,3,13,133,1,216,2,M,104,117,0.468468468
4671,D05,312401,MT,15:08,75,0,36,99,0,36,LW,D,,Sep-16-2023,2023,9,16,0.48,0.333333333,0.12,0.19,0.12,0.18,Allospecific Control,MTHC,3,174,17,24,0.154135338,41,266,T,H,0,1,3,5,125,1,225,2,M,72,102,0.363636364
4681,D08,312401,MT,15:14,151,0,65,148,0,65,LW,D,,Sep-16-2023,2023,9,16,0.430463576,0.317567568,0.14,0.18,0.14,0.17,Allospecific Control,MTHC,3,299,25,25,0.231481481,50,216,T,H,0,1,3,8,128,1,166,2,M,130,169,0.439189189
4691,D32,312401,MT,16:02,169,0,88,169,0,88,LW,D,,Sep-16-2023,2023,9,16,0.520710059,0.278106509,0.13,0.13,0.13,0.2,Conspecific Null,MTT0,3,338,16,16,0.139737991,32,229,T,T,1,0,3,32,152,1,197,2,M,176,162,0.520710059
4701,D11,312401,MT,15:20,83,0,31,73,0,31,LW,D,,Sep-16-2023,2023,9,16,0.373493976,0.260273973,0.14,0.2,0.14,0.23,Allospecific Null,MTH0,3,156,10,33,0.233695652,43,184,T,H,1,1,3,11,131,1,141,2,M,62,94,0.424657534
4711,D36,312401,MT,16:10,63,0,23,67,0,23,LW,D,,Sep-16-2023,2023,9,16,0.365079365,0.253731343,0.16,0.16,0.16,0.2,Allospecific Null,MTH0,3,130,14,17,0.102310231,31,303,T,H,1,1,3,36,156,1,272,2,M,46,84,0.343283582
4721,D18,312401,MT,15:34,75,0,32,61,0,32,LW,D,,Sep-16-2023,2023,9,16,0.426666667,0.245901639,0.16,0.17,0.16,0.22,Conspecific Null,MTT0,3,136,10,27,0.221556886,37,167,T,T,1,0,3,18,138,1,130,2,M,64,72,0.524590164
4731,D14,312401,MT,15:26,158,0,70,172,0,70,LW,D,,Sep-16-2023,2023,9,16,0.443037975,0.238372093,0.16,0.19,0.16,0.18,Allospecific Control,MTHC,3,330,16,27,0.223958333,43,192,T,H,0,1,3,14,134,1,149,2,M,140,190,0.406976744
4741,D37,312401,MT,16:12,47,0,20,50,0,20,LW,D,,Sep-16-2023,2023,9,16,0.425531915,0.22,0.12,0.16,0.12,0.21,Conspecific Control,MTTC,3,97,19,26,0.15,45,300,T,T,0,0,3,37,157,1,255,2,M,40,57,0.4
4751,D26,312401,MT,15:50,139,0,66,138,0,66,LW,D,,Sep-16-2023,2023,9,16,0.474820144,0.210144928,0.12,0.18,0.12,0.21,Allospecific Null,MTH0,3,277,7,9,0.092485549,16,173,T,H,1,1,3,26,146,1,157,2,M,132,145,0.47826087
4761,D30,312401,MT,15:58,98,0,29,99,0,29,LW,D,,Sep-16-2023,2023,9,16,0.295918367,0.202020202,0.14,0.18,0.14,0.21,Allospecific Null,MTH0,3,197,19,27,0.184738956,46,249,T,H,1,1,3,30,150,1,203,2,M,58,139,0.292929293
4771,D40,312401,MT,16:18,169,0,63,165,0,63,LW,D,,Sep-16-2023,2023,9,16,0.372781065,0.187878788,0.15,0.18,0.15,0.19,Allospecific Control,MTHC,3,334,10,19,0.123404255,29,235,T,H,0,1,3,40,160,1,206,2,M,126,208,0.381818182
4781,D27,312401,MT,15:52,34,0,14,46,0,14,LW,D,,Sep-16-2023,2023,9,16,0.411764706,0.173913043,0.14,0.19,0.14,0.21,Allospecific Control,MTHC,3,80,12,20,0.146788991,32,218,T,H,0,1,3,27,147,1,186,2,M,28,52,0.304347826
4791,D22,312401,MT,15:42,102,0,37,110,0,37,LW,D,,Sep-16-2023,2023,9,16,0.362745098,0.163636364,0.15,0.15,0.15,0.2,Conspecific Control,MTTC,3,212,14,20,0.153846154,34,221,T,T,0,0,3,22,142,1,187,2,M,74,138,0.336363636
4801,D39,312401,MT,16:16,35,0,17,34,0,17,LW,D,,Sep-16-2023,2023,9,16,0.485714286,0.117647059,0.14,0.22,0.14,0.22,Conspecific Null,MTT0,3,69,14,25,0.180555556,39,216,T,T,1,0,3,39,159,1,177,2,M,34,35,0.5
4811,A01,412101,SH,08:23,64,0,27,83,0,27,LW,D,,Sep-28-2023,2023,9,28,0.421875,0.277108434,0.16,0.15,0.16,0.15,Conspecific Null,SHH0,4,147,22,16,0.071563089,38,531,H,H,1,0,0,1,1,1,493,3,S,54,93,0.325301205
4821,A02,412102,SH,08:25,94,0,44,121,0,44,LW,D,,Sep-28-2023,2023,9,28,0.468085106,0.165289256,0.14,0.2,0.14,0.2,Conspecific Control,SHHC,4,215,16,23,0.075581395,39,516,H,H,0,0,0,2,2,1,477,3,S,88,127,0.363636364
4831,A03,412103,SH,08:27,118,0,39,169,0,39,LW,D,,Sep-28-2023,2023,9,28,0.330508475,0.550295858,0.15,0.15,0.15,0.15,Allospecific Control,SHTC,4,287,22,17,0.058558559,39,666,H,T,0,1,0,3,3,1,627,3,S,78,209,0.230769231
4841,A04,412104,SH,08:29,16,0,7,48,0,7,LW,D,,Sep-28-2023,2023,9,28,0.4375,0.375,0.14,0.18,0.14,0.18,Allospecific Null,SHT0,4,64,10,28,0.044917258,38,846,H,T,1,1,0,4,4,1,808,3,S,14,50,0.145833333
4851,A05,412105,SH,08:31,46,0,25,48,0,25,LW,D,,Sep-28-2023,2023,9,28,0.543478261,0.375,0.15,0.18,0.15,0.18,Allospecific Null,SHT0,4,94,22,43,0.02998155,65,2168,H,T,1,1,0,5,5,1,2103,3,S,50,44,0.520833333
4861,A06,412106,SH,08:33,56,0,29,58,0,29,LW,D,,Sep-28-2023,2023,9,28,0.517857143,0.344827586,0.16,0.18,0.16,0.18,Allospecific Control,SHTC,4,114,16,25,0.059248555,41,692,H,T,0,1,0,6,6,1,651,3,S,58,56,0.5
4871,A07,412107,SH,08:35,45,0,26,62,0,26,LW,D,,Sep-28-2023,2023,9,28,0.577777778,0.322580645,0.13,0.18,0.13,0.18,Conspecific Control,SHHC,4,107,13,25,0.026704146,38,1423,H,H,0,0,0,7,7,1,1385,3,S,52,55,0.419354839
4881,A08,412108,SH,08:37,56,0,13,51,0,13,LW,D,,Sep-28-2023,2023,9,28,0.232142857,0.235294118,0.17,0.2,0.17,0.2,Conspecific Null,SHH0,4,107,18,33,0.038665656,51,1319,H,H,1,0,0,8,8,1,1268,3,S,26,81,0.254901961
4891,A09,412109,SH,08:39,93,0,49,67,0,49,LW,D,,Sep-28-2023,2023,9,28,0.52688172,0.343283582,0.16,0.17,0.16,0.17,Allospecific Control,SHTC,4,160,22,17,0.048507463,39,804,H,T,0,1,0,9,9,1,765,3,S,98,62,0.731343284
4901,A10,412110,SH,08:41,11,0,5,14,0,5,LW,D,,Sep-28-2023,2023,9,28,0.454545455,0.357142857,0.15,0.18,0.15,0.18,Conspecific Null,SHH0,4,25,27,45,1,33,33,H,H,1,0,0,10,10,1,39,3,S,10,15,0.357142857
4911,A11,412111,SH,08:43,120,0,65,152,0,65,LW,D,,Sep-28-2023,2023,9,28,0.541666667,0.460526316,0.12,0.15,0.12,0.15,Conspecific Control,SHHC,4,272,33,25,0.076821192,58,755,H,H,0,0,0,11,11,1,697,3,S,130,142,0.427631579
4921,A12,412112,SH,08:45,78,0,46,109,0,46,LW,D,,Sep-28-2023,2023,9,28,0.58974359,0.385321101,0.15,0.17,0.15,0.17,Conspecific Null,SHH0,4,187,33,32,0.062862669,65,1034,H,H,1,0,0,12,12,1,969,3,S,92,95,0.422018349
4931,A13,412113,SH,08:47,40,0,24,34,0,24,LW,D,,Sep-28-2023,2023,9,28,0.6,0.176470588,0.15,0.2,0.15,0.2,Conspecific Null,SHH0,4,74,7,39,0.057934509,46,794,H,H,1,0,0,13,13,1,748,3,S,48,26,0.705882353
4941,A14,412114,SH,08:49,97,0,74,116,0,74,LW,D,,Sep-28-2023,2023,9,28,0.762886598,0.448275862,0.14,0.12,0.14,0.12,Allospecific Control,SHTC,4,213,38,32,0.07616975,70,919,H,T,0,1,0,14,14,1,849,3,S,148,65,0.637931034
4951,A15,412115,SH,08:51,100,0,20,158,0,20,LW,D,,Sep-28-2023,2023,9,28,0.2,0.373417722,0.14,0.15,0.14,0.15,Allospecific Null,SHT0,4,258,18,26,0.060191518,44,731,H,T,1,1,0,15,15,1,687,3,S,40,218,0.126582278
4961,A16,412116,SH,08:53,82,0,34,124,0,34,LW,D,,Sep-28-2023,2023,9,28,0.414634146,0.185483871,0.13,0.15,0.13,0.15,Allospecific Control,SHTC,4,206,43,19,0.087694484,62,707,H,T,0,1,0,16,16,1,645,3,S,68,138,0.274193548
4971,A17,412117,SH,08:55,100,0,22,132,0,22,LW,D,,Sep-28-2023,2023,9,28,0.22,0.46969697,0.15,0.17,0.15,0.17,Conspecific Control,SHHC,4,232,27,25,0.078313253,52,664,H,H,0,0,0,17,17,1,612,3,S,44,188,0.166666667
4981,A18,412118,SH,08:57,101,0,59,152,0,59,LW,D,,Sep-28-2023,2023,9,28,0.584158416,0.546052632,0.13,0.16,0.13,0.16,Conspecific Control,SHHC,4,253,18,18,0.040223464,36,895,H,H,0,0,0,18,18,1,859,3,S,118,135,0.388157895
4991,A19,412119,SH,08:59,122,0,17,112,0,17,LW,D,,Sep-28-2023,2023,9,28,0.139344262,0.232142857,0.13,0.14,0.13,0.14,Allospecific Null,SHT0,4,234,29,12,0.042663892,41,961,H,T,1,1,0,19,19,1,920,3,S,34,200,0.151785714
5001,A20,412120,SH,09:01,53,0,17,57,0,17,LW,D,,Sep-28-2023,2023,9,28,0.320754717,0.245614035,0.12,0.16,0.12,0.16,Allospecific Control,SHTC,4,110,21,14,0.057565789,35,608,H,T,0,1,0,20,20,1,573,3,S,34,76,0.298245614
5011,A21,412121,SH,09:03,115,0,60,117,0,60,LW,D,,Sep-28-2023,2023,9,28,0.52173913,0.256410256,0.15,0.19,0.15,0.19,Conspecific Control,SHHC,4,232,22,21,0.049826188,43,863,H,H,0,0,0,21,21,1,820,3,S,120,112,0.512820513
5021,A22,412122,SH,09:05,103,0,36,124,0,36,LW,D,,Sep-28-2023,2023,9,28,0.349514563,0.153225806,0.14,0.19,0.14,0.19,Conspecific Null,SHH0,4,227,38,13,0.046746104,51,1091,H,H,1,0,0,22,22,1,1040,3,S,72,155,0.290322581
5031,A23,412123,SH,09:07,70,0,52,74,0,52,LW,D,,Sep-28-2023,2023,9,28,0.742857143,0.310810811,0.18,0.19,0.18,0.19,Conspecific Null,SHH0,4,144,47,24,0.104258443,71,681,H,H,1,0,0,23,23,1,610,3,S,104,40,0.702702703
5041,A24,412124,SH,09:09,69,0,27,83,0,27,LW,D,,Sep-28-2023,2023,9,28,0.391304348,0.325301205,0.12,0.15,0.12,0.15,Allospecific Null,SHT0,4,152,27,6,0.061111111,33,540,H,T,1,1,0,24,24,1,507,3,S,54,98,0.325301205
5051,A25,412125,SH,09:11,59,0,19,72,0,19,LW,D,,Sep-28-2023,2023,9,28,0.322033898,0.25,0.12,0.2,0.12,0.2,Allospecific Control,SHTC,4,131,22,32,0.079646018,54,678,H,T,0,1,0,25,25,1,624,3,S,38,93,0.263888889
5061,A26,412126,SH,09:13,110,0,22,175,0,22,LW,D,,Sep-28-2023,2023,9,28,0.2,0.394285714,0.14,0.16,0.14,0.16,Conspecific Control,SHHC,4,285,16,28,0.066465257,44,662,H,H,0,0,0,26,26,1,618,3,S,44,241,0.125714286
5071,A27,412127,SH,09:15,200,0,111,287,0,111,LW,D,,Sep-28-2023,2023,9,28,0.555,0.56445993,0.15,0.17,0.15,0.17,Allospecific Null,SHT0,4,487,16,38,0.057754011,54,935,H,T,1,1,0,27,27,1,881,3,S,222,265,0.386759582
5081,A28,412128,SH,09:17,123,0,75,160,0,75,LW,D,,Sep-28-2023,2023,9,28,0.609756098,0.25,0.12,0.17,0.12,0.17,Conspecific Control,SHHC,4,283,13,34,0.051705171,47,909,H,H,0,0,0,28,28,1,862,3,S,150,133,0.46875
5091,A29,412129,SH,09:19,103,0,43,93,0,43,LW,D,,Sep-28-2023,2023,9,28,0.417475728,0.537634409,0.12,0.16,0.12,0.16,Conspecific Null,SHH0,4,196,11,9,0.024752475,20,808,H,H,1,0,0,29,29,1,788,3,S,86,110,0.462365591
5101,A30,412130,SH,09:21,33,0,19,31,0,19,LW,D,,Sep-28-2023,2023,9,28,0.575757576,0.387096774,0.14,0.21,0.14,0.21,Conspecific Null,SHH0,4,64,32,43,0.059148265,75,1268,H,H,1,0,0,30,30,1,1193,3,S,38,26,0.612903226
5111,A31,412131,SH,09:23,78,0,28,108,0,28,LW,D,,Sep-28-2023,2023,9,28,0.358974359,0.268518519,0.11,0.18,0.11,0.18,Allospecific Null,SHT0,4,186,25,28,0.060849598,53,871,H,T,1,1,0,31,31,1,818,3,S,56,130,0.259259259
5121,A32,412132,SH,09:25,76,0,35,90,0,35,LW,D,,Sep-28-2023,2023,9,28,0.460526316,0.322222222,0.15,0.15,0.15,0.15,Allospecific Null,SHT0,4,166,27,32,0.082402235,59,716,H,T,1,1,0,32,32,1,657,3,S,70,96,0.388888889
5131,A33,412133,SH,09:27,7,0,4,2,0,4,LW,D,,Sep-28-2023,2023,9,28,0.571428571,0,0.13,0.16,0.13,0.16,Conspecific Control,SHHC,4,9,41,45,0.172690763,86,498,H,H,0,0,0,33,33,1,412,3,S,8,1,0.666666667
5141,A34,412134,SH,09:29,105,0,22,83,0,22,LW,D,,Sep-28-2023,2023,9,28,0.20952381,0.34939759,0.15,0.18,0.15,0.18,Conspecific Control,SHHC,4,188,21,20,0.054376658,41,754,H,H,0,0,0,34,34,1,713,3,S,44,144,0.265060241
5151,A35,412135,SH,09:31,5,0,3,14,0,3,LW,D,,Sep-28-2023,2023,9,28,0.6,0.142857143,0.15,0.19,0.15,0.19,Allospecific Control,SHTC,4,19,22,34,0.455284553,56,123,H,T,0,1,0,35,35,1,67,3,S,6,13,0.214285714
5161,A36,412136,SH,09:33,171,0,67,173,0,67,LW,D,,Sep-28-2023,2023,9,28,0.391812865,0.317919075,0.13,0.17,0.13,0.17,Allospecific Null,SHT0,4,344,27,36,0.084224599,63,748,H,T,1,1,0,36,36,1,685,3,S,134,210,0.387283237
5171,A37,412137,SH,09:35,68,0,28,97,0,28,LW,D,,Sep-28-2023,2023,9,28,0.411764706,0.278350515,0.13,0.15,0.13,0.15,Allospecific Control,SHTC,4,165,27,28,0.062642369,55,878,H,T,0,1,0,37,37,1,823,3,S,56,109,0.288659794
5181,A38,412138,SH,09:37,53,0,30,58,0,30,LW,D,,Sep-28-2023,2023,9,28,0.566037736,0.344827586,0.14,0.17,0.14,0.17,Allospecific Control,SHTC,4,111,18,9,0.033962264,27,795,H,T,0,1,0,38,38,1,768,3,S,60,51,0.517241379
5191,A39,412139,SH,09:39,21,0,9,34,0,9,LW,D,,Sep-28-2023,2023,9,28,0.428571429,0.323529412,0.14,0.19,0.14,0.19,Allospecific Null,SHT0,4,55,33,29,0.077018634,62,805,H,T,1,1,0,39,39,1,743,3,S,18,37,0.264705882
5201,A40,412140,SH,09:41,43,0,23,36,0,23,LW,D,,Sep-28-2023,2023,9,28,0.534883721,0.472222222,0.16,0.18,0.16,0.18,Conspecific Null,SHH0,4,79,41,35,0.146153846,76,520,H,H,1,0,0,40,40,1,444,3,S,46,33,0.638888889
5211,B01,412201,ST,09:43,39,0,23,64,0,23,LW,D,,Sep-28-2023,2023,9,28,0.58974359,0.25,0.15,0.16,0.17,0.16,Conspecific Null,STT0,4,103,7,3,0.014005602,10,714,T,T,1,0,1,1,41,1,704,3,S,46,57,0.359375
5221,B02,412202,ST,09:45,21,0,12,47,0,12,LW,D,,Sep-28-2023,2023,9,28,0.571428571,0.531914894,0.12,0.21,0.12,0.21,Allospecific Control,STHC,4,68,13,7,0.031201248,20,641,T,H,0,1,1,2,42,1,621,3,S,24,44,0.255319149
5231,B03,412203,ST,09:47,68,0,42,101,0,42,LW,D,,Sep-28-2023,2023,9,28,0.617647059,0.425742574,0.11,0.16,0.11,0.16,Allospecific Control,STHC,4,169,17,8,0.032175032,25,777,T,H,0,1,1,3,43,1,752,3,S,84,85,0.415841584
5241,B04,412204,ST,09:49,14,0,7,21,0,7,LW,D,,Sep-28-2023,2023,9,28,0.5,0.238095238,0.13,0.18,0.15,0.18,Allospecific Control,STHC,4,35,10,16,0.036568214,26,711,T,H,0,1,1,4,44,1,685,3,S,14,21,0.333333333
5251,B05,412205,ST,09:51,72,0,11,121,0,11,LW,D,,Sep-28-2023,2023,9,28,0.152777778,0.090909091,0.11,0.16,0.11,0.16,Allospecific Control,STHC,4,193,5,18,0.036565978,23,629,T,H,0,1,1,5,45,1,606,3,S,22,171,0.090909091
5261,B06,412206,ST,09:53,62,0,12,105,0,12,LW,D,,Sep-28-2023,2023,9,28,0.193548387,0.438095238,0.1,0.2,0.11,0.2,Allospecific Control,STHC,4,167,8,13,0.028074866,21,748,T,H,0,1,1,6,46,1,727,3,S,24,143,0.114285714
5271,B07,412207,ST,09:55,67,0,18,62,0,18,LW,D,,Sep-28-2023,2023,9,28,0.268656716,0.193548387,0.1,0.15,0.1,0.15,Conspecific Control,STTC,4,129,9,11,0.021505376,20,930,T,T,0,0,1,7,47,1,910,3,S,36,93,0.290322581
5281,B08,412208,ST,09:57,18,0,5,53,0,5,LW,D,,Sep-28-2023,2023,9,28,0.277777778,0.339622642,0.13,0.21,0.14,0.21,Conspecific Control,STTC,4,71,17,17,0.083950617,34,405,T,T,0,0,1,8,48,1,371,3,S,10,61,0.094339623
5291,B09,412209,ST,09:59,24,0,4,39,0,4,LW,D,,Sep-28-2023,2023,9,28,0.166666667,0.256410256,0.14,0.2,0.14,0.2,Conspecific Null,STT0,4,63,12,9,0.021428571,21,980,T,T,1,0,1,9,49,1,959,3,S,8,55,0.102564103
5301,B10,412210,ST,10:01,56,0,23,66,0,23,LW,D,,Sep-28-2023,2023,9,28,0.410714286,0.393939394,0.14,0.22,0.16,0.22,Conspecific Control,STTC,4,122,13,8,0.038674033,21,543,T,T,0,0,1,10,50,1,522,3,S,46,76,0.348484848
5311,B11,412211,ST,10:03,65,0,16,99,0,16,LW,D,,Sep-28-2023,2023,9,28,0.246153846,0.575757576,0.13,0.2,0.14,0.2,Allospecific Control,STHC,4,164,7,9,0.015488867,16,1033,T,H,0,1,1,11,51,1,1017,3,S,32,132,0.161616162
5321,B12,412212,ST,10:05,41,0,5,87,0,5,LW,D,,Sep-28-2023,2023,9,28,0.12195122,0.494252874,0.11,0.15,0.1,0.15,Allospecific Null,STH0,4,128,17,8,0.027995521,25,893,T,H,1,1,1,12,52,1,868,3,S,10,118,0.057471264
5331,B13,412213,ST,10:07,15,0,3,18,0,3,LW,D,,Sep-28-2023,2023,9,28,0.2,0.222222222,0.12,0.2,0.12,0.2,Conspecific Null,STT0,4,33,12,8,0.019900498,20,1005,T,T,1,0,1,13,53,1,985,3,S,6,27,0.166666667
5341,B14,412214,ST,10:09,27,0,7,50,0,7,LW,D,,Sep-28-2023,2023,9,28,0.259259259,0.46,0.09,0.19,0.1,0.19,Conspecific Null,STT0,4,77,10,10,0.0269179,20,743,T,T,1,0,1,14,54,1,723,3,S,14,63,0.14
5351,B15,412215,ST,10:11,23,0,6,24,0,6,LW,D,,Sep-28-2023,2023,9,28,0.260869565,0.375,0.1,0.21,0.11,0.21,Allospecific Control,STHC,4,47,17,24,0.063174114,41,649,T,H,0,1,1,15,55,1,608,3,S,12,35,0.25
5361,B16,412216,ST,10:13,25,0,7,59,0,7,LW,D,,Sep-28-2023,2023,9,28,0.28,0.406779661,0.13,0.12,0.16,0.12,Conspecific Null,STT0,4,84,12,23,0.04176611,35,838,T,T,1,0,1,16,56,1,803,3,S,14,70,0.118644068
5371,B17,412217,ST,10:15,62,0,16,85,0,16,LW,D,,Sep-28-2023,2023,9,28,0.258064516,0.411764706,0.13,0.17,0.13,0.17,Conspecific Control,STTC,4,147,12,19,0.044862518,31,691,T,T,0,0,1,17,57,1,660,3,S,32,115,0.188235294
5381,B18,412218,ST,10:17,63,0,11,101,0,11,LW,D,,Sep-28-2023,2023,9,28,0.174603175,0.465346535,0.12,0.16,0.13,0.16,Conspecific Null,STT0,4,164,12,23,0.034895314,35,1003,T,T,1,0,1,18,58,1,968,3,S,22,142,0.108910891
5391,B19,412219,ST,10:19,20,0,3,36,0,3,LW,D,,Sep-28-2023,2023,9,28,0.15,0.361111111,0.09,0.2,0.09,0.2,Conspecific Control,STTC,4,56,8,14,0.034976153,22,629,T,T,0,0,1,19,59,1,607,3,S,6,50,0.083333333
5401,B20,412220,ST,10:21,16,0,2,38,0,2,LW,D,,Sep-28-2023,2023,9,28,0.125,0.210526316,0.12,0.22,0.13,0.22,Allospecific Null,STH0,4,54,13,7,0.038022814,20,526,T,H,1,1,1,20,60,1,506,3,S,4,50,0.052631579
5411,B21,412221,ST,10:23,44,0,8,76,0,8,LW,D,,Sep-28-2023,2023,9,28,0.181818182,0.184210526,0.13,0.21,0.13,0.21,Conspecific Control,STTC,4,120,9,14,0.042047532,23,547,T,T,0,0,1,21,61,1,524,3,S,16,104,0.105263158
5421,B22,412222,ST,10:25,64,0,13,74,0,13,LW,D,,Sep-28-2023,2023,9,28,0.203125,0.459459459,0.14,0.24,0.15,0.24,Conspecific Control,STTC,4,138,8,9,0.02367688,17,718,T,T,0,0,1,22,62,1,701,3,S,26,112,0.175675676
5431,B23,412223,ST,10:27,61,0,16,58,0,16,LW,D,,Sep-28-2023,2023,9,28,0.262295082,0.448275862,0.12,0.18,0.11,0.18,Allospecific Null,STH0,4,119,5,10,0.020053476,15,748,T,H,1,1,1,23,63,1,733,3,S,32,87,0.275862069
5441,B24,412224,ST,10:29,20,0,3,57,0,3,LW,D,,Sep-28-2023,2023,9,28,0.15,0.263157895,0.12,0.2,0.12,0.2,Allospecific Null,STH0,4,77,16,13,0.11328125,29,256,T,H,1,1,1,24,64,1,227,3,S,6,71,0.052631579
5451,B25,412225,ST,10:31,85,0,26,122,0,26,LW,D,,Sep-28-2023,2023,9,28,0.305882353,0.319672131,0.09,0.18,0.09,0.18,Allospecific Null,STH0,4,207,13,9,0.030095759,22,731,T,H,1,1,1,25,65,1,709,3,S,52,155,0.213114754
5461,B26,412226,ST,10:33,13,0,2,13,0,2,LW,D,,Sep-28-2023,2023,9,28,0.153846154,0.230769231,0.1,0.2,0.1,0.2,Conspecific Null,STT0,4,26,12,6,0.025245442,18,713,T,T,1,0,1,26,66,1,695,3,S,4,22,0.153846154
5471,B27,412227,ST,10:35,32,0,7,28,0,7,LW,D,,Sep-28-2023,2023,9,28,0.21875,0.428571429,0.12,0.19,0.13,0.19,Allospecific Control,STHC,4,60,17,11,0.051565378,28,543,T,H,0,1,1,27,67,1,515,3,S,14,46,0.25
5481,B28,412228,ST,10:37,38,0,11,48,0,11,LW,D,,Sep-28-2023,2023,9,28,0.289473684,0.3125,0.13,0.17,0.12,0.17,Allospecific Null,STH0,4,86,14,15,0.040446304,29,717,T,H,1,1,1,28,68,1,688,3,S,22,64,0.229166667
5491,B29,412229,ST,10:39,0,0,0,0,0,0,LW,D,,Sep-28-2023,2023,9,28,0,0,0,0,0,0,Allospecific Null,STH0,4,0,0,0,#DIV/0!,0,0,T,H,1,1,1,29,69,1,0,3,S,0,0,0
5501,B30,412230,ST,10:41,3,0,1,33,0,1,LW,D,,Sep-28-2023,2023,9,28,0.333333333,0.575757576,0.16,0.18,0.19,0.18,Conspecific Null,STT0,4,36,12,7,0.024173028,19,786,T,T,1,0,1,30,70,1,767,3,S,2,34,0.03030303
5511,B31,412231,ST,10:43,1,0,0,14,0,0,LW,D,,Sep-28-2023,2023,9,28,0,0.285714286,0.15,0.18,0.14,0.18,Conspecific Null,STT0,4,15,9,9,0.036072144,18,499,T,T,1,0,1,31,71,1,481,3,S,0,15,0
5521,B32,412232,ST,10:45,14,0,4,14,0,4,LW,D,,Sep-28-2023,2023,9,28,0.285714286,0.5,0.1,0.15,0.1,0.15,Allospecific Null,STH0,4,28,14,3,0.028862479,17,589,T,H,1,1,1,32,72,1,572,3,S,8,20,0.285714286
5531,B33,412233,ST,10:47,1,0,0,13,0,0,LW,D,,Sep-28-2023,2023,9,28,0,0.307692308,0.12,0.2,0.13,0.2,Conspecific Control,STTC,4,14,22,9,0.036513545,31,849,T,T,0,0,1,33,73,1,818,3,S,0,14,0
5541,B34,412234,ST,10:49,34,0,13,63,0,13,LW,D,,Sep-28-2023,2023,9,28,0.382352941,0.507936508,0.13,0.19,0.11,0.19,Allospecific Control,STHC,4,97,11,13,0.047619048,24,504,T,H,0,1,1,34,74,1,480,3,S,26,71,0.206349206
5551,B35,412235,ST,10:51,46,0,17,62,0,17,LW,D,,Sep-28-2023,2023,9,28,0.369565217,0.532258065,0.11,0.15,0.09,0.15,Allospecific Control,STHC,4,108,14,22,0.069902913,36,515,T,H,0,1,1,35,75,1,479,3,S,34,74,0.274193548
5561,B36,412236,ST,10:53,37,0,12,65,0,12,LW,D,,Sep-28-2023,2023,9,28,0.324324324,0.630769231,0.12,0.2,0.12,0.2,Conspecific Control,STTC,4,102,7,16,0.027511962,23,836,T,T,0,0,1,36,76,1,813,3,S,24,78,0.184615385
5571,B37,412237,ST,10:55,70,0,22,99,0,22,LW,D,,Sep-28-2023,2023,9,28,0.314285714,0.434343434,0.11,0.15,0.11,0.15,Conspecific Null,STT0,4,169,20,9,0.028741328,29,1009,T,T,1,0,1,37,77,1,980,3,S,44,125,0.222222222
5581,B38,412238,ST,10:57,41,0,13,108,0,13,LW,D,,Sep-28-2023,2023,9,28,0.317073171,0.416666667,0.15,0.16,0.16,0.16,Conspecific Control,STTC,4,149,12,5,0.019630485,17,866,T,T,0,0,1,38,78,1,849,3,S,26,123,0.12037037
5591,B39,412239,ST,10:59,36,0,17,64,0,17,LW,D,,Sep-28-2023,2023,9,28,0.472222222,0.484375,0.15,0.19,0.13,0.19,Allospecific Null,STH0,4,100,15,13,0.043410853,28,645,T,H,1,1,1,39,79,1,617,3,S,34,66,0.265625
5601,B40,412240,ST,11:01,32,0,9,26,0,9,LW,D,,Sep-28-2023,2023,9,28,0.28125,0.538461538,0.13,0.18,0.13,0.18,Allospecific Null,STH0,4,58,17,9,0.02480916,26,1048,T,H,1,1,1,40,80,1,1022,3,S,18,40,0.346153846
5611,C01,412301,MH,11:03,33,0,11,54,0,11,LW,D,,Sep-28-2023,2023,9,28,0.333333333,0.481481481,0.13,0.16,0.16,0.16,Allospecific Null,MHT0,4,87,10,13,0.044660194,23,515,H,T,1,1,2,1,81,1,492,3,M,22,65,0.203703704
5621,C02,412302,MH,11:05,93,0,18,95,0,18,LW,D,,Sep-28-2023,2023,9,28,0.193548387,0.557894737,0.13,0.17,0.15,0.17,Allospecific Control,MHTC,4,188,21,15,0.04494382,36,801,H,T,0,1,2,2,82,1,765,3,M,36,152,0.189473684
5631,C03,412303,MH,11:07,82,0,24,64,0,24,LW,D,,Sep-28-2023,2023,9,28,0.292682927,0.625,0.11,0.18,0.14,0.18,Conspecific Control,MHHC,4,146,11,15,0.073239437,26,355,H,H,0,0,2,3,83,1,329,3,M,48,98,0.375
5641,C04,412304,MH,11:09,62,0,24,53,0,24,LW,D,,Sep-28-2023,2023,9,28,0.387096774,0.396226415,0.1,0.17,0.13,0.17,Allospecific Null,MHT0,4,115,6,15,0.051980198,21,404,H,T,1,1,2,4,84,1,383,3,M,48,67,0.452830189
5651,C05,412305,MH,11:11,12,0,4,13,0,4,LW,D,,Sep-28-2023,2023,9,28,0.333333333,0.384615385,0.13,0.15,0.16,0.15,Conspecific Control,MHHC,4,25,6,11,0.042821159,17,397,H,H,0,0,2,5,85,1,380,3,M,8,17,0.307692308
5661,C06,412306,MH,11:13,48,0,24,55,0,24,LW,D,,Sep-28-2023,2023,9,28,0.5,0.563636364,0.13,0.17,0.17,0.17,Allospecific Null,MHT0,4,103,9,13,0.04296875,22,512,H,T,1,1,2,6,86,1,490,3,M,48,55,0.436363636
5671,C07,412307,MH,11:15,55,0,17,34,0,17,LW,D,,Sep-28-2023,2023,9,28,0.309090909,0.558823529,0.12,0.15,0.15,0.15,Allospecific Control,MHTC,4,89,12,4,0.017837235,16,897,H,T,0,1,2,7,87,1,881,3,M,34,55,0.5
5681,C08,412308,MH,11:17,27,0,10,18,0,10,LW,D,,Sep-28-2023,2023,9,28,0.37037037,0.333333333,0.13,0.15,0.18,0.15,Conspecific Null,MHH0,4,45,11,26,0.034676664,37,1067,H,H,1,0,2,8,88,1,1030,3,M,20,25,0.555555556
5691,C09,412309,MH,11:19,59,0,14,73,0,14,LW,D,,Sep-28-2023,2023,9,28,0.237288136,0.438356164,0.13,0.15,0.16,0.15,Conspecific Control,MHHC,4,132,12,12,0.023785927,24,1009,H,H,0,0,2,9,89,1,985,3,M,28,104,0.191780822
5701,C10,412310,MH,11:21,67,0,28,61,0,28,LW,D,,Sep-28-2023,2023,9,28,0.417910448,0.409836066,0.12,0.14,0.15,0.14,Allospecific Control,MHTC,4,128,9,5,0.023140496,14,605,H,T,0,1,2,10,90,1,591,3,M,56,72,0.459016393
5711,C11,412311,MH,11:23,76,0,28,65,0,28,LW,D,,Sep-28-2023,2023,9,28,0.368421053,0.507692308,0.12,0.16,0.17,0.16,Allospecific Null,MHT0,4,141,15,15,0.047095761,30,637,H,T,1,1,2,11,91,1,607,3,M,56,85,0.430769231
5721,C12,412312,MH,11:25,60,0,18,57,0,18,LW,D,,Sep-28-2023,2023,9,28,0.3,0.578947368,0.11,0.19,0.14,0.19,Conspecific Null,MHH0,4,117,9,17,0.020139427,26,1291,H,H,1,0,2,12,92,1,1265,3,M,36,81,0.315789474
5731,C13,412313,MH,11:27,14,0,3,5,0,3,LW,D,,Sep-28-2023,2023,9,28,0.214285714,0.4,0.12,0.19,0.15,0.19,Conspecific Control,MHHC,4,19,20,20,0.047904192,40,835,H,H,0,0,2,13,93,1,795,3,M,6,13,0.6
5741,C14,412314,MH,11:29,52,0,14,30,0,14,LW,D,,Sep-28-2023,2023,9,28,0.269230769,0.533333333,0.13,0.16,0.16,0.16,Conspecific Control,MHHC,4,82,11,16,0.044045677,27,613,H,H,0,0,2,14,94,1,586,3,M,28,54,0.466666667
5751,C15,412315,MH,11:31,47,0,19,54,0,19,LW,D,,Sep-28-2023,2023,9,28,0.404255319,0.703703704,0.13,0.16,0.18,0.16,Conspecific Null,MHH0,4,101,12,15,0.034177215,27,790,H,H,1,0,2,15,95,1,763,3,M,38,63,0.351851852
5761,C16,412316,MH,11:33,50,0,16,42,0,16,LW,D,,Sep-28-2023,2023,9,28,0.32,0.523809524,0.12,0.17,0.15,0.17,Conspecific Null,MHH0,4,92,12,12,0.054421769,24,441,H,H,1,0,2,16,96,1,417,3,M,32,60,0.380952381
5771,C17,412317,MH,11:35,79,0,28,61,0,28,LW,D,,Sep-28-2023,2023,9,28,0.35443038,0.540983607,0.13,0.18,0.16,0.18,Allospecific Null,MHT0,4,140,12,12,0.033149171,24,724,H,T,1,1,2,17,97,1,700,3,M,56,84,0.459016393
5781,C18,412318,MH,11:37,38,0,17,38,0,17,LW,D,,Sep-28-2023,2023,9,28,0.447368421,0.868421053,0.13,0.2,0.18,0.2,Conspecific Null,MHH0,4,76,16,24,0.051813472,40,772,H,H,1,0,2,18,98,1,732,3,M,34,42,0.447368421
5791,C19,412319,MH,11:39,11,0,3,14,0,3,LW,D,,Sep-28-2023,2023,9,28,0.272727273,0.428571429,0.12,0.19,0.16,0.19,Allospecific Null,MHT0,4,25,12,19,0.032838983,31,944,H,T,1,1,2,19,99,1,913,3,M,6,19,0.214285714
5801,C20,412320,MH,11:41,28,0,9,44,0,9,LW,D,,Sep-28-2023,2023,9,28,0.321428571,0.477272727,0.15,0.2,0.18,0.2,Conspecific Null,MHH0,4,72,15,19,0.023529412,34,1445,H,H,1,0,2,20,100,1,1411,3,M,18,54,0.204545455
5811,C21,412321,MH,12:33,46,0,12,38,0,12,LW,D,,Sep-28-2023,2023,9,28,0.260869565,0.5,0.13,0.19,0.17,0.19,Conspecific Null,MHH0,4,84,16,15,0.028518859,31,1087,H,H,1,0,2,21,101,1,1056,3,M,24,60,0.315789474
5821,C22,412322,MH,12:35,32,0,11,27,0,11,LW,D,,Sep-28-2023,2023,9,28,0.34375,0.37037037,0.13,0.2,0.18,0.2,Conspecific Control,MHHC,4,59,15,8,0.035493827,23,648,H,H,0,0,2,22,102,1,625,3,M,22,37,0.407407407
5831,C23,412323,MH,12:37,86,0,20,67,0,20,LW,D,,Sep-28-2023,2023,9,28,0.23255814,0.373134328,0.14,0.16,0.17,0.16,Allospecific Null,MHT0,4,153,18,20,0.039256198,38,968,H,T,1,1,2,23,103,1,930,3,M,40,113,0.298507463
5841,C24,412324,MH,12:39,93,0,34,73,0,34,LW,D,,Sep-28-2023,2023,9,28,0.365591398,0.246575342,0.13,0.18,0.18,0.18,Allospecific Null,MHT0,4,166,18,15,0.12,33,275,H,T,1,1,2,24,104,1,242,3,M,68,98,0.465753425
5851,C25,412325,MH,12:41,56,0,21,68,0,21,LW,D,,Sep-28-2023,2023,9,28,0.375,0.352941176,0.13,0.18,0.16,0.18,Conspecific Control,MHHC,4,124,15,10,0.047169811,25,530,H,H,0,0,2,25,105,1,505,3,M,42,82,0.308823529
5861,C26,412326,MH,12:43,58,0,18,69,0,18,LW,D,,Sep-28-2023,2023,9,28,0.310344828,0.333333333,0.12,0.15,0.15,0.15,Conspecific Null,MHH0,4,127,7,6,0.02300885,13,565,H,H,1,0,2,26,106,1,552,3,M,36,91,0.260869565
5871,C27,412327,MH,12:45,11,0,2,8,0,2,LW,D,,Sep-28-2023,2023,9,28,0.181818182,0.375,0.12,0.16,0.14,0.16,Allospecific Null,MHT0,4,19,11,11,0.039783002,22,553,H,T,1,1,2,27,107,1,531,3,M,4,15,0.25
5881,C28,412328,MH,12:47,42,0,16,54,0,16,LW,D,,Sep-28-2023,2023,9,28,0.380952381,0.351851852,0.13,0.17,0.18,0.17,Allospecific Control,MHTC,4,96,15,6,0.029085873,21,722,H,T,0,1,2,28,108,1,701,3,M,32,64,0.296296296
5891,C29,412329,MH,12:49,57,0,17,32,0,17,LW,D,,Sep-28-2023,2023,9,28,0.298245614,0.59375,0.13,0.17,0.17,0.17,Conspecific Control,MHHC,4,89,9,17,0.032540676,26,799,H,H,0,0,2,29,109,1,773,3,M,34,55,0.53125
5901,C30,412330,MH,12:51,67,0,25,70,0,25,LW,D,,Sep-28-2023,2023,9,28,0.373134328,0.3,0.13,0.16,0.16,0.16,Allospecific Control,MHTC,4,137,7,11,0.030874786,18,583,H,T,0,1,2,30,110,1,565,3,M,50,87,0.357142857
5911,C31,412331,MH,12:53,89,0,28,54,0,28,LW,D,,Sep-28-2023,2023,9,28,0.314606742,0.462962963,0.16,0.13,0.19,0.13,Conspecific Control,MHHC,4,143,6,11,0.026645768,17,638,H,H,0,0,2,31,111,1,621,3,M,56,87,0.518518519
5921,C32,412332,MH,12:55,47,0,16,77,0,16,LW,D,,Sep-28-2023,2023,9,28,0.340425532,0.493506494,0.11,0.15,0.14,0.15,Conspecific Null,MHH0,4,124,18,17,0.074309979,35,471,H,H,1,0,2,32,112,1,436,3,M,32,92,0.207792208
5931,C33,412333,MH,12:57,84,0,33,49,0,33,LW,D,,Sep-28-2023,2023,9,28,0.392857143,0.591836735,0.13,0.15,0.18,0.15,Allospecific Control,MHTC,4,133,12,17,0.051236749,29,566,H,T,0,1,2,33,113,1,537,3,M,66,67,0.673469388
5941,C34,412334,MH,12:59,67,0,28,77,0,28,LW,D,,Sep-28-2023,2023,9,28,0.417910448,0.402597403,0.09,0.16,0.14,0.16,Allospecific Control,MHTC,4,144,15,19,0.095505618,34,356,H,T,0,1,2,34,114,1,322,3,M,56,88,0.363636364
5951,C35,412335,MH,13:01,87,0,31,101,0,31,LW,D,,Sep-28-2023,2023,9,28,0.356321839,0.455445545,0.1,0.15,0.13,0.15,Allospecific Null,MHT0,4,188,20,14,0.042659975,34,797,H,T,1,1,2,35,115,1,763,3,M,62,126,0.306930693
5961,C36,412336,MH,13:03,58,0,23,95,0,23,LW,D,,Sep-28-2023,2023,9,28,0.396551724,0.315789474,0.14,0.16,0.17,0.16,Allospecific Control,MHTC,4,153,12,22,0.039534884,34,860,H,T,0,1,2,36,116,1,826,3,M,46,107,0.242105263
5971,C37,412337,MH,13:05,48,0,26,69,0,26,LW,D,,Sep-28-2023,2023,9,28,0.541666667,0.449275362,0.11,0.18,0.15,0.18,Conspecific Control,MHHC,4,117,12,9,0.027741083,21,757,H,H,0,0,2,37,117,1,736,3,M,52,65,0.376811594
5981,C38,412338,MH,13:07,68,0,22,98,0,22,LW,D,,Sep-28-2023,2023,9,28,0.323529412,0.62244898,0.13,0.17,0.22,0.17,Conspecific Null,MHH0,4,166,9,10,0.028963415,19,656,H,H,1,0,2,38,118,1,637,3,M,44,122,0.224489796
5991,C39,412339,MH,13:09,90,0,38,89,0,38,LW,D,,Sep-28-2023,2023,9,28,0.422222222,0.404494382,0.1,0.18,0.13,0.18,Allospecific Control,MHTC,4,179,12,24,0.066420664,36,542,H,T,0,1,2,39,119,1,506,3,M,76,103,0.426966292
6001,C40,412340,MH,13:11,56,0,34,60,0,34,LW,D,,Sep-28-2023,2023,9,28,0.607142857,0.466666667,0.13,0.19,0.18,0.19,Allospecific Control,MHTC,4,116,12,15,0.125,27,216,H,T,0,1,2,40,120,1,189,3,M,68,48,0.566666667
6011,D01,412401,MT,13:13,150,0,113,128,0,113,LW,D,,Sep-28-2023,2023,9,28,0.753333333,0.4609375,0.15,0.18,0.15,0.18,Conspecific Null,MTT0,4,278,11,19,0.053003534,30,566,T,T,1,0,3,1,121,1,536,3,M,226,52,0.8828125
6021,D02,412402,MT,13:15,14,0,8,9,0,8,LW,D,,Sep-28-2023,2023,9,28,0.571428571,0.222222222,0.15,0.19,0.15,0.19,Conspecific Null,MTT0,4,23,25,25,1,39,39,T,T,1,0,3,2,122,1,11,3,M,16,7,0.888888889
6031,D03,412403,MT,13:17,17,0,2,28,0,2,LW,D,,Sep-28-2023,2023,9,28,0.117647059,0.107142857,0.14,0.19,0.14,0.19,Conspecific Control,MTTC,4,45,17,13,0.033076075,30,907,T,T,0,0,3,3,123,1,877,3,M,4,41,0.071428571
6041,D04,412404,MT,13:19,50,0,32,35,0,32,LW,D,,Sep-28-2023,2023,9,28,0.64,0.285714286,0.18,0.19,0.18,0.19,Allospecific Null,MTH0,4,85,13,28,0.034745763,41,1180,T,H,1,1,3,4,124,1,1139,3,M,64,21,0.914285714
6051,D05,412405,MT,13:21,93,0,58,122,0,58,LW,D,,Sep-28-2023,2023,9,28,0.623655914,0.245901639,0.14,0.17,0.14,0.17,Conspecific Null,MTT0,4,215,16,16,0.031683168,32,1010,T,T,1,0,3,5,125,1,978,3,M,116,99,0.475409836
6061,D06,412406,MT,13:23,81,0,43,64,0,43,LW,D,,Sep-28-2023,2023,9,28,0.530864198,0.53125,0.16,0.18,0.16,0.18,Conspecific Control,MTTC,4,145,7,11,0.025352113,18,710,T,T,0,0,3,6,126,1,692,3,M,86,59,0.671875
6071,D07,412407,MT,13:25,71,0,20,58,0,20,LW,D,,Sep-28-2023,2023,9,28,0.281690141,0.448275862,0.13,0.17,0.13,0.17,Allospecific Control,MTHC,4,129,25,30,0.071059432,55,774,T,H,0,1,3,7,127,1,719,3,M,40,89,0.344827586
6081,D08,412408,MT,13:27,187,0,102,169,0,102,LW,D,,Sep-28-2023,2023,9,28,0.545454545,0.301775148,0.17,0.16,0.17,0.16,Conspecific Null,MTT0,4,356,18,20,0.05170068,38,735,T,T,1,0,3,8,128,1,697,3,M,204,152,0.603550296
6091,D09,412409,MT,13:29,149,0,81,143,0,81,LW,D,,Sep-28-2023,2023,9,28,0.543624161,0.363636364,0.19,0.18,0.19,0.18,Conspecific Control,MTTC,4,292,41,43,0.099173554,84,847,T,T,0,0,3,9,129,1,763,3,M,162,130,0.566433566
6101,D10,412410,MT,13:31,68,0,35,69,0,35,LW,D,,Sep-28-2023,2023,9,28,0.514705882,0.246376812,0.17,0.2,0.17,0.2,Allospecific Control,MTHC,4,137,38,39,0.104619565,77,736,T,H,0,1,3,10,130,1,659,3,M,70,67,0.507246377
6111,D11,412411,MT,13:33,104,0,40,87,0,40,LW,D,,Sep-28-2023,2023,9,28,0.384615385,0.287356322,0.12,0.2,0.12,0.2,Conspecific Control,MTTC,4,191,13,30,0.07337884,43,586,T,T,0,0,3,11,131,1,543,3,M,80,111,0.459770115
6121,D12,412412,MT,13:35,102,0,41,92,0,41,LW,D,,Sep-28-2023,2023,9,28,0.401960784,0.260869565,0.19,0.2,0.19,0.2,Conspecific Null,MTT0,4,194,18,21,0.047503045,39,821,T,T,1,0,3,12,132,1,782,3,M,82,112,0.445652174
6131,D13,412413,MT,13:37,143,0,57,129,0,57,LW,D,,Sep-28-2023,2023,9,28,0.398601399,0.294573643,0.11,0.19,0.11,0.19,Allospecific Null,MTH0,4,272,20,30,0.07204611,50,694,T,H,1,1,3,13,133,1,644,3,M,114,158,0.441860465
6141,D14,412414,MT,13:39,198,0,90,204,0,90,LW,D,,Sep-28-2023,2023,9,28,0.454545455,0.235294118,0.17,0.17,0.17,0.17,Conspecific Control,MTTC,4,402,16,28,0.065967016,44,667,T,T,0,0,3,14,134,1,623,3,M,180,222,0.441176471
6151,D15,412415,MT,13:41,133,0,46,128,0,46,LW,D,,Sep-28-2023,2023,9,28,0.345864662,0.6015625,0.12,0.17,0.12,0.17,Allospecific Null,MTH0,4,261,18,26,0.060773481,44,724,T,H,1,1,3,15,135,1,680,3,M,92,169,0.359375
6161,D16,412416,MT,13:43,39,0,20,45,0,20,LW,D,,Sep-28-2023,2023,9,28,0.512820513,0.155555556,0.17,0.2,0.17,0.2,Allospecific Control,MTHC,4,84,21,34,0.062146893,55,885,T,H,0,1,3,16,136,1,830,3,M,40,44,0.444444444
6171,D17,412417,MT,13:45,100,0,61,111,0,61,LW,D,,Sep-28-2023,2023,9,28,0.61,0.396396396,0.15,0.17,0.15,0.17,Allospecific Control,MTHC,4,211,25,15,0.053619303,40,746,T,H,0,1,3,17,137,1,706,3,M,122,89,0.54954955
6181,D18,412418,MT,13:47,99,0,34,74,0,34,LW,D,,Sep-28-2023,2023,9,28,0.343434343,0.297297297,0.12,0.2,0.12,0.2,Allospecific Null,MTH0,4,173,22,28,0.083056478,50,602,T,H,1,1,3,18,138,1,552,3,M,68,105,0.459459459
6191,D19,412419,MT,13:49,120,0,89,101,0,89,LW,D,,Sep-28-2023,2023,9,28,0.741666667,0.277227723,0.14,0.14,0.14,0.14,Allospecific Null,MTH0,4,221,16,22,0.054131054,38,702,T,H,1,1,3,19,139,1,664,3,M,178,43,0.881188119
6201,D20,412420,MT,13:51,69,0,49,69,0,49,LW,D,,Sep-28-2023,2023,9,28,0.710144928,0.275362319,0.12,0.19,0.12,0.19,Conspecific Control,MTTC,4,138,33,47,0.091116173,80,878,T,T,0,0,3,20,140,1,798,3,M,98,40,0.710144928
6211,D21,412421,MT,13:53,66,0,37,53,0,37,LW,D,,Sep-28-2023,2023,9,28,0.560606061,0.20754717,0.14,0.22,0.14,0.22,Conspecific Null,MTT0,4,119,22,27,0.096078431,49,510,T,T,1,0,3,21,141,1,461,3,M,74,45,0.698113208
6221,D22,412422,MT,13:55,135,0,69,127,0,69,LW,D,,Sep-28-2023,2023,9,28,0.511111111,0.267716535,0.16,0.2,0.16,0.2,Allospecific Control,MTHC,4,262,21,24,0.035405193,45,1271,T,H,0,1,3,22,142,1,1226,3,M,138,124,0.543307087
6231,D23,412423,MT,13:57,90,0,58,79,0,58,LW,D,,Sep-28-2023,2023,9,28,0.644444444,0.518987342,0.18,0.17,0.18,0.17,Allospecific Null,MTH0,4,169,13,7,0.027063599,20,739,T,H,1,1,3,23,143,1,719,3,M,116,53,0.734177215
6241,D24,412424,MT,13:59,70,0,36,75,0,36,LW,D,,Sep-28-2023,2023,9,28,0.514285714,0.466666667,0.2,0.19,0.2,0.19,Conspecific Null,MTT0,4,145,10,17,0.056367432,27,479,T,T,1,0,3,24,144,1,452,3,M,72,73,0.48
6251,D25,412425,MT,14:01,166,0,68,167,0,68,LW,D,,Sep-28-2023,2023,9,28,0.409638554,0.311377246,0.13,0.17,0.13,0.17,Conspecific Control,MTTC,4,333,10,14,0.024096386,24,996,T,T,0,0,3,25,145,1,972,3,M,136,197,0.407185629
6261,D26,412426,MT,14:03,183,0,47,160,0,47,LW,D,,Sep-28-2023,2023,9,28,0.256830601,0.19375,0.15,0.18,0.15,0.18,Conspecific Control,MTTC,4,343,25,19,0.035859821,44,1227,T,T,0,0,3,26,146,1,1183,3,M,94,249,0.29375
6271,D27,412427,MT,14:05,43,0,21,53,0,21,LW,D,,Sep-28-2023,2023,9,28,0.488372093,0.245283019,0.13,0.21,0.13,0.21,Allospecific Control,MTHC,4,96,22,28,0.067204301,50,744,T,H,0,1,3,27,147,1,694,3,M,42,54,0.396226415
6281,D28,412428,MT,14:07,65,0,40,62,0,40,LW,D,,Sep-28-2023,2023,9,28,0.615384615,0.241935484,0.12,0.21,0.12,0.21,Allospecific Control,MTHC,4,127,32,26,0.099315068,58,584,T,H,0,1,3,28,148,1,526,3,M,80,47,0.64516129
6291,D29,412429,MT,14:09,31,0,17,24,0,17,LW,D,,Sep-28-2023,2023,9,28,0.548387097,0.208333333,0.14,0.18,0.14,0.18,Conspecific Null,MTT0,4,55,21,17,0.050464807,38,753,T,T,1,0,3,29,149,1,715,3,M,34,21,0.708333333
6301,D30,412430,MT,14:11,129,0,50,117,0,50,LW,D,,Sep-28-2023,2023,9,28,0.387596899,0.333333333,0.13,0.2,0.13,0.2,Allospecific Null,MTH0,4,246,33,38,0.118530885,71,599,T,H,1,1,3,30,150,1,528,3,M,100,146,0.427350427
6311,D31,412431,MT,14:13,88,0,47,91,0,47,LW,D,,Sep-28-2023,2023,9,28,0.534090909,0.252747253,0.11,0.18,0.11,0.18,Allospecific Null,MTH0,4,179,18,20,0.03678606,38,1033,T,H,1,1,3,31,151,1,995,3,M,94,85,0.516483516
6321,D32,412432,MT,14:15,210,0,103,198,0,103,LW,D,,Sep-28-2023,2023,9,28,0.49047619,0.308080808,0.18,0.14,0.18,0.14,Conspecific Null,MTT0,4,408,23,32,0.06866417,55,801,T,T,1,0,3,32,152,1,746,3,M,206,202,0.52020202
6331,D33,412433,MT,14:17,85,0,54,86,0,54,LW,D,,Sep-28-2023,2023,9,28,0.635294118,0.348837209,0.12,0.14,0.12,0.14,Allospecific Control,MTHC,4,171,21,31,0.066666667,52,780,T,H,0,1,3,33,153,1,728,3,M,108,63,0.627906977
6341,D34,412434,MT,14:19,127,0,49,121,0,49,LW,D,,Sep-28-2023,2023,9,28,0.385826772,0.314049587,0.13,0.19,0.13,0.19,Conspecific Control,MTTC,4,248,25,26,0.0408,51,1250,T,T,0,0,3,34,154,1,1199,3,M,98,150,0.404958678
6351,D35,412435,MT,14:21,158,0,79,151,0,79,LW,D,,Sep-28-2023,2023,9,28,0.5,0.377483444,0.17,0.18,0.17,0.18,Allospecific Null,MTH0,4,309,10,11,0.027237354,21,771,T,H,1,1,3,35,155,1,750,3,M,158,151,0.523178808
6361,D36,412436,MT,14:23,82,0,45,76,0,45,LW,D,,Sep-28-2023,2023,9,28,0.548780488,0.131578947,0.18,0.17,0.18,0.17,Allospecific Null,MTH0,4,158,25,31,0.088607595,56,632,T,H,1,1,3,36,156,1,576,3,M,90,68,0.592105263
6371,D37,412437,MT,14:25,58,0,23,58,0,23,LW,D,,Sep-28-2023,2023,9,28,0.396551724,0.310344828,0.12,0.21,0.12,0.21,Allospecific Control,MTHC,4,116,13,22,0.053030303,35,660,T,H,0,1,3,37,157,1,625,3,M,46,70,0.396551724
6381,D38,412438,MT,14:27,81,0,50,74,0,50,LW,D,,Sep-28-2023,2023,9,28,0.617283951,0.121621622,0.14,0.15,0.14,0.15,Allospecific Control,MTHC,4,155,16,21,0.036203523,37,1022,T,H,0,1,3,38,158,1,985,3,M,100,55,0.675675676
6391,D39,412439,MT,14:29,41,0,22,33,0,22,LW,D,,Sep-28-2023,2023,9,28,0.536585366,0.303030303,0.17,0.22,0.17,0.22,Conspecific Control,MTTC,4,74,18,17,0.030674847,35,1141,T,T,0,0,3,39,159,1,1106,3,M,44,30,0.666666667
6401,D40,412440,MT,14:31,217,0,103,190,0,103,LW,D,,Sep-28-2023,2023,9,28,0.474654378,0.263157895,0.12,0.15,0.12,0.15,Conspecific Null,MTT0,4,407,18,23,0.040714995,41,1007,T,T,1,0,3,40,160,1,966,3,M,206,201,0.542105263
6411,A01,512101,SH,09:01,67,0,25,57,0,25,LW,D,,Oct-10-2023,2023,10,10,0.373134328,0.403508772,0.18,0.19,0.18,0.19,Conspecific Null,SHH0,5,124,13,15,0.059447983,28,471,H,H,1,0,0,1,1,1,443,4,S,50,74,0.438596491
6421,A02,512102,SH,09:02,72,0,25,122,0,25,LW,D,,Oct-10-2023,2023,10,10,0.347222222,0.180327869,0.16,0.22,0.17,0.22,Conspecific Control,SHHC,5,194,27,27,0.105058366,54,514,H,H,0,0,0,2,2,1,460,4,S,50,144,0.204918033
6431,A03,512103,SH,09:03,111,0,53,138,0,53,LW,D,,Oct-10-2023,2023,10,10,0.477477477,0.347826087,0.14,0.14,0.15,0.15,Allospecific Control,SHTC,5,249,23,21,0.06984127,44,630,H,T,0,1,0,3,3,1,586,4,S,106,143,0.384057971
6441,A04,512104,SH,09:04,16,0,8,24,0,8,LW,D,,Oct-10-2023,2023,10,10,0.5,0.458333333,0.17,0.22,0.15,0.2,Allospecific Null,SHT0,5,40,35,44,0.098873592,79,799,H,T,1,1,0,4,4,1,720,4,S,16,24,0.333333333
6451,A05,512105,SH,09:05,45,0,23,54,0,23,LW,D,,Oct-10-2023,2023,10,10,0.511111111,0.351851852,0.16,0.18,0.16,0.17,Allospecific Null,SHT0,5,99,48,53,0.049100632,101,2057,H,T,1,1,0,5,5,1,1956,4,S,46,53,0.425925926
6461,A06,512106,SH,09:06,41,0,13,61,0,13,LW,D,,Oct-10-2023,2023,10,10,0.317073171,0.344262295,0.14,0.16,0.16,0.22,Allospecific Control,SHTC,5,102,25,27,0.079754601,52,652,H,T,0,1,0,6,6,1,600,4,S,26,76,0.213114754
6471,A07,512107,SH,09:07,44,0,20,51,0,20,LW,D,,Oct-10-2023,2023,10,10,0.454545455,0.352941176,0.14,0.19,0.15,0.19,Conspecific Control,SHHC,5,95,31,31,0.046303211,62,1339,H,H,0,0,0,7,7,1,1277,4,S,40,55,0.392156863
6481,A08,512108,SH,09:08,54,0,12,53,0,12,LW,D,,Oct-10-2023,2023,10,10,0.222222222,0.264150943,0.18,0.23,0.19,0.23,Conspecific Null,SHH0,5,107,38,38,0.0608,76,1250,H,H,1,0,0,8,8,1,1174,4,S,24,83,0.226415094
6491,A09,512109,SH,09:09,90,0,31,58,0,31,LW,D,,Oct-10-2023,2023,10,10,0.344444444,0.344827586,0.13,0.18,0.16,0.21,Allospecific Control,SHTC,5,148,19,21,0.052015605,40,769,H,T,0,1,0,9,9,1,729,4,S,62,86,0.534482759
6501,A10,512110,SH,09:10,2,0,2,3,0,2,LW,D,,Oct-10-2023,2023,10,10,1,0.666666667,0.16,0.19,0.14,0.19,Conspecific Null,SHH0,5,5,62,61,1,25,25,H,H,1,0,0,10,10,1,98,4,S,4,1,0.666666667
6511,A11,512111,SH,09:11,136,0,62,139,0,62,LW,D,,Oct-10-2023,2023,10,10,0.455882353,0.352517986,0.12,0.14,0.12,0.13,Conspecific Control,SHHC,5,275,32,34,0.095100865,66,694,H,H,0,0,0,11,11,1,628,4,S,124,151,0.446043165
6521,A12,512112,SH,09:12,86,0,28,98,0,28,LW,D,,Oct-10-2023,2023,10,10,0.325581395,0.489795918,0.15,0.15,0.16,0.19,Conspecific Null,SHH0,5,184,40,38,0.081675393,78,955,H,H,1,0,0,12,12,1,877,4,S,56,128,0.285714286
6531,A13,512113,SH,09:13,50,0,23,29,0,23,LW,D,,Oct-10-2023,2023,10,10,0.46,0.24137931,0.14,0.2,0.14,0.21,Conspecific Null,SHH0,5,79,48,51,0.130434783,99,759,H,H,1,0,0,13,13,1,660,4,S,46,33,0.793103448
6541,A14,512114,SH,09:14,123,0,69,96,0,69,LW,D,,Oct-10-2023,2023,10,10,0.56097561,0.322916667,0.13,0.13,0.15,0.16,Allospecific Control,SHTC,5,219,36,47,0.096736597,83,858,H,T,0,1,0,14,14,1,775,4,S,138,81,0.71875
6551,A15,512115,SH,09:15,114,0,26,165,0,26,LW,D,,Oct-10-2023,2023,10,10,0.228070175,0.36969697,0.15,0.15,0.15,0.16,Allospecific Null,SHT0,5,279,27,37,0.096676737,64,662,H,T,1,1,0,15,15,1,598,4,S,52,227,0.157575758
6561,A16,512116,SH,09:16,109,0,47,142,0,47,LW,D,,Oct-10-2023,2023,10,10,0.431192661,0.197183099,0.13,0.16,0.13,0.16,Allospecific Control,SHTC,5,251,22,23,0.069767442,45,645,H,T,0,1,0,16,16,1,600,4,S,94,157,0.330985915
6571,A17,512117,SH,09:17,120,0,27,134,0,27,LW,D,,Oct-10-2023,2023,10,10,0.225,0.470149254,0.15,0.17,0.17,0.17,Conspecific Control,SHHC,5,254,27,32,0.098333333,59,600,H,H,0,0,0,17,17,1,541,4,S,54,200,0.201492537
6581,A18,512118,SH,09:18,128,0,63,146,0,63,LW,D,,Oct-10-2023,2023,10,10,0.4921875,0.363013699,0.12,0.16,0.15,0.16,Conspecific Control,SHHC,5,274,25,22,0.052808989,47,890,H,H,0,0,0,18,18,1,843,4,S,126,148,0.431506849
6591,A19,512119,SH,09:19,177,0,22,96,0,22,LW,D,,Oct-10-2023,2023,10,10,0.124293785,0.3125,0.13,0.13,0.13,0.12,Allospecific Null,SHT0,5,273,16,16,0.03520352,32,909,H,T,1,1,0,19,19,1,877,4,S,44,229,0.229166667
6601,A20,512120,SH,09:20,65,0,19,59,0,19,LW,D,,Oct-10-2023,2023,10,10,0.292307692,0.254237288,0.12,0.16,0.14,0.17,Allospecific Control,SHTC,5,124,17,19,0.064748201,36,556,H,T,0,1,0,20,20,1,520,4,S,38,86,0.322033898
6611,A21,512121,SH,09:21,153,0,92,112,0,92,LW,D,,Oct-10-2023,2023,10,10,0.60130719,0.357142857,0.17,0.16,0.15,0.16,Conspecific Control,SHHC,5,265,25,27,0.064757161,52,803,H,H,0,0,0,21,21,1,751,4,S,184,81,0.821428571
6621,A22,512122,SH,09:22,133,0,44,115,0,44,LW,D,,Oct-10-2023,2023,10,10,0.330827068,0.217391304,0.15,0.19,0.16,0.2,Conspecific Null,SHH0,5,248,14,20,0.034274194,34,992,H,H,1,0,0,22,22,1,958,4,S,88,160,0.382608696
6631,A23,512123,SH,09:23,66,0,17,64,0,17,LW,D,,Oct-10-2023,2023,10,10,0.257575758,0.390625,0.16,0.21,0.19,0.22,Conspecific Null,SHH0,5,130,17,27,0.066365008,44,663,H,H,1,0,0,23,23,1,619,4,S,34,96,0.265625
6641,A24,512124,SH,09:24,85,0,40,75,0,40,LW,D,,Oct-10-2023,2023,10,10,0.470588235,0.32,0.13,0.19,0.13,0.19,Allospecific Null,SHT0,5,160,5,6,0.020637899,11,533,H,T,1,1,0,24,24,1,522,4,S,80,80,0.533333333
6651,A25,512125,SH,09:25,59,0,26,72,0,26,LW,D,,Oct-10-2023,2023,10,10,0.440677966,0.305555556,0.12,0.21,0.13,0.2,Allospecific Control,SHTC,5,131,34,35,0.111290323,69,620,H,T,0,1,0,25,25,1,551,4,S,52,79,0.361111111
6661,A26,512126,SH,09:26,98,0,33,170,0,33,LW,D,,Oct-10-2023,2023,10,10,0.336734694,0.488235294,0.16,0.15,0.17,0.16,Conspecific Control,SHHC,5,268,21,27,0.073959938,48,649,H,H,0,0,0,26,26,1,601,4,S,66,202,0.194117647
6671,A27,512127,SH,09:27,206,0,71,275,0,71,LW,D,,Oct-10-2023,2023,10,10,0.344660194,0.185454545,0.16,0.16,0.19,0.19,Allospecific Null,SHT0,5,481,35,32,0.076049943,67,881,H,T,1,1,0,27,27,1,814,4,S,142,339,0.258181818
6681,A28,512128,SH,09:28,133,0,33,135,0,33,LW,D,,Oct-10-2023,2023,10,10,0.248120301,0.303703704,0.12,0.17,0.13,0.19,Conspecific Control,SHHC,5,268,29,35,0.075294118,64,850,H,H,0,0,0,28,28,1,786,4,S,66,202,0.244444444
6691,A29,512129,SH,09:29,94,0,50,98,0,50,LW,D,,Oct-10-2023,2023,10,10,0.531914894,0.418367347,0.13,0.15,0.13,0.15,Conspecific Null,SHH0,5,192,10,12,0.029062087,22,757,H,H,1,0,0,29,29,1,735,4,S,100,92,0.510204082
6701,A30,512130,SH,09:30,30,0,9,29,0,9,LW,D,,Oct-10-2023,2023,10,10,0.3,0.482758621,0.13,0.25,0.14,0.19,Conspecific Null,SHH0,5,59,38,73,0.091058244,111,1219,H,H,1,0,0,30,30,1,1108,4,S,18,41,0.310344828
6711,A31,512131,SH,09:31,65,0,25,86,0,25,LW,D,,Oct-10-2023,2023,10,10,0.384615385,0.395348837,0.13,0.16,0.13,0.19,Allospecific Null,SHT0,5,151,29,29,0.071871128,58,807,H,T,1,1,0,31,31,1,749,4,S,50,101,0.290697674
6721,A32,512132,SH,09:32,82,0,40,70,0,40,LW,D,,Oct-10-2023,2023,10,10,0.487804878,0.471428571,0.14,0.16,0.13,0.17,Allospecific Null,SHT0,5,152,23,23,0.070660522,46,651,H,T,1,1,0,32,32,1,605,4,S,80,72,0.571428571
6731,A33,512133,SH,09:33,54,0,17,55,0,17,LW,D,,Oct-10-2023,2023,10,10,0.314814815,0.418181818,0.13,0.16,0.14,0.17,Conspecific Control,SHHC,5,109,38,49,0.180873181,87,481,H,H,0,0,0,33,33,1,394,4,S,34,75,0.309090909
6741,A34,512134,SH,09:34,98,0,29,82,0,29,LW,D,,Oct-10-2023,2023,10,10,0.295918367,0.414634146,0.16,0.2,0.15,0.2,Conspecific Control,SHHC,5,180,22,22,0.06171108,44,713,H,H,0,0,0,34,34,1,669,4,S,58,122,0.353658537
6751,A35,512135,SH,09:35,4,0,3,13,0,3,LW,D,,Oct-10-2023,2023,10,10,0.75,0.153846154,0.15,0.19,0.16,0.19,Allospecific Control,SHTC,5,17,24,36,0.571428571,60,105,H,T,0,1,0,35,35,1,45,4,S,6,11,0.230769231
6761,A36,512136,SH,09:36,152,0,71,154,0,71,LW,D,,Oct-10-2023,2023,10,10,0.467105263,0.38961039,0.15,0.14,0.13,0.2,Allospecific Null,SHT0,5,306,37,50,0.126453488,87,688,H,T,1,1,0,36,36,1,601,4,S,142,164,0.461038961
6771,A37,512137,SH,09:37,58,0,24,82,0,24,LW,D,,Oct-10-2023,2023,10,10,0.413793103,0.43902439,0.11,0.13,0.16,0.14,Allospecific Control,SHTC,5,140,33,27,0.081411126,60,737,H,T,0,1,0,37,37,1,677,4,S,48,92,0.292682927
6781,A38,512138,SH,09:38,51,0,20,59,0,20,LW,D,,Oct-10-2023,2023,10,10,0.392156863,0.423728814,0.15,0.15,0.15,0.18,Allospecific Control,SHTC,5,110,9,9,0.023047375,18,781,H,T,0,1,0,38,38,1,763,4,S,40,70,0.338983051
6791,A39,512139,SH,09:39,17,0,10,25,0,10,LW,D,,Oct-10-2023,2023,10,10,0.588235294,0.44,0.16,0.21,0.15,0.21,Allospecific Null,SHT0,5,42,27,28,0.068922306,55,798,H,T,1,1,0,39,39,1,743,4,S,20,22,0.4
6801,A40,512140,SH,09:40,44,0,20,34,0,20,LW,D,,Oct-10-2023,2023,10,10,0.454545455,0.294117647,0.17,0.18,0.18,0.19,Conspecific Null,SHH0,5,78,41,35,0.2,76,380,H,H,1,0,0,40,40,1,304,4,S,40,38,0.588235294
6811,B01,512201,ST,09:41,68,0,55,54,0,55,LW,D,,Oct-10-2023,2023,10,10,0.808823529,0.37037037,0.14,0.16,0.2,0.16,Conspecific Null,STT0,5,122,6,3,0.011494253,9,783,T,T,1,0,1,1,41,1,774,4,S,110,12,0.982142857
6821,B02,512202,ST,09:42,35,0,13,44,0,13,LW,D,,Oct-10-2023,2023,10,10,0.371428571,0.431818182,0.12,0.21,0.12,0.21,Allospecific Control,STHC,5,79,8,15,0.037277147,23,617,T,H,0,1,1,2,42,1,594,4,S,26,53,0.295454545
6831,B03,512203,ST,09:43,112,0,34,110,0,34,LW,D,,Oct-10-2023,2023,10,10,0.303571429,0.281818182,0.11,0.15,0.11,0.17,Allospecific Control,STHC,5,222,14,13,0.03362391,27,803,T,H,0,1,1,3,43,1,776,4,S,68,154,0.309090909
6841,B04,512204,ST,09:45,18,0,10,42,0,10,LW,D,,Oct-10-2023,2023,10,10,0.555555556,0.119047619,0.12,0.18,0.16,0.17,Allospecific Control,STHC,5,60,30,32,0.092675635,62,669,T,H,0,1,1,4,44,1,607,4,S,20,40,0.238095238
6851,B05,512205,ST,09:47,116,0,27,280,0,27,LW,D,,Oct-10-2023,2023,10,10,0.232758621,0.060714286,0.11,0.16,0.12,0.16,Allospecific Control,STHC,5,396,25,29,0.08424337,54,641,T,H,0,1,1,5,45,1,587,4,S,54,342,0.096428571
6861,B06,512206,ST,09:49,113,0,20,91,0,20,LW,D,,Oct-10-2023,2023,10,10,0.17699115,0.428571429,0.12,0.17,0.13,0.19,Allospecific Control,STHC,5,204,21,24,0.060565276,45,743,T,H,0,1,1,6,46,1,698,4,S,40,164,0.21978022
6871,B07,512207,ST,09:51,128,0,46,107,0,46,LW,D,,Oct-10-2023,2023,10,10,0.359375,0.168224299,0.12,0.15,0.13,0.15,Conspecific Control,STTC,5,235,18,18,0.041237113,36,873,T,T,0,0,1,7,47,1,837,4,S,92,143,0.429906542
6881,B08,512208,ST,09:53,29,0,10,64,0,10,LW,D,,Oct-10-2023,2023,10,10,0.344827586,0.421875,0.13,0.2,0.16,0.2,Conspecific Control,STTC,5,93,29,40,0.174242424,69,396,T,T,0,0,1,8,48,1,327,4,S,20,73,0.15625
6891,B09,512209,ST,09:55,41,0,9,67,0,9,LW,D,,Oct-10-2023,2023,10,10,0.219512195,0.194029851,0.14,0.19,0.14,0.2,Conspecific Null,STT0,5,108,11,11,0.023504274,22,936,T,T,1,0,1,9,49,1,914,4,S,18,90,0.134328358
6901,B10,512210,ST,09:57,93,0,45,105,0,45,LW,D,,Oct-10-2023,2023,10,10,0.483870968,0.361904762,0.13,0.23,0.17,0.21,Conspecific Control,STTC,5,198,14,13,0.046632124,27,579,T,T,0,0,1,10,50,1,552,4,S,90,108,0.428571429
6911,B11,512211,ST,09:59,99,0,25,169,0,25,LW,D,,Oct-10-2023,2023,10,10,0.252525253,0.443786982,0.13,0.21,0.14,0.21,Allospecific Control,STHC,5,268,17,21,0.041896362,38,907,T,H,0,1,1,11,51,1,869,4,S,50,218,0.147928994
6921,B12,512212,ST,10:01,50,0,10,71,0,10,LW,D,,Oct-10-2023,2023,10,10,0.2,0.225352113,0.12,0.16,0.11,0.15,Allospecific Null,STH0,5,121,14,14,0.031145717,28,899,T,H,1,1,1,12,52,1,871,4,S,20,101,0.14084507
6931,B13,512213,ST,10:03,24,0,6,22,0,6,LW,D,,Oct-10-2023,2023,10,10,0.25,0.227272727,0.12,0.19,0.13,0.2,Conspecific Null,STT0,5,46,15,11,0.025,26,1040,T,T,1,0,1,13,53,1,1014,4,S,12,34,0.272727273
6941,B14,512214,ST,10:05,48,0,13,39,0,13,LW,D,,Oct-10-2023,2023,10,10,0.270833333,0.41025641,0.12,0.2,0.13,0.19,Conspecific Null,STT0,5,87,20,18,0.051282051,38,741,T,T,1,0,1,14,54,1,703,4,S,26,61,0.333333333
6951,B15,512215,ST,10:07,38,0,12,33,0,12,LW,D,,Oct-10-2023,2023,10,10,0.315789474,0.303030303,0.12,0.2,0.12,0.21,Allospecific Control,STHC,5,71,44,34,0.116071429,78,672,T,H,0,1,1,15,55,1,594,4,S,24,47,0.363636364
6961,B16,512216,ST,10:09,47,0,10,107,0,10,LW,D,,Oct-10-2023,2023,10,10,0.212765957,0.271028037,0.13,0.12,0.17,0.12,Conspecific Null,STT0,5,154,49,29,0.094890511,78,822,T,T,1,0,1,16,56,1,744,4,S,20,134,0.093457944
6971,B17,512217,ST,10:11,97,0,22,103,0,22,LW,D,,Oct-10-2023,2023,10,10,0.226804124,0.485436893,0.12,0.17,0.15,0.18,Conspecific Control,STTC,5,200,29,27,0.077885953,56,719,T,T,0,0,1,17,57,1,663,4,S,44,156,0.213592233
6981,B18,512218,ST,10:13,117,0,23,167,0,23,LW,D,,Oct-10-2023,2023,10,10,0.196581197,0.365269461,0.12,0.17,0.14,0.17,Conspecific Null,STT0,5,284,23,41,0.064908722,64,986,T,T,1,0,1,18,58,1,922,4,S,46,238,0.137724551
6991,B19,512219,ST,10:15,33,0,5,9,0,5,LW,D,,Oct-10-2023,2023,10,10,0.151515152,0.333333333,0.12,0.19,0.13,0.21,Conspecific Control,STTC,5,42,17,15,0.050955414,32,628,T,T,0,0,1,19,59,1,596,4,S,10,32,0.555555556
7001,B20,512220,ST,10:17,26,0,3,72,0,3,LW,D,,Oct-10-2023,2023,10,10,0.115384615,0.152777778,0.12,0.23,0.15,0.22,Allospecific Null,STH0,5,98,10,10,0.043383948,20,461,T,H,1,1,1,20,60,1,441,4,S,6,92,0.041666667
7011,B21,512221,ST,10:18,69,0,19,122,0,19,LW,D,,Oct-10-2023,2023,10,10,0.275362319,0.155737705,0.14,0.21,0.14,0.22,Conspecific Control,STTC,5,191,8,11,0.034296029,19,554,T,T,0,0,1,21,61,1,535,4,S,38,153,0.155737705
7021,B22,512222,ST,10:19,104,0,24,147,0,24,LW,D,,Oct-10-2023,2023,10,10,0.230769231,0.353741497,0.14,0.25,0.16,0.23,Conspecific Control,STTC,5,251,15,10,0.036443149,25,686,T,T,0,0,1,22,62,1,661,4,S,48,203,0.163265306
7031,B23,512223,ST,10:20,93,0,45,83,0,45,LW,D,,Oct-10-2023,2023,10,10,0.483870968,0.385542169,0.12,0.18,0.12,0.17,Allospecific Null,STH0,5,176,13,15,0.038461538,28,728,T,H,1,1,1,23,63,1,700,4,S,90,86,0.542168675
7041,B24,512224,ST,10:21,47,0,6,90,0,6,LW,D,,Oct-10-2023,2023,10,10,0.127659574,0.188888889,0.12,0.2,0.14,0.21,Allospecific Null,STH0,5,137,16,13,0.109433962,29,265,T,H,1,1,1,24,64,1,236,4,S,12,125,0.066666667
7051,B25,512225,ST,10:22,183,0,48,157,0,48,LW,D,,Oct-10-2023,2023,10,10,0.262295082,0.350318471,0.12,0.17,0.12,0.19,Allospecific Null,STH0,5,340,5,11,0.021768707,16,735,T,H,1,1,1,25,65,1,719,4,S,96,244,0.305732484
7061,B26,512226,ST,10:23,18,0,5,10,0,5,LW,D,,Oct-10-2023,2023,10,10,0.277777778,0.4,0.12,0.2,0.12,0.19,Conspecific Null,STT0,5,28,8,7,0.02027027,15,740,T,T,1,0,1,26,66,1,725,4,S,10,18,0.5
7071,B27,512227,ST,10:24,65,0,12,35,0,12,LW,D,,Oct-10-2023,2023,10,10,0.184615385,0.457142857,0.11,0.17,0.15,0.19,Allospecific Control,STHC,5,100,14,15,0.054613936,29,531,T,H,0,1,1,27,67,1,502,4,S,24,76,0.342857143
7081,B28,512228,ST,10:25,90,0,24,32,0,24,LW,D,,Oct-10-2023,2023,10,10,0.266666667,0.40625,0.12,0.17,0.14,0.19,Allospecific Null,STH0,5,122,23,19,0.059914408,42,701,T,H,1,1,1,28,68,1,659,4,S,48,74,0.75
7091,B29,512229,ST,10:26,0,0,0,0,0,0,LW,D,,Oct-10-2023,2023,10,10,0,0,0,0,0,0,Allospecific Null,STH0,5,0,0,0,#DIV/0!,0,0,T,H,1,1,1,29,69,1,0,4,S,0,0,0
7101,B30,512230,ST,10:27,4,0,3,27,0,3,LW,D,,Oct-10-2023,2023,10,10,0.75,0.555555556,0.16,0.17,0.15,0.18,Conspecific Null,STT0,5,31,10,7,0.019744483,17,861,T,T,1,0,1,30,70,1,844,4,S,6,25,0.111111111
7111,B31,512231,ST,10:28,30,0,15,21,0,15,LW,D,,Oct-10-2023,2023,10,10,0.5,0.285714286,0.16,0.17,0.15,0.2,Conspecific Null,STT0,5,51,11,13,0.051282051,24,468,T,T,1,0,1,31,71,1,444,4,S,30,21,0.714285714
7121,B32,512232,ST,10:29,29,0,8,22,0,8,LW,D,,Oct-10-2023,2023,10,10,0.275862069,0.409090909,0.11,0.14,0.11,0.16,Allospecific Null,STH0,5,51,4,4,0.013582343,8,589,T,H,1,1,1,32,72,1,581,4,S,16,35,0.363636364
7131,B33,512233,ST,10:30,53,0,23,23,0,23,LW,D,,Oct-10-2023,2023,10,10,0.433962264,0.217391304,0.12,0.23,0.15,0.21,Conspecific Control,STTC,5,76,11,12,0.027611044,23,833,T,T,0,0,1,33,73,1,810,4,S,46,30,1
7141,B34,512234,ST,10:31,84,0,34,113,0,34,LW,D,,Oct-10-2023,2023,10,10,0.404761905,0.353982301,0.13,0.21,0.12,0.19,Allospecific Control,STHC,5,197,20,16,0.071005917,36,507,T,H,0,1,1,34,74,1,471,4,S,68,129,0.300884956
7151,B35,512235,ST,10:32,89,0,31,101,0,31,LW,D,,Oct-10-2023,2023,10,10,0.348314607,0.366336634,0.13,0.16,0.13,0.18,Allospecific Control,STHC,5,190,31,28,0.102787456,59,574,T,H,0,1,1,35,75,1,515,4,S,62,128,0.306930693
7161,B36,512236,ST,10:33,74,0,28,140,0,28,LW,D,,Oct-10-2023,2023,10,10,0.378378378,0.385714286,0.12,0.21,0.12,0.19,Conspecific Control,STTC,5,214,24,22,0.051743532,46,889,T,T,0,0,1,36,76,1,843,4,S,56,158,0.2
7171,B37,512237,ST,10:34,127,0,31,129,0,31,LW,D,,Oct-10-2023,2023,10,10,0.244094488,0.426356589,0.11,0.15,0.12,0.16,Conspecific Null,STT0,5,256,12,12,0.023809524,24,1008,T,T,1,0,1,37,77,1,984,4,S,62,194,0.240310078
7181,B38,512238,ST,10:35,78,0,24,245,0,24,LW,D,,Oct-10-2023,2023,10,10,0.307692308,0.248979592,0.16,0.16,0.17,0.16,Conspecific Control,STTC,5,323,7,6,0.014348786,13,906,T,T,0,0,1,38,78,1,893,4,S,48,275,0.097959184
7191,B39,512239,ST,10:36,96,0,51,56,0,51,LW,D,,Oct-10-2023,2023,10,10,0.53125,0.464285714,0.14,0.19,0.15,0.19,Allospecific Null,STH0,5,152,17,16,0.051805338,33,637,T,H,1,1,1,39,79,1,604,4,S,102,50,0.910714286
7201,B40,512240,ST,10:37,51,0,25,36,0,25,LW,D,,Oct-10-2023,2023,10,10,0.490196078,0.527777778,0.13,0.17,0.13,0.17,Allospecific Null,STH0,5,87,12,11,0.020909091,23,1100,T,H,1,1,1,40,80,1,1077,4,S,50,37,0.694444444
7211,C01,512301,MH,10:38,72,0,23,84,0,23,LW,D,,Oct-10-2023,2023,10,10,0.319444444,0.464285714,0.12,0.16,0.16,0.17,Allospecific Null,MHT0,5,156,15,18,0.056313993,33,586,H,T,1,1,2,1,81,1,553,4,M,46,110,0.273809524
7221,C02,512302,MH,10:40,149,0,54,152,0,54,LW,D,,Oct-10-2023,2023,10,10,0.362416107,0.375,0.13,0.16,0.15,0.18,Allospecific Control,MHTC,5,301,17,20,0.049531459,37,747,H,T,0,1,2,2,82,1,710,4,M,108,193,0.355263158
7231,C03,512303,MH,10:42,195,0,77,65,0,77,LW,D,,Oct-10-2023,2023,10,10,0.394871795,0.384615385,0.11,0.18,0.15,0.19,Conspecific Control,MHHC,5,260,19,18,0.094387755,37,392,H,H,0,0,2,3,83,1,355,4,M,154,106,0.865168539
7241,C04,512304,MH,10:44,124,0,51,95,0,51,LW,D,,Oct-10-2023,2023,10,10,0.411290323,0.210526316,0.14,0.16,0.15,0.17,Allospecific Null,MHT0,5,219,19,20,0.085903084,39,454,H,T,1,1,2,4,84,1,415,4,M,102,117,0.536842105
7251,C05,512305,MH,10:46,47,0,12,28,0,12,LW,D,,Oct-10-2023,2023,10,10,0.255319149,0.25,0.13,0.15,0.14,0.15,Conspecific Control,MHHC,5,75,14,15,0.061571125,29,471,H,H,0,0,2,5,85,1,442,4,M,24,51,0.428571429
7261,C06,512306,MH,10:48,107,0,53,87,0,53,LW,D,,Oct-10-2023,2023,10,10,0.495327103,0.344827586,0.14,0.18,0.18,0.19,Allospecific Null,MHT0,5,194,18,16,0.06614786,34,514,H,T,1,1,2,6,86,1,480,4,M,106,88,0.609195402
7271,C07,512307,MH,10:50,134,0,41,50,0,41,LW,D,,Oct-10-2023,2023,10,10,0.305970149,0.34,0.12,0.15,0.16,0.17,Allospecific Control,MHTC,5,184,5,5,0.010604454,10,943,H,T,0,1,2,7,87,1,933,4,M,82,102,0.82
7281,C08,512308,MH,10:52,69,0,28,29,0,28,LW,D,,Oct-10-2023,2023,10,10,0.405797101,0.172413793,0.13,0.14,0.13,0.15,Conspecific Null,MHH0,5,98,34,31,0.056570931,65,1149,H,H,1,0,2,8,88,1,1084,4,M,56,42,0.965517241
7291,C09,512309,MH,10:54,126,0,53,150,0,53,LW,D,,Oct-10-2023,2023,10,10,0.420634921,0.186666667,0.14,0.15,0.17,0.18,Conspecific Control,MHHC,5,276,21,19,0.034246575,40,1168,H,H,0,0,2,9,89,1,1128,4,M,106,170,0.353333333
7301,C10,512310,MH,10:56,160,0,68,131,0,68,LW,D,,Oct-10-2023,2023,10,10,0.425,0.198473282,0.12,0.14,0.17,0.17,Allospecific Control,MHTC,5,291,9,8,0.025914634,17,656,H,T,0,1,2,10,90,1,639,4,M,136,155,0.519083969
7311,C11,512311,MH,10:58,228,0,51,76,0,51,LW,D,,Oct-10-2023,2023,10,10,0.223684211,0.355263158,0.12,0.17,0.19,0.19,Allospecific Null,MHT0,5,304,24,25,0.075038285,49,653,H,T,1,1,2,11,91,1,604,4,M,102,202,0.671052632
7321,C12,512312,MH,11:00,182,0,59,69,0,59,LW,D,,Oct-10-2023,2023,10,10,0.324175824,0.420289855,0.11,0.2,0.16,0.19,Conspecific Null,MHH0,5,251,33,25,0.041968162,58,1382,H,H,1,0,2,12,92,1,1324,4,M,118,133,0.855072464
7331,C13,512313,MH,11:02,51,0,10,10,0,10,LW,D,,Oct-10-2023,2023,10,10,0.196078431,0.2,0.12,0.19,0.16,0.2,Conspecific Control,MHHC,5,61,34,32,0.075601375,66,873,H,H,0,0,2,13,93,1,807,4,M,20,41,1
7341,C14,512314,MH,11:04,152,0,48,60,0,48,LW,D,,Oct-10-2023,2023,10,10,0.315789474,0.283333333,0.15,0.15,0.17,0.17,Conspecific Control,MHHC,5,212,30,27,0.086494689,57,659,H,H,0,0,2,14,94,1,602,4,M,96,116,0.8
7351,C15,512315,MH,11:06,173,0,55,74,0,55,LW,D,,Oct-10-2023,2023,10,10,0.317919075,0.513513514,0.14,0.16,0.18,0.18,Conspecific Null,MHH0,5,247,25,22,0.05994898,47,784,H,H,1,0,2,15,95,1,737,4,M,110,137,0.743243243
7361,C16,512316,MH,11:08,134,0,41,29,0,41,LW,D,,Oct-10-2023,2023,10,10,0.305970149,0.310344828,0.12,0.18,0.16,0.18,Conspecific Null,MHH0,5,163,19,18,0.078723404,37,470,H,H,1,0,2,16,96,1,433,4,M,82,81,0.773584906
7371,C17,512317,MH,11:10,197,0,65,118,0,65,LW,D,,Oct-10-2023,2023,10,10,0.329949239,0.322033898,0.13,0.18,0.19,0.19,Allospecific Null,MHT0,5,315,25,20,0.060483871,45,744,H,T,1,1,2,17,97,1,699,4,M,130,185,0.550847458
7381,C18,512318,MH,11:12,126,0,52,73,0,52,LW,D,,Oct-10-2023,2023,10,10,0.412698413,0.479452055,0.12,0.21,0.19,0.2,Conspecific Null,MHH0,5,199,43,38,0.100247525,81,808,H,H,1,0,2,18,98,1,727,4,M,104,95,0.712328767
7391,C19,512319,MH,11:14,41,0,14,15,0,14,LW,D,,Oct-10-2023,2023,10,10,0.341463415,0.4,0.15,0.19,0.17,0.2,Allospecific Null,MHT0,5,56,24,21,0.051252847,45,878,H,T,1,1,2,19,99,1,833,4,M,28,28,0.933333333
7401,C20,512320,MH,11:16,81,0,23,77,0,23,LW,D,,Oct-10-2023,2023,10,10,0.283950617,0.246753247,0.16,0.21,0.19,0.22,Conspecific Null,MHH0,5,158,30,30,0.047058824,60,1275,H,H,1,0,2,20,100,1,1215,4,M,46,112,0.298701299
7411,C21,512321,MH,11:18,101,0,19,52,0,19,LW,D,,Oct-10-2023,2023,10,10,0.188118812,0.288461538,0.13,0.2,0.18,0.21,Conspecific Null,MHH0,5,153,22,23,0.040983607,45,1098,H,H,1,0,2,21,101,1,1053,4,M,38,115,0.365384615
7421,C22,512322,MH,11:20,81,0,30,36,0,30,LW,D,,Oct-10-2023,2023,10,10,0.37037037,0.25,0.14,0.21,0.19,0.19,Conspecific Control,MHHC,5,117,13,17,0.046224961,30,649,H,H,0,0,2,22,102,1,619,4,M,60,57,0.833333333
7431,C23,512323,MH,11:21,164,0,37,124,0,37,LW,D,,Oct-10-2023,2023,10,10,0.225609756,0.241935484,0.14,0.17,0.16,0.18,Allospecific Null,MHT0,5,288,29,16,0.043731778,45,1029,H,T,1,1,2,23,103,1,984,4,M,74,214,0.298387097
7441,C24,512324,MH,11:22,146,0,69,144,0,69,LW,D,,Oct-10-2023,2023,10,10,0.47260274,0.145833333,0.13,0.19,0.19,0.18,Allospecific Null,MHT0,5,290,21,20,0.130573248,41,314,H,T,1,1,2,24,104,1,273,4,M,138,152,0.479166667
7451,C25,512325,MH,11:23,112,0,39,57,0,39,LW,D,,Oct-10-2023,2023,10,10,0.348214286,0.438596491,0.13,0.17,0.17,0.18,Conspecific Control,MHHC,5,169,17,14,0.065400844,31,474,H,H,0,0,2,25,105,1,443,4,M,78,91,0.684210526
7461,C26,512326,MH,11:24,95,0,30,88,0,30,LW,D,,Oct-10-2023,2023,10,10,0.315789474,0.511363636,0.12,0.14,0.17,0.18,Conspecific Null,MHH0,5,183,11,11,0.038327526,22,574,H,H,1,0,2,26,106,1,552,4,M,60,123,0.340909091
7471,C27,512327,MH,11:25,32,0,8,13,0,8,LW,D,,Oct-10-2023,2023,10,10,0.25,0.384615385,0.13,0.17,0.14,0.16,Allospecific Null,MHT0,5,45,16,9,0.040257649,25,621,H,T,1,1,2,27,107,1,596,4,M,16,29,0.615384615
7481,C28,512328,MH,11:26,87,0,31,44,0,31,LW,D,,Oct-10-2023,2023,10,10,0.356321839,0.272727273,0.14,0.18,0.15,0.19,Allospecific Control,MHTC,5,131,10,6,0.023054755,16,694,H,T,0,1,2,28,108,1,678,4,M,62,69,0.704545455
7491,C29,512329,MH,12:30,123,0,31,52,0,31,LW,D,,Oct-10-2023,2023,10,10,0.25203252,0.192307692,0.14,0.18,0.16,0.17,Conspecific Control,MHHC,5,175,17,22,0.049118388,39,794,H,H,0,0,2,29,109,1,755,4,M,62,113,0.596153846
7501,C30,512330,MH,12:31,136,0,46,99,0,46,LW,D,,Oct-10-2023,2023,10,10,0.338235294,0.323232323,0.13,0.18,0.14,0.18,Allospecific Control,MHTC,5,235,6,10,0.027072758,16,591,H,T,0,1,2,30,110,1,575,4,M,92,143,0.464646465
7511,C31,512331,MH,12:33,124,0,48,99,0,48,LW,D,,Oct-10-2023,2023,10,10,0.387096774,0.171717172,0.17,0.2,0.18,0.22,Conspecific Control,MHHC,5,223,17,10,0.042789223,27,631,H,H,0,0,2,31,111,1,604,4,M,96,127,0.484848485
7521,C32,512332,MH,12:35,94,0,18,178,0,18,LW,D,,Oct-10-2023,2023,10,10,0.191489362,0.207865169,0.12,0.15,0.15,0.15,Conspecific Null,MHH0,5,272,23,24,0.099787686,47,471,H,H,1,0,2,32,112,1,424,4,M,36,236,0.101123596
7531,C33,512333,MH,12:37,178,0,23,37,0,23,LW,D,,Oct-10-2023,2023,10,10,0.129213483,0.567567568,0.14,0.15,0.14,0.17,Allospecific Control,MHTC,5,215,32,21,0.086601307,53,612,H,T,0,1,2,33,113,1,559,4,M,46,169,0.621621622
7541,C34,512334,MH,12:39,100,0,21,75,0,21,LW,D,,Oct-10-2023,2023,10,10,0.21,0.52,0.13,0.16,0.14,0.16,Allospecific Control,MHTC,5,175,29,22,0.127819549,51,399,H,T,0,1,2,34,114,1,348,4,M,42,133,0.28
7551,C35,512335,MH,12:41,113,0,31,78,0,31,LW,D,,Oct-10-2023,2023,10,10,0.274336283,0.333333333,0.13,0.16,0.19,0.16,Allospecific Null,MHT0,5,191,20,21,0.052903226,41,775,H,T,1,1,2,35,115,1,734,4,M,62,129,0.397435897
7561,C36,512336,MH,12:43,163,0,45,94,0,45,LW,D,,Oct-10-2023,2023,10,10,0.27607362,0.489361702,0.15,0.16,0.19,0.18,Allospecific Control,MHTC,5,257,31,32,0.083003953,63,759,H,T,0,1,2,36,116,1,696,4,M,90,167,0.478723404
7571,C37,512337,MH,12:45,69,0,14,111,0,14,LW,D,,Oct-10-2023,2023,10,10,0.202898551,0.189189189,0.12,0.17,0.17,0.21,Conspecific Control,MHHC,5,180,16,14,0.041841004,30,717,H,H,0,0,2,37,117,1,687,4,M,28,152,0.126126126
7581,C38,512338,MH,12:47,141,0,35,134,0,35,LW,D,,Oct-10-2023,2023,10,10,0.24822695,0.514925373,0.13,0.17,0.2,0.18,Conspecific Null,MHH0,5,275,14,13,0.043269231,27,624,H,H,1,0,2,38,118,1,597,4,M,70,205,0.26119403
7591,C39,512339,MH,12:49,144,0,52,111,0,52,LW,D,,Oct-10-2023,2023,10,10,0.361111111,0.531531532,0.13,0.19,0.15,0.18,Allospecific Control,MHTC,5,255,33,37,0.143737166,70,487,H,T,0,1,2,39,119,1,417,4,M,104,151,0.468468468
7601,C40,512340,MH,12:51,65,0,20,48,0,20,LW,D,,Oct-10-2023,2023,10,10,0.307692308,0.479166667,0.14,0.18,0.2,0.22,Allospecific Control,MHTC,5,113,24,18,0.216494845,42,194,H,T,0,1,2,40,120,1,152,4,M,40,73,0.416666667
7611,D01,512401,MT,12:53,189,0,18,112,0,18,LW,D,,Oct-10-2023,2023,10,10,0.095238095,0.392857143,0.16,0.2,0.17,0.2,Conspecific Null,MTT0,5,301,25,23,0.091603053,48,524,T,T,1,0,3,1,121,1,476,4,M,36,265,0.160714286
7621,D02,512402,MT,12:55,14,0,8,4,0,8,LW,D,,Oct-10-2023,2023,10,10,0.571428571,0.5,0.16,0.19,0.19,0.23,Conspecific Null,MTT0,5,18,41,55,1,36,36,T,T,1,0,3,2,122,1,60,4,M,16,2,0.666666667
7631,D03,512403,MT,12:57,30,0,5,30,0,5,LW,D,,Oct-10-2023,2023,10,10,0.166666667,0.2,0.15,0.21,0.17,0.21,Conspecific Control,MTTC,5,60,15,13,0.033939394,28,825,T,T,0,0,3,3,123,1,797,4,M,10,50,0.166666667
7641,D04,512404,MT,12:59,85,0,12,33,0,12,LW,D,,Oct-10-2023,2023,10,10,0.141176471,0.454545455,0.18,0.21,0.19,0.17,Allospecific Null,MTH0,5,118,31,31,0.058052434,62,1068,T,H,1,1,3,4,124,1,1006,4,M,24,94,0.363636364
7651,D05,512405,MT,13:01,161,0,64,96,0,64,LW,D,,Oct-10-2023,2023,10,10,0.397515528,0.364583333,0.14,0.17,0.17,0.21,Conspecific Null,MTT0,5,257,16,15,0.032157676,31,964,T,T,1,0,3,5,125,1,933,4,M,128,129,0.666666667
7661,D06,512406,MT,13:03,93,0,26,94,0,26,LW,D,,Oct-10-2023,2023,10,10,0.279569892,0.372340426,0.17,0.19,0.19,0.21,Conspecific Control,MTTC,5,187,14,14,0.083333333,28,336,T,T,0,0,3,6,126,1,308,4,M,52,135,0.276595745
7671,D07,512407,MT,13:05,151,0,26,82,0,26,LW,D,,Oct-10-2023,2023,10,10,0.17218543,0.329268293,0.14,0.21,0.14,0.21,Allospecific Control,MTHC,5,233,33,33,0.222222222,66,297,T,H,0,1,3,7,127,1,231,4,M,52,181,0.317073171
7681,D08,512408,MT,13:07,316,0,52,250,0,52,LW,D,,Oct-10-2023,2023,10,10,0.164556962,0.164,0.2,0.2,0.22,0.23,Conspecific Null,MTT0,5,566,18,21,0.049681529,39,785,T,T,1,0,3,8,128,1,746,4,M,104,462,0.208
7691,D09,512409,MT,13:09,246,0,103,196,0,103,LW,D,,Oct-10-2023,2023,10,10,0.418699187,0.260204082,0.21,0.18,0.2,0.23,Conspecific Control,MTTC,5,442,54,46,0.131061599,100,763,T,T,0,0,3,9,129,1,663,4,M,206,236,0.525510204
7701,D10,512410,MT,13:11,102,0,19,37,0,19,LW,D,,Oct-10-2023,2023,10,10,0.18627451,0.702702703,0.2,0.2,0.16,0.21,Allospecific Control,MTHC,5,139,44,45,0.148086522,89,601,T,H,0,1,3,10,130,1,512,4,M,38,101,0.513513514
7711,D11,512411,MT,13:13,155,0,56,115,0,56,LW,D,,Oct-10-2023,2023,10,10,0.361290323,0.234782609,0.14,0.2,0.15,0.22,Conspecific Control,MTTC,5,270,33,29,0.108202443,62,573,T,T,0,0,3,11,131,1,511,4,M,112,158,0.486956522
7721,D24,512424,MT,13:33,16,0,6,12,0,6,LW,D,,Oct-10-2023,2023,10,10,0.375,0.583333333,0.23,0.23,0.22,0.19,Conspecific Null,MTT0,5,28,23,24,0.062169312,47,756,T,T,1,0,3,24,144,1,709,4,M,12,16,0.5
7731,D13,512413,MT,13:17,184,0,63,111,0,63,LW,D,,Oct-10-2023,2023,10,10,0.342391304,0.414414414,0.13,0.2,0.14,0.2,Allospecific Null,MTH0,5,295,34,34,0.273092369,68,249,T,H,1,1,3,13,133,1,181,4,M,126,169,0.567567568
7741,D14,512414,MT,13:19,219,0,25,362,0,25,LW,D,,Oct-10-2023,2023,10,10,0.114155251,0.14640884,0.18,0.19,0.21,0.23,Conspecific Control,MTTC,5,581,31,23,0.07366985,54,733,T,T,0,0,3,14,134,1,679,4,M,50,531,0.069060773
7751,D15,512415,MT,13:21,136,0,53,140,0,53,LW,D,,Oct-10-2023,2023,10,10,0.389705882,0.371428571,0.16,0.21,0.16,0.19,Allospecific Null,MTH0,5,276,25,25,0.081168831,50,616,T,H,1,1,3,15,135,1,566,4,M,106,170,0.378571429
7761,D16,512416,MT,13:23,52,0,24,52,0,24,LW,D,,Oct-10-2023,2023,10,10,0.461538462,0.192307692,0.19,0.25,0.22,0.26,Allospecific Control,MTHC,5,104,37,36,0.084295612,73,866,T,H,0,1,3,16,136,1,793,4,M,48,56,0.461538462
7771,D17,512417,MT,13:25,116,0,77,143,0,77,LW,D,,Oct-10-2023,2023,10,10,0.663793103,0.391608392,0.16,0.18,0.17,0.19,Allospecific Control,MTHC,5,259,15,15,0.070257611,30,427,T,H,0,1,3,17,137,1,397,4,M,154,105,0.538461538
7781,D18,512418,MT,13:27,43,0,13,72,0,13,LW,D,,Oct-10-2023,2023,10,10,0.302325581,0.444444444,0.16,0.19,0.15,0.22,Allospecific Null,MTH0,5,115,32,29,0.2,61,305,T,H,1,1,3,18,138,1,244,4,M,26,89,0.180555556
7791,D19,512419,MT,13:28,56,0,26,50,0,26,LW,D,,Oct-10-2023,2023,10,10,0.464285714,0.44,0.16,0.16,0.16,0.17,Allospecific Null,MTH0,5,106,22,17,0.061708861,39,632,T,H,1,1,3,19,139,1,593,4,M,52,54,0.52
7801,D20,512420,MT,13:29,102,0,27,23,0,27,LW,D,,Oct-10-2023,2023,10,10,0.264705882,0.173913043,0.14,0.22,0.15,0.17,Conspecific Control,MTTC,5,125,45,50,0.172727273,95,550,T,T,0,0,3,20,140,1,455,4,M,54,71,0.870967742
7811,D21,512421,MT,13:30,78,0,23,89,0,23,LW,D,,Oct-10-2023,2023,10,10,0.294871795,0.179775281,0.18,0.25,0.17,0.24,Conspecific Null,MTT0,5,167,29,23,0.097014925,52,536,T,T,1,0,3,21,141,1,484,4,M,46,121,0.258426966
7821,D22,512422,MT,13:31,95,0,31,159,0,31,LW,D,,Oct-10-2023,2023,10,10,0.326315789,0.308176101,0.2,0.22,0.21,0.23,Allospecific Control,MTHC,5,254,20,25,0.038297872,45,1175,T,H,0,1,3,22,142,1,1130,4,M,62,192,0.194968553
7831,D23,512423,MT,13:32,116,0,38,23,0,38,LW,D,,Oct-10-2023,2023,10,10,0.327586207,0.347826087,0.19,0.18,0.2,0.2,Allospecific Null,MTH0,5,139,5,7,0.031168831,12,385,T,H,1,1,3,23,143,1,373,4,M,76,63,0.716981132
7841,D24,512424,MT,13:33,16,0,6,12,0,6,LW,D,,Oct-10-2023,2023,10,10,0.375,0.583333333,0.23,0.23,0.22,0.19,Conspecific Null,MTT0,5,28,14,20,0.255639098,34,133,T,T,1,0,3,24,144,1,99,4,M,12,16,0.5
7851,D25,512425,MT,13:34,276,0,73,175,0,73,LW,D,,Oct-10-2023,2023,10,10,0.264492754,0.371428571,0.15,0.2,0.17,0.2,Conspecific Control,MTTC,5,451,13,15,0.0304679,28,919,T,T,0,0,3,25,145,1,891,4,M,146,305,0.417142857
7861,D26,512426,MT,13:35,198,0,58,225,0,58,LW,D,,Oct-10-2023,2023,10,10,0.292929293,0.151111111,0.17,0.19,0.16,0.17,Conspecific Control,MTTC,5,423,18,16,0.025679758,34,1324,T,T,0,0,3,26,146,1,1290,4,M,116,307,0.257777778
7871,D27,512427,MT,13:36,57,0,30,39,0,30,LW,D,,Oct-10-2023,2023,10,10,0.526315789,0.461538462,0.15,0.26,0.18,0.21,Allospecific Control,MTHC,5,96,21,25,0.092929293,46,495,T,H,0,1,3,27,147,1,449,4,M,60,36,0.769230769
7881,D28,512428,MT,13:37,106,0,44,49,0,44,LW,D,,Oct-10-2023,2023,10,10,0.41509434,0.448979592,0.15,0.21,0.17,0.23,Allospecific Control,MTHC,5,155,28,28,0.142857143,56,392,T,H,0,1,3,28,148,1,336,4,M,88,67,0.897959184
7891,D29,512429,MT,13:38,49,0,21,22,0,21,LW,D,,Oct-10-2023,2023,10,10,0.428571429,0.409090909,0.17,0.17,0.16,0.19,Conspecific Null,MTT0,5,71,14,16,0.056285178,30,533,T,T,1,0,3,29,149,1,503,4,M,42,29,0.954545455
7901,D30,512430,MT,13:39,64,0,34,69,0,34,LW,D,,Oct-10-2023,2023,10,10,0.53125,0.420289855,0.15,0.22,0.14,0.25,Allospecific Null,MTH0,5,133,30,33,0.258196721,63,244,T,H,1,1,3,30,150,1,181,4,M,68,65,0.492753623
7911,D31,512431,MT,13:40,76,0,45,104,0,45,LW,D,,Oct-10-2023,2023,10,10,0.592105263,0.288461538,0.14,0.23,0.14,0.2,Allospecific Null,MTH0,5,180,14,20,0.03655914,34,930,T,H,1,1,3,31,151,1,896,4,M,90,90,0.432692308
7921,D32,512432,MT,13:41,101,0,33,173,0,33,LW,D,,Oct-10-2023,2023,10,10,0.326732673,0.393063584,0.21,0.17,0.22,0.15,Conspecific Null,MTT0,5,274,35,27,0.078680203,62,788,T,T,1,0,3,32,152,1,726,4,M,66,208,0.190751445
7931,D33,512433,MT,15:45,122,0,27,95,0,27,LW,D,,Oct-10-2023,2023,10,10,0.221311475,0.347368421,0.15,0.17,0.14,0.14,Allospecific Control,MTHC,5,217,23,31,0.065217391,54,828,T,H,0,1,3,33,153,1,774,4,M,54,163,0.284210526
7941,D34,512434,MT,15:46,103,0,31,152,0,31,LW,D,,Oct-10-2023,2023,10,10,0.300970874,0.302631579,0.14,0.24,0.17,0.23,Conspecific Control,MTTC,5,255,31,23,0.046915725,54,1151,T,T,0,0,3,34,154,1,1097,4,M,62,193,0.203947368
7951,D35,512435,MT,15:47,223,0,99,153,0,99,LW,D,,Oct-10-2023,2023,10,10,0.443946188,0.392156863,0.18,0.2,0.2,0.19,Allospecific Null,MTH0,5,376,11,12,0.030383091,23,757,T,H,1,1,3,35,155,1,734,4,M,198,178,0.647058824
7961,D36,512436,MT,15:48,57,0,31,146,0,31,LW,D,,Oct-10-2023,2023,10,10,0.543859649,0.109589041,0.2,0.18,0.2,0.21,Allospecific Null,MTH0,5,203,26,32,0.111111111,58,522,T,H,1,1,3,36,156,1,464,4,M,62,141,0.212328767
7971,D37,512437,MT,15:49,42,0,22,73,0,22,LW,D,,Oct-10-2023,2023,10,10,0.523809524,0.315068493,0.11,0.21,0.14,0.26,Allospecific Control,MTHC,5,115,23,26,0.118932039,49,412,T,H,0,1,3,37,157,1,363,4,M,44,71,0.301369863
7981,D38,512438,MT,15:50,102,0,31,77,0,31,LW,D,,Oct-10-2023,2023,10,10,0.303921569,0.168831169,0.14,0.17,0.18,0.19,Allospecific Control,MTHC,5,179,22,21,0.039233577,43,1096,T,H,0,1,3,38,158,1,1053,4,M,62,117,0.402597403
7991,D39,512439,MT,15:51,154,0,77,24,0,77,LW,D,,Oct-10-2023,2023,10,10,0.5,0.666666667,0.16,0.23,0.21,0.25,Conspecific Control,MTTC,5,178,15,18,0.027027027,33,1221,T,T,0,0,3,39,159,1,1188,4,M,154,24,0.592307692
8001,D40,512440,MT,15:52,111,0,40,150,0,40,LW,D,,Oct-10-2023,2023,10,10,0.36036036,0.386666667,0.12,0.16,0.13,0.16,Conspecific Null,MTT0,5,261,21,20,0.045758929,41,896,T,T,1,0,3,40,160,1,855,4,M,80,181,0.266666667
8011,A01,612101,SH,08:31,71,0,30,57,0,30,LW,D,,Oct-22-2023,2023,10,22,0.422535211,0.456140351,0.18,0.18,0.17,0.18,Conspecific Null,SHH0,6,128,7,16,0.046843177,23,491,H,H,1,0,0,1,1,1,468,5,S,60,68,0.526315789
8021,A02,612102,SH,08:32,52,0,27,161,0,27,LW,D,,Oct-22-2023,2023,10,22,0.519230769,0.130434783,0.18,0.21,0.16,0.21,Conspecific Control,SHHC,6,213,48,33,0.166666667,81,486,H,H,0,0,0,2,2,1,405,5,S,54,159,0.167701863
8031,A03,612103,SH,08:33,143,0,52,120,0,52,LW,D,,Oct-22-2023,2023,10,22,0.363636364,0.283333333,0.15,0.15,0.15,0.14,Allospecific Control,SHTC,6,263,30,28,0.088280061,58,657,H,T,0,1,0,3,3,1,599,5,S,104,159,0.433333333
8041,A04,612104,SH,08:34,12,0,8,25,0,8,LW,D,,Oct-22-2023,2023,10,22,0.666666667,0.4,0.17,0.23,0.15,0.21,Allospecific Null,SHT0,6,37,10,10,0.026041667,20,768,H,T,1,1,0,4,4,1,748,5,S,16,21,0.32
8051,A05,612105,SH,08:35,44,0,17,54,0,17,LW,D,,Oct-22-2023,2023,10,22,0.386363636,0.481481481,0.18,0.18,0.16,0.18,Allospecific Null,SHT0,6,98,63,47,0.058201058,110,1890,H,T,1,1,0,5,5,1,1780,5,S,34,64,0.314814815
8061,A06,612106,SH,08:36,55,0,8,58,0,8,LW,D,,Oct-22-2023,2023,10,22,0.145454545,0.362068966,0.15,0.17,0.16,0.22,Allospecific Control,SHTC,6,113,13,18,0.04505814,31,688,H,T,0,1,0,6,6,1,657,5,S,16,97,0.137931034
8071,A07,612107,SH,08:37,34,0,19,68,0,19,LW,D,,Oct-22-2023,2023,10,22,0.558823529,0.338235294,0.16,0.18,0.15,0.2,Conspecific Control,SHHC,6,102,55,21,0.053710247,76,1415,H,H,0,0,0,7,7,1,1339,5,S,38,64,0.279411765
8081,A08,612108,SH,08:38,55,0,11,60,0,11,LW,D,,Oct-22-2023,2023,10,22,0.2,0.3,0.17,0.24,0.2,0.23,Conspecific Null,SHH0,6,115,49,38,0.084384093,87,1031,H,H,1,0,0,8,8,1,944,5,S,22,93,0.183333333
8091,A09,612109,SH,08:39,97,0,36,78,0,36,LW,D,,Oct-22-2023,2023,10,22,0.371134021,0.282051282,0.13,0.18,0.17,0.22,Allospecific Control,SHTC,6,175,36,28,0.080503145,64,795,H,T,0,1,0,9,9,1,731,5,S,72,103,0.461538462
8101,A10,612110,SH,08:40,1,0,1,2,0,1,LW,D,,Oct-22-2023,2023,10,22,1,0.5,0.17,0.2,0.15,0.2,Conspecific Null,SHH0,6,3,20,80,1,24,24,H,H,1,0,0,10,10,1,76,5,S,2,1,0.5
8111,A11,612111,SH,08:41,156,0,55,91,0,55,LW,D,,Oct-22-2023,2023,10,22,0.352564103,0.593406593,0.12,0.14,0.12,0.15,Conspecific Control,SHHC,6,247,35,29,0.103727715,64,617,H,H,0,0,0,11,11,1,553,5,S,110,137,0.604395604
8121,A12,612112,SH,08:42,96,0,13,101,0,13,LW,D,,Oct-22-2023,2023,10,22,0.135416667,0.435643564,0.17,0.15,0.17,0.18,Conspecific Null,SHH0,6,197,53,43,0.119551681,96,803,H,H,1,0,0,12,12,1,707,5,S,26,171,0.128712871
8131,A13,612113,SH,08:43,50,0,31,33,0,31,LW,D,,Oct-22-2023,2023,10,22,0.62,0.181818182,0.15,0.2,0.14,0.2,Conspecific Null,SHH0,6,83,13,23,0.053412463,36,674,H,H,1,0,0,13,13,1,638,5,S,62,21,0.939393939
8141,A14,612114,SH,08:44,117,0,46,113,0,46,LW,D,,Oct-22-2023,2023,10,22,0.393162393,0.194690265,0.12,0.14,0.14,0.16,Allospecific Control,SHTC,6,230,30,59,0.112801014,89,789,H,T,0,1,0,14,14,1,700,5,S,92,138,0.407079646
8151,A15,612115,SH,08:45,86,0,23,191,0,23,LW,D,,Oct-22-2023,2023,10,22,0.26744186,0.272251309,0.15,0.15,0.14,0.15,Allospecific Null,SHT0,6,277,49,33,0.138513514,82,592,H,T,1,1,0,15,15,1,510,5,S,46,231,0.120418848
8161,A16,612116,SH,08:46,92,0,40,208,0,40,LW,D,,Oct-22-2023,2023,10,22,0.434782609,0.144230769,0.15,0.16,0.12,0.15,Allospecific Control,SHTC,6,300,19,25,0.071544715,44,615,H,T,0,1,0,16,16,1,571,5,S,80,220,0.192307692
8171,A17,612117,SH,08:47,155,0,28,90,0,28,LW,D,,Oct-22-2023,2023,10,22,0.180645161,0.588888889,0.16,0.16,0.18,0.16,Conspecific Control,SHHC,6,245,22,30,0.096474954,52,539,H,H,0,0,0,17,17,1,487,5,S,56,189,0.311111111
8181,A18,612118,SH,08:48,135,0,54,95,0,54,LW,D,,Oct-22-2023,2023,10,22,0.4,0.494736842,0.12,0.17,0.16,0.15,Conspecific Control,SHHC,6,230,36,38,0.095238095,74,777,H,H,0,0,0,18,18,1,703,5,S,108,122,0.568421053
8191,A19,612119,SH,08:50,175,0,16,123,0,16,LW,D,,Oct-22-2023,2023,10,22,0.091428571,0.276422764,0.13,0.14,0.13,0.11,Allospecific Null,SHT0,6,298,11,12,0.027479092,23,837,H,T,1,1,0,19,19,1,814,5,S,32,266,0.130081301
8201,A20,612120,SH,08:52,46,0,19,55,0,19,LW,D,,Oct-22-2023,2023,10,22,0.413043478,0.309090909,0.13,0.17,0.15,0.17,Allospecific Control,SHTC,6,101,20,14,0.06640625,34,512,H,T,0,1,0,20,20,1,478,5,S,38,63,0.345454545
8211,A21,612121,SH,08:54,143,0,74,103,0,74,LW,D,,Oct-22-2023,2023,10,22,0.517482517,0.281553398,0.16,0.16,0.16,0.16,Conspecific Control,SHHC,6,246,34,43,0.102941176,77,748,H,H,0,0,0,21,21,1,671,5,S,148,98,0.718446602
8221,A22,612122,SH,08:56,148,0,29,121,0,29,LW,D,,Oct-22-2023,2023,10,22,0.195945946,0.214876033,0.16,0.18,0.15,0.2,Conspecific Null,SHH0,6,269,14,21,0.035823951,35,977,H,H,1,0,0,22,22,1,942,5,S,58,211,0.239669421
8231,A23,612123,SH,08:58,74,0,14,53,0,14,LW,D,,Oct-22-2023,2023,10,22,0.189189189,0.320754717,0.16,0.2,0.2,0.24,Conspecific Null,SHH0,6,127,13,13,0.046594982,26,558,H,H,1,0,0,23,23,1,532,5,S,28,99,0.264150943
8241,A24,612124,SH,09:00,95,0,16,59,0,16,LW,D,,Oct-22-2023,2023,10,22,0.168421053,0.254237288,0.13,0.18,0.14,0.18,Allospecific Null,SHT0,6,154,10,6,0.03712297,16,431,H,T,1,1,0,24,24,1,415,5,S,32,122,0.271186441
8251,A25,612125,SH,09:02,48,0,25,54,0,25,LW,D,,Oct-22-2023,2023,10,22,0.520833333,0.462962963,0.12,0.23,0.13,0.21,Allospecific Control,SHTC,6,102,45,54,0.175221239,99,565,H,T,0,1,0,25,25,1,466,5,S,50,52,0.462962963
8261,A26,612126,SH,09:04,109,0,33,161,0,33,LW,D,,Oct-22-2023,2023,10,22,0.302752294,0.540372671,0.16,0.16,0.16,0.17,Conspecific Control,SHHC,6,270,10,34,0.075601375,44,582,H,H,0,0,0,26,26,1,538,5,S,66,204,0.204968944
8271,A27,612127,SH,09:06,199,0,36,271,0,36,LW,D,,Oct-22-2023,2023,10,22,0.180904523,0.140221402,0.17,0.16,0.2,0.18,Allospecific Null,SHT0,6,470,52,35,0.112987013,87,770,H,T,1,1,0,27,27,1,683,5,S,72,398,0.132841328
8281,A28,612128,SH,09:08,144,0,46,130,0,46,LW,D,,Oct-22-2023,2023,10,22,0.319444444,0.330769231,0.12,0.16,0.13,0.19,Conspecific Control,SHHC,6,274,19,51,0.101744186,70,688,H,H,0,0,0,28,28,1,618,5,S,92,182,0.353846154
8291,A29,612129,SH,09:10,93,0,50,119,0,50,LW,D,,Oct-22-2023,2023,10,22,0.537634409,0.361344538,0.12,0.16,0.13,0.15,Conspecific Null,SHH0,6,212,2,7,0.013293944,9,677,H,H,1,0,0,29,29,1,668,5,S,100,112,0.420168067
8301,A30,612130,SH,09:12,28,0,8,37,0,8,LW,D,,Oct-22-2023,2023,10,22,0.285714286,0.297297297,0.14,0.28,0.13,0.19,Conspecific Null,SHH0,6,65,58,148,0.200389105,206,1028,H,H,1,0,0,30,30,1,822,5,S,16,49,0.216216216
8311,A31,612131,SH,09:14,68,0,19,121,0,19,LW,D,,Oct-22-2023,2023,10,22,0.279411765,0.289256198,0.14,0.15,0.14,0.18,Allospecific Null,SHT0,6,189,56,8,0.109777015,64,583,H,T,1,1,0,31,31,1,519,5,S,38,151,0.157024793
8321,A32,612132,SH,09:16,77,0,36,79,0,36,LW,D,,Oct-22-2023,2023,10,22,0.467532468,0.518987342,0.16,0.17,0.13,0.18,Allospecific Null,SHT0,6,156,43,24,0.120503597,67,556,H,T,1,1,0,32,32,1,489,5,S,72,84,0.455696203
8331,A33,612133,SH,09:18,58,0,12,63,0,12,LW,D,,Oct-22-2023,2023,10,22,0.206896552,0.317460317,0.12,0.17,0.14,0.16,Conspecific Control,SHHC,6,121,100,65,0.389150943,165,424,H,H,0,0,0,33,33,1,259,5,S,24,97,0.19047619
8341,A34,612134,SH,09:20,85,0,29,68,0,29,LW,D,,Oct-22-2023,2023,10,22,0.341176471,0.367647059,0.15,0.2,0.14,0.19,Conspecific Control,SHHC,6,153,31,40,0.116776316,71,608,H,H,0,0,0,34,34,1,537,5,S,58,95,0.426470588
8351,A35,612135,SH,09:22,4,0,3,16,0,3,LW,D,,Oct-22-2023,2023,10,22,0.75,0.125,0.14,0.21,0.17,0.2,Allospecific Control,SHTC,6,20,27,47,0.870588235,74,85,H,T,0,1,0,35,35,1,11,5,S,6,14,0.1875
8361,A36,612136,SH,09:24,137,0,50,158,0,50,LW,D,,Oct-22-2023,2023,10,22,0.364963504,0.310126582,0.17,0.13,0.13,0.19,Allospecific Null,SHT0,6,295,63,36,0.173076923,99,572,H,T,1,1,0,36,36,1,473,5,S,100,195,0.316455696
8371,A37,612137,SH,09:26,71,0,17,121,0,17,LW,D,,Oct-22-2023,2023,10,22,0.23943662,0.371900826,0.12,0.12,0.16,0.13,Allospecific Control,SHTC,6,192,50,37,0.141693811,87,614,H,T,0,1,0,37,37,1,527,5,S,34,158,0.140495868
8381,A38,612138,SH,09:28,33,0,24,62,0,24,LW,D,,Oct-22-2023,2023,10,22,0.727272727,0.419354839,0.15,0.15,0.15,0.18,Allospecific Control,SHTC,6,95,6,9,0.02265861,15,662,H,T,0,1,0,38,38,1,647,5,S,48,47,0.387096774
8391,A39,612139,SH,09:30,16,0,7,25,0,7,LW,D,,Oct-22-2023,2023,10,22,0.4375,0.52,0.18,0.22,0.16,0.2,Allospecific Null,SHT0,6,41,0,35,0.055821372,35,627,H,T,1,1,0,39,39,1,592,5,S,14,27,0.28
8401,A40,612140,SH,09:32,57,0,15,43,0,15,LW,D,,Oct-22-2023,2023,10,22,0.263157895,0.186046512,0.17,0.18,0.18,0.2,Conspecific Null,SHH0,6,100,75,21,0.305732484,96,314,H,H,1,0,0,40,40,1,218,5,S,30,70,0.348837209
8411,B01,612201,ST,09:34,87,0,72,61,0,72,LW,D,,Oct-22-2023,2023,10,22,0.827586207,0.37704918,0.16,0.16,0.21,0.16,Conspecific Null,STT0,6,148,8,13,0.03008596,21,698,T,T,1,0,1,1,41,1,677,5,S,144,4,0.86746988
8421,B02,612202,ST,09:36,41,0,14,48,0,14,LW,D,,Oct-22-2023,2023,10,22,0.341463415,0.4375,0.13,0.22,0.12,0.21,Allospecific Control,STHC,6,89,7,17,0.054054054,24,444,T,H,0,1,1,2,42,1,420,5,S,28,61,0.291666667
8431,B03,612203,ST,09:38,167,0,45,176,0,45,LW,D,,Oct-22-2023,2023,10,22,0.269461078,0.232954545,0.12,0.16,0.11,0.17,Allospecific Control,STHC,6,343,17,13,0.05033557,30,596,T,H,0,1,1,3,43,1,566,5,S,90,253,0.255681818
8441,B04,612204,ST,09:40,23,0,14,43,0,14,LW,D,,Oct-22-2023,2023,10,22,0.608695652,0.11627907,0.13,0.17,0.15,0.16,Allospecific Control,STHC,6,66,21,37,0.081575246,58,711,T,H,0,1,1,4,44,1,653,5,S,28,38,0.325581395
8451,B05,612205,ST,09:42,133,0,31,317,0,31,LW,D,,Oct-22-2023,2023,10,22,0.233082707,0.05362776,0.12,0.17,0.12,0.16,Allospecific Control,STHC,6,450,49,34,0.144097222,83,576,T,H,0,1,1,5,45,1,493,5,S,62,388,0.097791798
8461,B06,612206,ST,09:44,159,0,23,111,0,23,LW,D,,Oct-22-2023,2023,10,22,0.144654088,0.351351351,0.12,0.17,0.13,0.2,Allospecific Control,STHC,6,270,35,39,0.089805825,74,824,T,H,0,1,1,6,46,1,750,5,S,46,224,0.207207207
8471,B07,612207,ST,09:46,113,0,52,144,0,52,LW,D,,Oct-22-2023,2023,10,22,0.460176991,0.118055556,0.13,0.16,0.12,0.14,Conspecific Control,STTC,6,257,36,31,0.080820265,67,829,T,T,0,0,1,7,47,1,762,5,S,104,153,0.361111111
8481,B08,612208,ST,09:48,29,0,9,68,0,9,LW,D,,Oct-22-2023,2023,10,22,0.310344828,0.367647059,0.14,0.21,0.16,0.19,Conspecific Control,STTC,6,97,28,65,0.245382586,93,379,T,T,0,0,1,8,48,1,286,5,S,18,79,0.132352941
8491,B09,612209,ST,09:50,44,0,11,80,0,11,LW,D,,Oct-22-2023,2023,10,22,0.25,0.15,0.14,0.18,0.14,0.2,Conspecific Null,STT0,6,124,17,14,0.036904762,31,840,T,T,1,0,1,9,49,1,809,5,S,22,102,0.1375
8501,B10,612210,ST,09:52,103,0,46,102,0,46,LW,D,,Oct-22-2023,2023,10,22,0.446601942,0.460784314,0.14,0.23,0.18,0.22,Conspecific Control,STTC,6,205,14,14,0.061403509,28,456,T,T,0,0,1,10,50,1,428,5,S,92,113,0.450980392
8511,B11,612211,ST,09:54,96,0,30,155,0,30,LW,D,,Oct-22-2023,2023,10,22,0.3125,0.477419355,0.14,0.2,0.15,0.21,Allospecific Control,STHC,6,251,21,30,0.056043956,51,910,T,H,0,1,1,11,51,1,859,5,S,60,191,0.193548387
8521,B12,612212,ST,09:56,71,0,11,61,0,11,LW,D,,Oct-22-2023,2023,10,22,0.154929577,0.229508197,0.12,0.17,0.11,0.15,Allospecific Null,STH0,6,132,16,19,0.044871795,35,780,T,H,1,1,1,12,52,1,745,5,S,22,110,0.180327869
8531,B13,612213,ST,09:58,31,0,7,21,0,7,LW,D,,Oct-22-2023,2023,10,22,0.225806452,0.285714286,0.14,0.18,0.12,0.2,Conspecific Null,STT0,6,52,23,31,0.048780488,54,1107,T,T,1,0,1,13,53,1,1053,5,S,14,38,0.333333333
8541,B14,612214,ST,10:00,72,0,16,36,0,16,LW,D,,Oct-22-2023,2023,10,22,0.222222222,0.5,0.13,0.22,0.14,0.2,Conspecific Null,STT0,6,108,35,25,0.088757396,60,676,T,T,1,0,1,14,54,1,616,5,S,32,76,0.444444444
8551,B15,612215,ST,10:02,41,0,13,34,0,13,LW,D,,Oct-22-2023,2023,10,22,0.317073171,0.323529412,0.12,0.21,0.12,0.21,Allospecific Control,STHC,6,75,66,63,0.179166667,129,720,T,H,0,1,1,15,55,1,591,5,S,26,49,0.382352941
8561,B16,612216,ST,10:04,50,0,9,143,0,9,LW,D,,Oct-22-2023,2023,10,22,0.18,0.181818182,0.13,0.16,0.18,0.23,Conspecific Null,STT0,6,193,25,38,0.07875,63,800,T,T,1,0,1,16,56,1,737,5,S,18,175,0.062937063
8571,B17,612217,ST,10:06,130,0,27,145,0,27,LW,D,,Oct-22-2023,2023,10,22,0.207692308,0.413793103,0.12,0.16,0.16,0.19,Conspecific Control,STTC,6,275,36,38,0.135283364,74,547,T,T,0,0,1,17,57,1,473,5,S,54,221,0.186206897
8581,B18,612218,ST,10:08,133,0,25,207,0,25,LW,D,,Oct-22-2023,2023,10,22,0.187969925,0.299516908,0.12,0.18,0.14,0.16,Conspecific Null,STT0,6,340,36,62,0.103049422,98,951,T,T,1,0,1,18,58,1,853,5,S,50,290,0.120772947
8591,B19,612219,ST,10:10,28,0,6,10,0,6,LW,D,,Oct-22-2023,2023,10,22,0.214285714,0.3,0.13,0.19,0.13,0.2,Conspecific Control,STTC,6,38,22,29,0.086294416,51,591,T,T,0,0,1,19,59,1,540,5,S,12,26,0.6
8601,B20,612220,ST,10:12,39,0,3,89,0,3,LW,D,,Oct-22-2023,2023,10,22,0.076923077,0.157303371,0.13,0.22,0.15,0.23,Allospecific Null,STH0,6,128,6,7,0.027196653,13,478,T,H,1,1,1,20,60,1,465,5,S,6,122,0.033707865
8611,B21,612221,ST,10:14,75,0,26,141,0,26,LW,D,,Oct-22-2023,2023,10,22,0.346666667,0.14893617,0.14,0.23,0.15,0.23,Conspecific Control,STTC,6,216,6,9,0.028248588,15,531,T,T,0,0,1,21,61,1,516,5,S,52,164,0.184397163
8621,B22,612222,ST,10:16,131,0,27,186,0,27,LW,D,,Oct-22-2023,2023,10,22,0.20610687,0.268817204,0.15,0.26,0.16,0.23,Conspecific Control,STTC,6,317,12,10,0.030683403,22,717,T,T,0,0,1,22,62,1,695,5,S,54,263,0.14516129
8631,B23,612223,ST,10:18,106,0,58,100,0,58,LW,D,,Oct-22-2023,2023,10,22,0.547169811,0.34,0.12,0.18,0.13,0.17,Allospecific Null,STH0,6,206,22,19,0.061746988,41,664,T,H,1,1,1,23,63,1,623,5,S,116,90,0.58
8641,B24,612224,ST,10:20,48,0,6,94,0,6,LW,D,,Oct-22-2023,2023,10,22,0.125,0.212765957,0.12,0.22,0.15,0.2,Allospecific Null,STH0,6,142,28,18,0.195744681,46,235,T,H,1,1,1,24,64,1,189,5,S,12,130,0.063829787
8651,B25,612225,ST,10:22,166,0,54,170,0,54,LW,D,,Oct-22-2023,2023,10,22,0.325301205,0.358823529,0.12,0.18,0.12,0.19,Allospecific Null,STH0,6,336,4,14,0.024759285,18,727,T,H,1,1,1,25,65,1,709,5,S,108,228,0.317647059
8661,B26,612226,ST,10:24,22,0,6,13,0,6,LW,D,,Oct-22-2023,2023,10,22,0.272727273,0.307692308,0.12,0.2,0.12,0.2,Conspecific Null,STT0,6,35,15,13,0.037837838,28,740,T,T,1,0,1,26,66,1,712,5,S,12,23,0.461538462
8671,B27,612227,ST,10:26,71,0,13,36,0,13,LW,D,,Oct-22-2023,2023,10,22,0.183098592,0.416666667,0.11,0.18,0.15,0.18,Allospecific Control,STHC,6,107,12,10,0.052884615,22,416,T,H,0,1,1,27,67,1,394,5,S,26,81,0.361111111
8681,B28,612228,ST,10:28,88,0,33,34,0,33,LW,D,,Oct-22-2023,2023,10,22,0.375,0.411764706,0.13,0.17,0.14,0.19,Allospecific Null,STH0,6,122,22,35,0.082132565,57,694,T,H,1,1,1,28,68,1,637,5,S,66,56,0.970588235
8691,B29,612229,ST,10:30,0,0,0,0,0,0,LW,D,,Oct-22-2023,2023,10,22,0,0,0,0,0,0,Allospecific Null,STH0,6,0,0,0,#DIV/0!,0,0,T,H,1,1,1,29,69,1,0,5,S,0,0,0
8701,B30,612230,ST,10:32,4,0,3,37,0,3,LW,D,,Oct-22-2023,2023,10,22,0.75,0.378378378,0.16,0.18,0.16,0.19,Conspecific Null,STT0,6,41,14,13,0.035064935,27,770,T,T,1,0,1,30,70,1,743,5,S,6,35,0.081081081
8711,B31,612231,ST,10:34,29,0,18,29,0,18,LW,D,,Oct-22-2023,2023,10,22,0.620689655,0.24137931,0.18,0.16,0.15,0.19,Conspecific Null,STT0,6,58,20,16,0.080717489,36,446,T,T,1,0,1,31,71,1,410,5,S,36,22,0.620689655
8721,B32,612232,ST,10:36,35,0,10,20,0,10,LW,D,,Oct-22-2023,2023,10,22,0.285714286,0.4,0.12,0.15,0.11,0.16,Allospecific Null,STH0,6,55,6,4,0.018181818,10,550,T,H,1,1,1,32,72,1,540,5,S,20,35,0.5
8731,B33,612233,ST,10:38,65,0,27,27,0,27,LW,D,,Oct-22-2023,2023,10,22,0.415384615,0.148148148,0.12,0.24,0.16,0.2,Conspecific Control,STTC,6,92,10,10,0.026666667,20,750,T,T,0,0,1,33,73,1,730,5,S,54,38,1
8741,B34,612234,ST,10:40,112,0,35,110,0,35,LW,D,,Oct-22-2023,2023,10,22,0.3125,0.390909091,0.13,0.23,0.12,0.19,Allospecific Control,STHC,6,222,29,11,0.082135524,40,487,T,H,0,1,1,34,74,1,447,5,S,70,152,0.318181818
8751,B35,612235,ST,10:42,139,0,38,115,0,38,LW,D,,Oct-22-2023,2023,10,22,0.273381295,0.417391304,0.12,0.15,0.12,0.18,Allospecific Control,STHC,6,254,47,34,0.15,81,540,T,H,0,1,1,35,75,1,459,5,S,76,178,0.330434783
8761,B36,612236,ST,10:44,58,0,27,139,0,27,LW,D,,Oct-22-2023,2023,10,22,0.465517241,0.388489209,0.12,0.21,0.12,0.19,Conspecific Control,STTC,6,197,29,20,0.05785124,49,847,T,T,0,0,1,36,76,1,798,5,S,54,143,0.194244604
8771,B37,612237,ST,10:46,160,0,46,79,0,46,LW,D,,Oct-22-2023,2023,10,22,0.2875,0.772151899,0.12,0.14,0.11,0.15,Conspecific Null,STT0,6,239,14,9,0.024185068,23,951,T,T,1,0,1,37,77,1,928,5,S,92,147,0.582278481
8781,B38,612238,ST,10:48,103,0,27,234,0,27,LW,D,,Oct-22-2023,2023,10,22,0.262135922,0.277777778,0.15,0.16,0.16,0.16,Conspecific Control,STTC,6,337,6,11,0.021223471,17,801,T,T,0,0,1,38,78,1,784,5,S,54,283,0.115384615
8791,B39,612239,ST,10:50,108,0,60,63,0,60,LW,D,,Oct-22-2023,2023,10,22,0.555555556,0.46031746,0.14,0.2,0.16,0.19,Allospecific Null,STH0,6,171,23,18,0.066450567,41,617,T,H,1,1,1,39,79,1,576,5,S,120,51,0.952380952
8801,B40,612240,ST,10:52,62,0,32,52,0,32,LW,D,,Oct-22-2023,2023,10,22,0.516129032,0.442307692,0.15,0.17,0.12,0.17,Allospecific Null,STH0,6,114,5,8,0.012369172,13,1051,T,H,1,1,1,40,80,1,1038,5,S,64,50,0.615384615
8811,C01,612301,MH,10:54,83,0,26,89,0,26,LW,D,,Oct-22-2023,2023,10,22,0.313253012,0.651685393,0.12,0.15,0.17,0.16,Allospecific Null,MHT0,6,172,11,15,0.045138889,26,576,H,T,1,1,2,1,81,1,550,5,M,52,120,0.292134831
8821,C02,612302,MH,10:56,161,0,61,206,0,61,LW,D,,Oct-22-2023,2023,10,22,0.378881988,0.291262136,0.14,0.15,0.15,0.19,Allospecific Control,MHTC,6,367,10,14,0.036809816,24,652,H,T,0,1,2,2,82,1,628,5,M,122,245,0.296116505
8831,C03,612303,MH,10:58,250,0,119,76,0,119,LW,D,,Oct-22-2023,2023,10,22,0.476,0.381578947,0.12,0.17,0.15,0.18,Conspecific Control,MHHC,6,326,9,14,0.063013699,23,365,H,H,0,0,2,3,83,1,342,5,M,238,88,0.734567901
8841,C04,612304,MH,11:00,150,0,70,108,0,70,LW,D,,Oct-22-2023,2023,10,22,0.466666667,0.25,0.15,0.15,0.14,0.17,Allospecific Null,MHT0,6,258,19,30,0.114754098,49,427,H,T,1,1,2,4,84,1,378,5,M,140,118,0.648148148
8851,C05,612305,MH,11:02,55,0,15,35,0,15,LW,D,,Oct-22-2023,2023,10,22,0.272727273,0.257142857,0.13,0.15,0.15,0.16,Conspecific Control,MHHC,6,90,9,14,0.046277666,23,497,H,H,0,0,2,5,85,1,474,5,M,30,60,0.428571429
8861,C06,612306,MH,11:04,131,0,64,96,0,64,LW,D,,Oct-22-2023,2023,10,22,0.488549618,0.354166667,0.15,0.17,0.19,0.2,Allospecific Null,MHT0,6,227,28,26,0.110655738,54,488,H,T,1,1,2,6,86,1,434,5,M,128,99,0.666666667
8871,C07,612307,MH,11:06,124,0,63,68,0,63,LW,D,,Oct-22-2023,2023,10,22,0.508064516,0.308823529,0.12,0.15,0.16,0.18,Allospecific Control,MHTC,6,192,5,6,0.013941698,11,789,H,T,0,1,2,7,87,1,778,5,M,126,66,0.926470588
8881,C08,612308,MH,11:08,98,0,33,32,0,33,LW,D,,Oct-22-2023,2023,10,22,0.336734694,0.15625,0.13,0.15,0.12,0.14,Conspecific Null,MHH0,6,130,36,31,0.064176245,67,1044,H,H,1,0,2,8,88,1,977,5,M,66,64,0.970588235
8891,C09,612309,MH,11:10,168,0,66,198,0,66,LW,D,,Oct-22-2023,2023,10,22,0.392857143,0.156565657,0.14,0.14,0.16,0.17,Conspecific Control,MHHC,6,366,8,9,0.015711645,17,1082,H,H,0,0,2,9,89,1,1065,5,M,132,234,0.333333333
8901,C10,612310,MH,11:12,175,0,97,160,0,97,LW,D,,Oct-22-2023,2023,10,22,0.554285714,0.21875,0.13,0.14,0.17,0.16,Allospecific Control,MHTC,6,335,2,2,0.006666667,4,600,H,T,0,1,2,10,90,1,596,5,M,194,141,0.60625
8911,C11,612311,MH,11:14,258,0,68,67,0,68,LW,D,,Oct-22-2023,2023,10,22,0.263565891,0.597014925,0.12,0.17,0.2,0.2,Allospecific Null,MHT0,6,325,26,27,0.089830508,53,590,H,T,1,1,2,11,91,1,537,5,M,136,189,0.985507246
8921,C12,612312,MH,11:16,221,0,61,88,0,61,LW,D,,Oct-22-2023,2023,10,22,0.2760181,0.318181818,0.12,0.22,0.17,0.19,Conspecific Null,MHH0,6,309,26,23,0.035125448,49,1395,H,H,1,0,2,12,92,1,1346,5,M,122,187,0.693181818
8931,C13,612313,MH,11:18,53,0,14,8,0,14,LW,D,,Oct-22-2023,2023,10,22,0.264150943,0.125,0.12,0.19,0.15,0.2,Conspecific Control,MHHC,6,61,26,32,0.078484438,58,739,H,H,0,0,2,13,93,1,681,5,M,28,33,0.7
8941,C14,612314,MH,11:20,196,0,58,76,0,58,LW,D,,Oct-22-2023,2023,10,22,0.295918367,0.289473684,0.15,0.15,0.18,0.18,Conspecific Control,MHHC,6,272,50,45,0.162671233,95,584,H,H,0,0,2,14,94,1,489,5,M,116,156,0.763157895
8951,C15,612315,MH,11:22,216,0,46,113,0,46,LW,D,,Oct-22-2023,2023,10,22,0.212962963,0.362831858,0.14,0.16,0.17,0.17,Conspecific Null,MHH0,6,329,28,30,0.078697422,58,737,H,H,1,0,2,15,95,1,679,5,M,92,237,0.407079646
8961,C16,612316,MH,11:24,140,0,70,33,0,70,LW,D,,Oct-22-2023,2023,10,22,0.5,0.303030303,0.12,0.18,0.17,0.19,Conspecific Null,MHH0,6,173,14,22,0.080717489,36,446,H,H,1,0,2,16,96,1,410,5,M,140,33,0.654205607
8971,C17,612317,MH,11:26,209,0,101,124,0,101,LW,D,,Oct-22-2023,2023,10,22,0.483253589,0.564516129,0.15,0.17,0.2,0.2,Allospecific Null,MHT0,6,333,16,15,0.047546012,31,652,H,T,1,1,2,17,97,1,621,5,M,202,131,0.814516129
8981,C18,612318,MH,11:28,172,0,43,110,0,43,LW,D,,Oct-22-2023,2023,10,22,0.25,0.554545455,0.13,0.21,0.19,0.19,Conspecific Null,MHH0,6,282,43,43,0.115127175,86,747,H,H,1,0,2,18,98,1,661,5,M,86,196,0.390909091
8991,C19,612319,MH,11:30,57,0,15,16,0,15,LW,D,,Oct-22-2023,2023,10,22,0.263157895,0.3125,0.14,0.19,0.18,0.21,Allospecific Null,MHT0,6,73,32,26,0.079561043,58,729,H,T,1,1,2,19,99,1,671,5,M,30,43,0.9375
9001,C20,612320,MH,11:32,114,0,33,90,0,33,LW,D,,Oct-22-2023,2023,10,22,0.289473684,0.211111111,0.15,0.23,0.19,0.22,Conspecific Null,MHH0,6,204,12,15,0.019794721,27,1364,H,H,1,0,2,20,100,1,1337,5,M,66,138,0.366666667
9011,C21,612321,MH,11:34,130,0,23,51,0,23,LW,D,,Oct-22-2023,2023,10,22,0.176923077,0.470588235,0.14,0.19,0.18,0.2,Conspecific Null,MHH0,6,181,12,14,0.022108844,26,1176,H,H,1,0,2,21,101,1,1150,5,M,46,135,0.450980392
9021,C22,612322,MH,11:36,110,0,33,49,0,33,LW,D,,Oct-22-2023,2023,10,22,0.3,0.040816327,0.14,0.22,0.19,0.18,Conspecific Control,MHHC,6,159,15,16,0.045925926,31,675,H,H,0,0,2,22,102,1,644,5,M,66,93,0.673469388
9031,C23,612323,MH,11:38,213,0,48,184,0,48,LW,D,,Oct-22-2023,2023,10,22,0.225352113,0.157608696,0.14,0.18,0.15,0.18,Allospecific Null,MHT0,6,397,7,9,0.017977528,16,890,H,T,1,1,2,23,103,1,874,5,M,96,301,0.260869565
9041,C24,612324,MH,11:40,210,0,64,209,0,64,LW,D,,Oct-22-2023,2023,10,22,0.304761905,0.167464115,0.12,0.18,0.2,0.18,Allospecific Null,MHT0,6,419,4,3,0.023026316,7,304,H,T,1,1,2,24,104,1,297,5,M,128,291,0.306220096
9051,C25,612325,MH,11:42,163,0,47,64,0,47,LW,D,,Oct-22-2023,2023,10,22,0.288343558,0.5,0.13,0.16,0.18,0.17,Conspecific Control,MHHC,6,227,8,10,0.039735099,18,453,H,H,0,0,2,25,105,1,435,5,M,94,133,0.734375
9061,C26,612326,MH,11:44,107,0,33,92,0,33,LW,D,,Oct-22-2023,2023,10,22,0.308411215,0.760869565,0.12,0.15,0.18,0.17,Conspecific Null,MHH0,6,199,10,14,0.049180328,24,488,H,H,1,0,2,26,106,1,464,5,M,66,133,0.358695652
9071,C27,612327,MH,12:34,35,0,13,13,0,13,LW,D,,Oct-22-2023,2023,10,22,0.371428571,0.461538462,0.14,0.18,0.14,0.16,Allospecific Null,MHT0,6,48,10,8,0.028571429,18,630,H,T,1,1,2,27,107,1,612,5,M,26,22,1
9081,C28,612328,MH,12:35,98,0,37,57,0,37,LW,D,,Oct-22-2023,2023,10,22,0.37755102,0.210526316,0.15,0.18,0.16,0.18,Allospecific Control,MHTC,6,155,6,8,0.025735294,14,544,H,T,0,1,2,28,108,1,530,5,M,74,81,0.649122807
9091,C29,612329,MH,12:36,147,0,28,69,0,28,LW,D,,Oct-22-2023,2023,10,22,0.19047619,0.144927536,0.14,0.17,0.15,0.18,Conspecific Control,MHHC,6,216,36,31,0.084702908,67,791,H,H,0,0,2,29,109,1,724,5,M,56,160,0.405797101
9101,C30,612330,MH,12:37,172,0,55,139,0,55,LW,D,,Oct-22-2023,2023,10,22,0.319767442,0.26618705,0.12,0.18,0.14,0.18,Allospecific Control,MHTC,6,311,6,8,0.021840874,14,641,H,T,0,1,2,30,110,1,627,5,M,110,201,0.395683453
9111,C31,612331,MH,12:38,160,0,58,89,0,58,LW,D,,Oct-22-2023,2023,10,22,0.3625,0.191011236,0.18,0.22,0.18,0.23,Conspecific Control,MHHC,6,249,5,6,0.016200295,11,679,H,H,0,0,2,31,111,1,668,5,M,116,133,0.651685393
9121,C32,612332,MH,12:39,101,0,17,245,0,17,LW,D,,Oct-22-2023,2023,10,22,0.168316832,0.13877551,0.12,0.14,0.15,0.14,Conspecific Null,MHH0,6,346,25,27,0.112554113,52,462,H,H,1,0,2,32,112,1,410,5,M,34,312,0.069387755
9131,C33,612333,MH,12:40,228,0,22,46,0,22,LW,D,,Oct-22-2023,2023,10,22,0.096491228,0.347826087,0.15,0.14,0.14,0.16,Allospecific Control,MHTC,6,274,15,15,0.050167224,30,598,H,T,0,1,2,33,113,1,568,5,M,44,230,0.47826087
9141,C34,612334,MH,12:41,82,0,24,103,0,24,LW,D,,Oct-22-2023,2023,10,22,0.292682927,0.378640777,0.12,0.17,0.14,0.16,Allospecific Control,MHTC,6,185,21,31,0.126829268,52,410,H,T,0,1,2,34,114,1,358,5,M,48,137,0.233009709
9151,C35,612335,MH,12:42,153,0,45,109,0,45,LW,D,,Oct-22-2023,2023,10,22,0.294117647,0.293577982,0.15,0.15,0.18,0.16,Allospecific Null,MHT0,6,262,1,1,0.002721088,2,735,H,T,1,1,2,35,115,1,733,5,M,90,172,0.412844037
9161,C36,612336,MH,12:43,214,0,49,127,0,49,LW,D,,Oct-22-2023,2023,10,22,0.228971963,0.362204724,0.16,0.17,0.2,0.17,Allospecific Control,MHTC,6,341,34,40,0.097496706,74,759,H,T,0,1,2,36,116,1,685,5,M,98,243,0.385826772
9171,C37,612337,MH,12:44,78,0,12,186,0,12,LW,D,,Oct-22-2023,2023,10,22,0.153846154,0.091397849,0.13,0.17,0.16,0.21,Conspecific Control,MHHC,6,264,4,5,0.012931034,9,696,H,H,0,0,2,37,117,1,687,5,M,24,240,0.064516129
9181,C38,612338,MH,12:45,149,0,41,148,0,41,LW,D,,Oct-22-2023,2023,10,22,0.275167785,0.432432432,0.13,0.16,0.2,0.19,Conspecific Null,MHH0,6,297,23,25,0.081494058,48,589,H,H,1,0,2,38,118,1,541,5,M,82,215,0.277027027
9191,C39,612339,MH,12:46,161,0,58,124,0,58,LW,D,,Oct-22-2023,2023,10,22,0.360248447,0.540322581,0.15,0.2,0.14,0.18,Allospecific Control,MHTC,6,285,54,44,0.178832117,98,548,H,T,0,1,2,39,119,1,450,5,M,116,169,0.467741935
9201,C40,612340,MH,12:47,100,0,21,54,0,21,LW,D,,Oct-22-2023,2023,10,22,0.21,0.5,0.15,0.18,0.21,0.22,Allospecific Control,MHTC,6,154,26,22,0.282352941,48,170,H,T,0,1,2,40,120,1,122,5,M,42,112,0.388888889
9211,D01,612401,MT,12:48,213,0,17,78,0,17,LW,D,,Oct-22-2023,2023,10,22,0.079812207,0.705128205,0.18,0.19,0.17,0.19,Conspecific Null,MTT0,6,291,20,27,0.160409556,47,293,T,T,1,0,3,1,121,1,246,5,M,34,257,0.217948718
9221,D02,612402,MT,12:49,10,0,7,3,0,7,LW,D,,Oct-22-2023,2023,10,22,0.7,0.333333333,0.17,0.18,0.2,0.23,Conspecific Null,MTT0,6,13,31,36,1,32,32,T,T,1,0,3,2,122,1,35,5,M,14,-1,0.636363636
9231,D03,612403,MT,12:50,23,0,2,34,0,2,LW,D,,Oct-22-2023,2023,10,22,0.086956522,0.176470588,0.16,0.2,0.17,0.2,Conspecific Control,MTTC,6,57,12,9,0.033018868,21,636,T,T,0,0,3,3,123,1,615,5,M,4,53,0.058823529
9241,D04,612404,MT,12:51,84,0,11,25,0,11,LW,D,,Oct-22-2023,2023,10,22,0.130952381,0.76,0.17,0.22,0.2,0.16,Allospecific Null,MTH0,6,109,28,40,0.128787879,68,528,T,H,1,1,3,4,124,1,460,5,M,22,87,0.44
9251,D05,612405,MT,12:52,115,0,62,111,0,62,LW,D,,Oct-22-2023,2023,10,22,0.539130435,0.342342342,0.15,0.18,0.17,0.22,Conspecific Null,MTT0,6,226,23,17,0.167364017,40,239,T,T,1,0,3,5,125,1,199,5,M,124,102,0.558558559
9261,D06,612406,MT,12:53,104,0,22,94,0,22,LW,D,,Oct-22-2023,2023,10,22,0.211538462,0.287234043,0.17,0.19,0.2,0.21,Conspecific Control,MTTC,6,198,11,10,0.100478469,21,209,T,T,0,0,3,6,126,1,188,5,M,44,154,0.234042553
9271,D07,612407,MT,12:54,145,0,29,35,0,29,LW,D,,Oct-22-2023,2023,10,22,0.2,0.571428571,0.15,0.21,0.13,0.2,Allospecific Control,MTHC,6,180,29,31,0.361445783,60,166,T,H,0,1,3,7,127,1,106,5,M,58,122,0.828571429
9281,D08,612408,MT,12:55,290,0,47,243,0,47,LW,D,,Oct-22-2023,2023,10,22,0.162068966,0.21399177,0.19,0.22,0.23,0.23,Conspecific Null,MTT0,6,533,16,18,0.058823529,34,578,T,T,1,0,3,8,128,1,544,5,M,94,439,0.193415638
9291,D09,612409,MT,12:56,221,0,95,167,0,95,LW,D,,Oct-22-2023,2023,10,22,0.429864253,0.341317365,0.16,0.21,0.15,0.22,Conspecific Control,MTTC,6,388,60,61,0.294403893,121,411,T,T,0,0,3,9,129,1,290,5,M,190,198,0.568862275
9301,D10,612410,MT,12:57,94,0,16,43,0,16,LW,D,,Oct-22-2023,2023,10,22,0.170212766,0.488372093,0.18,0.21,0.2,0.23,Allospecific Control,MTHC,6,137,48,47,0.376984127,95,252,T,H,0,1,3,10,130,1,157,5,M,32,105,0.372093023
9311,D11,612411,MT,12:58,167,0,62,83,0,62,LW,D,,Oct-22-2023,2023,10,22,0.371257485,0.277108434,0.13,0.21,0.16,0.2,Conspecific Control,MTTC,6,250,35,32,0.345360825,67,194,T,T,0,0,3,11,131,1,127,5,M,124,126,0.746987952
9321,D24,612424,MT,12:59,13,0,3,8,0,3,LW,D,,Oct-22-2023,2023,10,22,0.230769231,0.875,0.19,0.23,0.22,0.2,Conspecific Null,MTT0,6,21,34,24,0.125813449,58,461,T,T,1,0,3,24,144,1,403,5,M,6,15,0.375
9331,D13,612413,MT,13:00,98,0,61,100,0,61,LW,D,,Oct-22-2023,2023,10,22,0.62244898,0.42,0.13,0.2,0.13,0.19,Allospecific Null,MTH0,6,198,52,24,0.575757576,76,132,T,H,1,1,3,13,133,1,56,5,M,122,76,0.61
9341,D14,612414,MT,13:01,221,0,14,292,0,14,LW,D,,Oct-22-2023,2023,10,22,0.063348416,0.22260274,0.17,0.19,0.2,0.23,Conspecific Control,MTTC,6,513,20,30,0.099009901,50,505,T,T,0,0,3,14,134,1,455,5,M,28,485,0.047945205
9351,D15,612415,MT,13:02,123,0,61,101,0,61,LW,D,,Oct-22-2023,2023,10,22,0.495934959,0.504950495,0.18,0.22,0.16,0.2,Allospecific Null,MTH0,6,224,17,22,0.094890511,39,411,T,H,1,1,3,15,135,1,372,5,M,122,102,0.603960396
9361,D16,612416,MT,13:03,65,0,16,50,0,16,LW,D,,Oct-22-2023,2023,10,22,0.246153846,0.2,0.18,0.24,0.24,0.27,Allospecific Control,MTHC,6,115,47,37,0.180257511,84,466,T,H,0,1,3,16,136,1,382,5,M,32,83,0.32
9371,D17,612417,MT,13:04,119,0,48,149,0,48,LW,D,,Oct-22-2023,2023,10,22,0.403361345,0.288590604,0.18,0.2,0.17,0.2,Allospecific Control,MTHC,6,268,8,15,0.094650206,23,243,T,H,0,1,3,17,137,1,220,5,M,96,172,0.322147651
9381,D18,612418,MT,13:05,39,0,12,51,0,12,LW,D,,Oct-22-2023,2023,10,22,0.307692308,0.607843137,0.16,0.18,0.15,0.23,Allospecific Null,MTH0,6,90,25,33,0.295918367,58,196,T,H,1,1,3,18,138,1,138,5,M,24,66,0.235294118
9391,D19,612419,MT,13:06,44,0,24,42,0,24,LW,D,,Oct-22-2023,2023,10,22,0.545454545,0.452380952,0.16,0.15,0.17,0.16,Allospecific Null,MTH0,6,86,4,6,0.030769231,10,325,T,H,1,1,3,19,139,1,315,5,M,48,38,0.571428571
9401,D20,612420,MT,13:07,66,0,24,20,0,24,LW,D,,Oct-22-2023,2023,10,22,0.363636364,0.15,0.14,0.22,0.16,0.18,Conspecific Control,MTTC,6,86,52,42,0.364341085,94,258,T,T,0,0,3,20,140,1,164,5,M,48,38,0.857142857
9411,D21,612421,MT,13:07,81,0,16,101,0,16,LW,D,,Oct-22-2023,2023,10,22,0.197530864,0.118811881,0.16,0.23,0.16,0.26,Conspecific Null,MTT0,6,182,22,18,0.065359477,40,612,T,T,1,0,3,21,141,1,572,5,M,32,150,0.158415842
9421,D22,612422,MT,13:07,108,0,30,147,0,30,LW,D,,Oct-22-2023,2023,10,22,0.277777778,0.333333333,0.19,0.21,0.2,0.24,Allospecific Control,MTHC,6,255,11,19,0.051369863,30,584,T,H,0,1,3,22,142,1,554,5,M,60,195,0.204081633
9431,D23,612423,MT,14:20,105,0,47,21,0,47,LW,D,,Oct-22-2023,2023,10,22,0.447619048,0.380952381,0.18,0.19,0.2,0.2,Allospecific Null,MTH0,6,126,3,6,0.058823529,9,153,T,H,1,1,3,23,143,1,144,5,M,94,32,0.643835616
9441,D24,612424,MT,14:00,16,0,5,14,0,5,LW,D,,Oct-22-2023,2023,10,22,0.3125,0.357142857,0.18,0.18,0.2,0.22,Conspecific Null,MTT0,6,30,14,13,0.310344828,27,87,T,T,1,0,3,24,144,1,60,5,M,10,20,0.357142857
9451,D25,612425,MT,14:01,251,0,41,103,0,41,LW,D,,Oct-22-2023,2023,10,22,0.163346614,0.59223301,0.15,0.22,0.16,0.21,Conspecific Control,MTTC,6,354,9,15,0.032085561,24,748,T,T,0,0,3,25,145,1,724,5,M,82,272,0.398058252
9461,D26,612426,MT,14:02,253,0,52,256,0,52,LW,D,,Oct-22-2023,2023,10,22,0.205533597,0.09375,0.16,0.19,0.15,0.18,Conspecific Control,MTTC,6,509,18,19,0.039153439,37,945,T,T,0,0,3,26,146,1,908,5,M,104,405,0.203125
9471,D27,612427,MT,14:03,69,0,25,55,0,25,LW,D,,Oct-22-2023,2023,10,22,0.362318841,0.345454545,0.17,0.26,0.17,0.22,Allospecific Control,MTHC,6,124,14,22,0.135849057,36,265,T,H,0,1,3,27,147,1,229,5,M,50,74,0.454545455
9481,D28,612428,MT,14:04,97,0,54,41,0,54,LW,D,,Oct-22-2023,2023,10,22,0.556701031,0.43902439,0.15,0.23,0.18,0.22,Allospecific Control,MTHC,6,138,11,37,0.216216216,48,222,T,H,0,1,3,28,148,1,174,5,M,108,30,0.805970149
9491,D29,612429,MT,14:05,59,0,21,20,0,21,LW,D,,Oct-22-2023,2023,10,22,0.355932203,0.35,0.19,0.16,0.16,0.2,Conspecific Null,MTT0,6,79,12,11,0.069069069,23,333,T,T,1,0,3,29,149,1,310,5,M,42,37,0.954545455
9501,D30,612430,MT,14:06,42,0,42,69,0,42,LW,D,,Oct-22-2023,2023,10,22,1,0.391304348,0.16,0.16,0.15,0.24,Allospecific Null,MTH0,6,111,41,29,0.305676856,70,229,T,H,1,1,3,30,150,1,159,5,M,84,27,0.608695652
9511,D31,612431,MT,14:07,52,0,38,108,0,38,LW,D,,Oct-22-2023,2023,10,22,0.730769231,0.240740741,0.16,0.24,0.15,0.19,Allospecific Null,MTH0,6,160,12,19,0.071759259,31,432,T,H,1,1,3,31,151,1,401,5,M,76,84,0.351851852
9521,D32,612432,MT,14:08,114,0,32,220,0,32,LW,D,,Oct-22-2023,2023,10,22,0.280701754,0.272727273,0.2,0.19,0.23,0.14,Conspecific Null,MTT0,6,334,29,14,0.134796238,43,319,T,T,1,0,3,32,152,1,276,5,M,64,270,0.145454545
9531,D33,612433,MT,14:09,130,0,30,88,0,30,LW,D,,Oct-22-2023,2023,10,22,0.230769231,0.284090909,0.14,0.18,0.14,0.15,Allospecific Control,MTHC,6,218,28,13,0.077798861,41,527,T,H,0,1,3,33,153,1,486,5,M,60,158,0.340909091
9541,D34,612434,MT,14:10,88,0,33,172,0,33,LW,D,,Oct-22-2023,2023,10,22,0.375,0.26744186,0.14,0.24,0.17,0.23,Conspecific Control,MTTC,6,260,22,32,0.093103448,54,580,T,T,0,0,3,34,154,1,526,5,M,66,194,0.191860465
9551,D35,612435,MT,14:11,219,0,118,206,0,118,LW,D,,Oct-22-2023,2023,10,22,0.538812785,0.291262136,0.19,0.22,0.19,0.19,Allospecific Null,MTH0,6,425,9,10,0.029141104,19,652,T,H,1,1,3,35,155,1,633,5,M,236,189,0.572815534
9561,D36,612436,MT,14:12,83,0,33,165,0,33,LW,D,,Oct-22-2023,2023,10,22,0.397590361,0.090909091,0.19,0.19,0.21,0.22,Allospecific Null,MTH0,6,248,22,25,0.135057471,47,348,T,H,1,1,3,36,156,1,301,5,M,66,182,0.2
9571,D37,612437,MT,14:13,48,0,23,48,0,23,LW,D,,Oct-22-2023,2023,10,22,0.479166667,0.458333333,0.12,0.21,0.14,0.27,Allospecific Control,MTHC,6,96,9,18,0.089700997,27,301,T,H,0,1,3,37,157,1,274,5,M,46,50,0.479166667
9581,D38,612438,MT,14:14,122,0,26,72,0,26,LW,D,,Oct-22-2023,2023,10,22,0.213114754,0.166666667,0.14,0.18,0.19,0.19,Allospecific Control,MTHC,6,194,17,17,0.05483871,34,620,T,H,0,1,3,38,158,1,586,5,M,52,142,0.361111111
9591,D39,612439,MT,14:15,151,0,68,24,0,68,LW,D,,Oct-22-2023,2023,10,22,0.450331126,0.666666667,0.18,0.25,0.22,0.27,Conspecific Control,MTTC,6,175,13,19,0.040506329,32,790,T,T,0,0,3,39,159,1,758,5,M,136,39,0.607142857
9601,D40,612440,MT,14:16,100,0,32,117,0,32,LW,D,,Oct-22-2023,2023,10,22,0.32,0.572649573,0.11,0.17,0.13,0.15,Conspecific Null,MTT0,6,217,8,19,0.049723757,27,543,T,T,1,0,3,40,160,1,516,5,M,64,153,0.273504274
9611,A01,712101,SH,09:12,67,0,23,48,0,23,LW,D,,Nov-2-2023,2023,11,2,0.343283582,0.229166667,0.19,0.18,0.18,0.2,Conspecific Null,SHH0,7,115,7,13,0.04008016,20,499,H,H,1,0,0,1,1,1,479,6,S,46,69,0.479166667
9621,A02,712102,SH,09:14,54,0,10,168,0,10,LW,D,,Nov-2-2023,2023,11,2,0.185185185,0.327380952,0.17,0.2,0.16,0.22,Conspecific Control,SHHC,7,222,21,35,0.097391304,56,575,H,H,0,0,0,2,2,1,519,6,S,20,202,0.05952381
9631,A03,712103,SH,09:16,101,0,13,135,0,13,LW,D,,Nov-2-2023,2023,11,2,0.128712871,0.362962963,0.16,0.14,0.16,0.21,Allospecific Control,SHTC,7,236,17,33,0.083472454,50,599,H,T,0,1,0,3,3,1,549,6,S,26,210,0.096296296
9641,A04,712104,SH,09:18,6,0,1,28,0,1,LW,D,,Nov-2-2023,2023,11,2,0.166666667,0.464285714,0.18,0.2,0.15,0.21,Allospecific Null,SHT0,7,34,6,6,0.013318535,12,901,H,T,1,1,0,4,4,1,889,6,S,2,32,0.035714286
9651,A05,712105,SH,09:20,50,0,13,49,0,13,LW,D,,Nov-2-2023,2023,11,2,0.26,0.346938776,0.18,0.19,0.15,0.19,Allospecific Null,SHT0,7,99,81,55,0.065227818,136,2085,H,T,1,1,0,5,5,1,1949,6,S,26,73,0.265306122
9661,A06,712106,SH,09:22,53,0,13,60,0,13,LW,D,,Nov-2-2023,2023,11,2,0.245283019,0.383333333,0.15,0.16,0.16,0.21,Allospecific Control,SHTC,7,113,7,7,0.018716578,14,748,H,T,0,1,0,6,6,1,734,6,S,26,87,0.216666667
9671,A07,712107,SH,09:24,23,0,7,56,0,7,LW,D,,Nov-2-2023,2023,11,2,0.304347826,0.732142857,0.16,0.18,0.15,0.21,Conspecific Control,SHHC,7,79,46,25,0.046133853,71,1539,H,H,0,0,0,7,7,1,1468,6,S,14,65,0.125
9681,A08,712108,SH,09:26,58,0,18,74,0,18,LW,D,,Nov-2-2023,2023,11,2,0.310344828,0.5,0.18,0.2,0.19,0.23,Conspecific Null,SHH0,7,132,14,27,0.035683203,41,1149,H,H,1,0,0,8,8,1,1108,6,S,36,96,0.243243243
9691,A09,712109,SH,09:28,99,0,25,95,0,25,LW,D,,Nov-2-2023,2023,11,2,0.252525253,0.452631579,0.14,0.18,0.18,0.23,Allospecific Control,SHTC,7,194,32,40,0.085409253,72,843,H,T,0,1,0,9,9,1,771,6,S,50,144,0.263157895
9701,A10,712110,SH,09:28,0,0,0,0,0,0,LW,D,Extinct,Nov-2-2023,2023,11,2,0,NA,0,0,0,0,Conspecific Null,SHH0,7,0,0,0,0,0,24,H,H,1,0,0,10,10,1,24,6,S,0,0,0
9711,A11,712111,SH,09:29,162,0,34,66,0,34,LW,D,,Nov-2-2023,2023,11,2,0.209876543,0.454545455,0.12,0.13,0.13,0.16,Conspecific Control,SHHC,7,228,19,23,0.056149733,42,748,H,H,0,0,0,11,11,1,706,6,S,68,160,0.515151515
9721,A12,712112,SH,09:30,82,0,52,96,0,52,LW,D,,Nov-2-2023,2023,11,2,0.634146341,0.520833333,0.16,0.16,0.18,0.18,Conspecific Null,SHH0,7,178,40,65,0.109832636,105,956,H,H,1,0,0,12,12,1,851,6,S,104,74,0.541666667
9731,A13,712113,SH,09:31,45,0,7,24,0,7,LW,D,,Nov-2-2023,2023,11,2,0.155555556,0.5,0.14,0.19,0.14,0.2,Conspecific Null,SHH0,7,69,10,20,0.035046729,30,856,H,H,1,0,0,13,13,1,826,6,S,14,55,0.291666667
9741,A14,712114,SH,09:32,133,0,55,108,0,55,LW,D,,Nov-2-2023,2023,11,2,0.413533835,0.444444444,0.13,0.14,0.15,0.16,Allospecific Control,SHTC,7,241,10,36,0.053302433,46,863,H,T,0,1,0,14,14,1,817,6,S,110,131,0.509259259
9751,A15,712115,SH,09:33,72,0,39,211,0,39,LW,D,,Nov-2-2023,2023,11,2,0.541666667,0.535545024,0.13,0.15,0.15,0.19,Allospecific Null,SHT0,7,283,6,8,0.019257221,14,727,H,T,1,1,0,15,15,1,713,6,S,78,205,0.184834123
9761,A16,712116,SH,09:34,83,0,9,217,0,9,LW,D,,Nov-2-2023,2023,11,2,0.108433735,0.511520737,0.14,0.16,0.15,0.19,Allospecific Control,SHTC,7,300,23,13,0.040770102,36,883,H,T,0,1,0,16,16,1,847,6,S,18,282,0.041474654
9771,A17,712117,SH,09:35,112,0,25,78,0,25,LW,D,,Nov-2-2023,2023,11,2,0.223214286,0.58974359,0.16,0.16,0.18,0.19,Conspecific Control,SHHC,7,190,26,18,0.07345576,44,599,H,H,0,0,0,17,17,1,555,6,S,50,140,0.320512821
9781,A18,712118,SH,09:36,145,0,69,111,0,69,LW,D,,Nov-2-2023,2023,11,2,0.475862069,0.432432432,0.12,0.16,0.16,0.19,Conspecific Control,SHHC,7,256,16,16,0.03712297,32,862,H,H,0,0,0,18,18,1,830,6,S,138,118,0.621621622
9791,A19,712119,SH,09:37,113,0,32,127,0,32,LW,D,,Nov-2-2023,2023,11,2,0.283185841,0.338582677,0.13,0.14,0.14,0.19,Allospecific Null,SHT0,7,240,6,17,0.022772277,23,1010,H,T,1,1,0,19,19,1,987,6,S,64,176,0.251968504
9801,A20,712120,SH,09:38,29,0,13,79,0,13,LW,D,,Nov-2-2023,2023,11,2,0.448275862,0.53164557,0.14,0.18,0.16,0.18,Allospecific Control,SHTC,7,108,41,15,0.080344333,56,697,H,T,0,1,0,20,20,1,641,6,S,26,82,0.164556962
9811,A21,712121,SH,09:39,108,0,31,106,0,31,LW,D,,Nov-2-2023,2023,11,2,0.287037037,0.301886792,0.16,0.17,0.17,0.17,Conspecific Control,SHHC,7,214,30,16,0.07641196,46,602,H,H,0,0,0,21,21,1,556,6,S,62,152,0.29245283
9821,A22,712122,SH,09:40,151,0,61,153,0,61,LW,D,,Nov-2-2023,2023,11,2,0.40397351,0.470588235,0.16,0.18,0.16,0.19,Conspecific Null,SHH0,7,304,17,17,0.028451883,34,1195,H,H,1,0,0,22,22,1,1161,6,S,122,182,0.39869281
9831,A23,712123,SH,09:41,60,0,33,55,0,33,LW,D,,Nov-2-2023,2023,11,2,0.55,0.309090909,0.17,0.19,0.21,0.25,Conspecific Null,SHH0,7,115,6,12,0.025714286,18,700,H,H,1,0,0,23,23,1,682,6,S,66,49,0.6
9841,A24,712124,SH,09:42,113,0,36,39,0,36,LW,D,,Nov-2-2023,2023,11,2,0.318584071,0.282051282,0.13,0.17,0.14,0.18,Allospecific Null,SHT0,7,152,6,6,0.025917927,12,463,H,T,1,1,0,24,24,1,451,6,S,72,80,0.923076923
9851,A25,712125,SH,09:43,41,0,21,72,0,21,LW,D,,Nov-2-2023,2023,11,2,0.512195122,0.208333333,0.13,0.23,0.14,0.21,Allospecific Control,SHTC,7,113,30,20,0.082781457,50,604,H,T,0,1,0,25,25,1,554,6,S,42,71,0.291666667
9861,A26,712126,SH,09:44,43,0,29,144,0,29,LW,D,,Nov-2-2023,2023,11,2,0.674418605,0.347222222,0.16,0.16,0.15,0.18,Conspecific Control,SHHC,7,187,14,21,0.046174142,35,758,H,H,0,0,0,26,26,1,723,6,S,58,129,0.201388889
9871,A27,712127,SH,09:45,239,0,108,153,0,108,LW,D,,Nov-2-2023,2023,11,2,0.451882845,0.509803922,0.18,0.15,0.2,0.19,Allospecific Null,SHT0,7,392,40,30,0.08782936,70,797,H,T,1,1,0,27,27,1,727,6,S,216,176,0.705882353
9881,A28,712128,SH,09:46,139,0,39,135,0,39,LW,D,,Nov-2-2023,2023,11,2,0.28057554,0.244444444,0.12,0.16,0.12,0.19,Conspecific Control,SHHC,7,274,24,21,0.052023121,45,865,H,H,0,0,0,28,28,1,820,6,S,78,196,0.288888889
9891,A29,712129,SH,09:47,132,0,61,73,0,61,LW,D,,Nov-2-2023,2023,11,2,0.462121212,0.356164384,0.12,0.16,0.13,0.15,Conspecific Null,SHH0,7,205,2,5,0.008433735,7,830,H,H,1,0,0,29,29,1,823,6,S,122,83,0.835616438
9901,A30,712130,SH,09:48,23,0,10,27,0,10,LW,D,,Nov-2-2023,2023,11,2,0.434782609,0.37037037,0.15,0.27,0.13,0.2,Conspecific Null,SHH0,7,50,61,171,0.209764919,232,1106,H,H,1,0,0,30,30,1,874,6,S,20,30,0.37037037
9911,A31,712131,SH,09:49,24,0,8,108,0,8,LW,D,,Nov-2-2023,2023,11,2,0.333333333,0.472222222,0.15,0.16,0.14,0.18,Allospecific Null,SHT0,7,132,14,7,0.031866464,21,659,H,T,1,1,0,31,31,1,638,6,S,16,116,0.074074074
9921,A32,712132,SH,09:50,54,0,14,73,0,14,LW,D,,Nov-2-2023,2023,11,2,0.259259259,0.424657534,0.16,0.18,0.13,0.17,Allospecific Null,SHT0,7,127,29,23,0.075471698,52,689,H,T,1,1,0,32,32,1,637,6,S,28,99,0.191780822
9931,A33,712133,SH,09:51,80,0,49,39,0,49,LW,D,,Nov-2-2023,2023,11,2,0.6125,0.435897436,0.12,0.17,0.15,0.16,Conspecific Control,SHHC,7,119,103,76,0.354455446,179,505,H,H,0,0,0,33,33,1,326,6,S,98,21,0.830508475
9941,A34,712134,SH,09:52,119,0,20,76,0,20,LW,D,,Nov-2-2023,2023,11,2,0.168067227,0.5,0.16,0.21,0.17,0.2,Conspecific Control,SHHC,7,195,9,32,0.057422969,41,714,H,H,0,0,0,34,34,1,673,6,S,40,155,0.263157895
9951,A35,712135,SH,09:53,0,0,0,0,0,0,LW,D,Extinct,Nov-2-2023,2023,11,2,0,0,0,0,0,0,Allospecific Control,SHTC,7,0,0,0,0,0,100,H,T,0,1,0,35,35,1,100,6,S,0,0,0
9961,A36,712136,SH,09:54,136,0,40,165,0,40,LW,D,,Nov-2-2023,2023,11,2,0.294117647,0.272727273,0.17,0.18,0.14,0.18,Allospecific Null,SHT0,7,301,54,31,0.133437991,85,637,H,T,1,1,0,36,36,1,552,6,S,80,221,0.242424242
9971,A37,712137,SH,09:55,66,0,13,109,0,13,LW,D,,Nov-2-2023,2023,11,2,0.196969697,0.376146789,0.12,0.14,0.17,0.18,Allospecific Control,SHTC,7,175,2,25,0.038961039,27,693,H,T,0,1,0,37,37,1,666,6,S,26,149,0.119266055
9981,A38,712138,SH,09:56,41,0,17,55,0,17,LW,D,,Nov-2-2023,2023,11,2,0.414634146,0.490909091,0.16,0.15,0.15,0.19,Allospecific Control,SHTC,7,96,7,11,0.025280899,18,712,H,T,0,1,0,38,38,1,694,6,S,34,62,0.309090909
9991,A39,712139,SH,09:57,23,0,10,16,0,10,LW,D,,Nov-2-2023,2023,11,2,0.434782609,0.375,0.19,0.21,0.16,0.19,Allospecific Null,SHT0,7,39,34,36,0.121107266,70,578,H,T,1,1,0,39,39,1,508,6,S,20,19,0.625
10001,A40,712140,SH,09:58,59,0,22,41,0,22,LW,D,,Nov-2-2023,2023,11,2,0.372881356,0.365853659,0.17,0.19,0.19,0.2,Conspecific Null,SHH0,7,100,36,16,0.150724638,52,345,H,H,1,0,0,40,40,1,293,6,S,44,56,0.536585366
10011,B01,712201,ST,09:59,117,0,21,74,0,21,LW,D,,Nov-2-2023,2023,11,2,0.179487179,0.22972973,0.17,0.16,0.16,0.16,Conspecific Null,STT0,7,191,9,9,0.035714286,18,504,T,T,1,0,1,1,41,1,486,6,S,42,149,0.283783784
10021,B02,712202,ST,10:00,30,0,6,37,0,6,LW,D,,Nov-2-2023,2023,11,2,0.2,0.135135135,0.14,0.21,0.16,0.21,Allospecific Control,STHC,7,67,34,35,0.226973684,69,304,T,H,0,1,1,2,42,1,235,6,S,12,55,0.162162162
10031,B03,712203,ST,10:01,173,0,29,182,0,29,LW,D,,Nov-2-2023,2023,11,2,0.167630058,0.181318681,0.13,0.16,0.14,0.17,Allospecific Control,STHC,7,355,32,36,0.179419525,68,379,T,H,0,1,1,3,43,1,311,6,S,58,297,0.159340659
10041,B04,712204,ST,10:02,24,0,8,64,0,8,LW,D,,Nov-2-2023,2023,11,2,0.333333333,0.28125,0.14,0.17,0.15,0.18,Allospecific Control,STHC,7,88,35,50,0.188888889,85,450,T,H,0,1,1,4,44,1,365,6,S,16,72,0.125
10051,B05,712205,ST,10:03,131,0,25,241,0,25,LW,D,,Nov-2-2023,2023,11,2,0.190839695,0.20746888,0.13,0.17,0.12,0.18,Allospecific Control,STHC,7,372,20,27,0.096707819,47,486,T,H,0,1,1,5,45,1,439,6,S,50,322,0.10373444
10061,B06,712206,ST,10:04,169,0,42,127,0,42,LW,D,,Nov-2-2023,2023,11,2,0.24852071,0.251968504,0.13,0.16,0.14,0.2,Allospecific Control,STHC,7,296,20,24,0.069730586,44,631,T,H,0,1,1,6,46,1,587,6,S,84,212,0.330708661
10071,B07,712207,ST,10:05,79,0,38,217,0,38,LW,D,,Nov-2-2023,2023,11,2,0.481012658,0.33640553,0.13,0.16,0.12,0.15,Conspecific Control,STTC,7,296,51,41,0.137518685,92,669,T,T,0,0,1,7,47,1,577,6,S,76,220,0.175115207
10081,B08,712208,ST,10:06,21,0,3,91,0,3,LW,D,,Nov-2-2023,2023,11,2,0.142857143,0.153846154,0.15,0.2,0.16,0.2,Conspecific Control,STTC,7,112,83,81,0.623574144,164,263,T,T,0,0,1,8,48,1,99,6,S,6,106,0.032967033
10091,B09,712209,ST,10:07,52,0,6,66,0,6,LW,D,,Nov-2-2023,2023,11,2,0.115384615,0.242424242,0.14,0.17,0.15,0.2,Conspecific Null,STT0,7,118,15,18,0.04845815,33,681,T,T,1,0,1,9,49,1,648,6,S,12,106,0.090909091
10101,B10,712210,ST,10:08,81,0,23,73,0,23,LW,D,,Nov-2-2023,2023,11,2,0.283950617,0.205479452,0.13,0.18,0.17,0.22,Conspecific Control,STTC,7,154,44,36,0.231884058,80,345,T,T,0,0,1,10,50,1,265,6,S,46,108,0.315068493
10111,B11,712211,ST,10:09,133,0,33,168,0,33,LW,D,,Nov-2-2023,2023,11,2,0.248120301,0.089285714,0.15,0.19,0.15,0.22,Allospecific Control,STHC,7,301,35,34,0.179220779,69,385,T,H,0,1,1,11,51,1,316,6,S,66,235,0.196428571
10121,B12,712212,ST,10:10,46,0,16,30,0,16,LW,D,,Nov-2-2023,2023,11,2,0.347826087,0.166666667,0.13,0.17,0.11,0.15,Allospecific Null,STH0,7,76,21,21,0.074074074,42,567,T,H,1,1,1,12,52,1,525,6,S,32,44,0.533333333
10131,B13,712213,ST,10:11,30,0,4,27,0,4,LW,D,,Nov-2-2023,2023,11,2,0.133333333,0.185185185,0.14,0.18,0.13,0.2,Conspecific Null,STT0,7,57,9,9,0.02244389,18,802,T,T,1,0,1,13,53,1,784,6,S,8,49,0.148148148
10141,B14,712214,ST,10:12,48,0,13,40,0,13,LW,D,,Nov-2-2023,2023,11,2,0.270833333,0.2,0.14,0.19,0.14,0.2,Conspecific Null,STT0,7,88,12,17,0.061965812,29,468,T,T,1,0,1,14,54,1,439,6,S,26,62,0.325
10151,B15,712215,ST,10:13,69,0,23,31,0,23,LW,D,,Nov-2-2023,2023,11,2,0.333333333,0.290322581,0.14,0.2,0.16,0.2,Allospecific Control,STHC,7,100,34,44,0.12745098,78,612,T,H,0,1,1,15,55,1,534,6,S,46,54,0.741935484
10161,B16,712216,ST,10:14,39,0,6,225,0,6,LW,D,,Nov-2-2023,2023,11,2,0.153846154,0.213333333,0.13,0.15,0.18,0.22,Conspecific Null,STT0,7,264,32,37,0.127306273,69,542,T,T,1,0,1,16,56,1,473,6,S,12,252,0.026666667
10171,B17,712217,ST,10:15,83,0,23,132,0,23,LW,D,,Nov-2-2023,2023,11,2,0.277108434,0.227272727,0.12,0.16,0.16,0.19,Conspecific Control,STTC,7,215,19,28,0.107061503,47,439,T,T,0,0,1,17,57,1,392,6,S,46,169,0.174242424
10181,B18,712218,ST,10:16,149,0,16,233,0,16,LW,D,,Nov-2-2023,2023,11,2,0.10738255,0.188841202,0.12,0.19,0.14,0.16,Conspecific Null,STT0,7,382,15,18,0.041457286,33,796,T,T,1,0,1,18,58,1,763,6,S,32,350,0.068669528
10191,B19,712219,ST,10:17,32,0,8,8,0,8,LW,D,,Nov-2-2023,2023,11,2,0.25,0.125,0.13,0.19,0.13,0.21,Conspecific Control,STTC,7,40,19,20,0.092198582,39,423,T,T,0,0,1,19,59,1,384,6,S,16,24,1
10201,B20,712220,ST,10:18,54,0,9,54,0,9,LW,D,,Nov-2-2023,2023,11,2,0.166666667,0.277777778,0.13,0.21,0.16,0.24,Allospecific Null,STH0,7,108,5,7,0.030927835,12,388,T,H,1,1,1,20,60,1,376,6,S,18,90,0.166666667
10211,B21,712221,ST,10:19,74,0,13,65,0,13,LW,D,,Nov-2-2023,2023,11,2,0.175675676,0.307692308,0.14,0.23,0.16,0.24,Conspecific Control,STTC,7,139,11,13,0.057007126,24,421,T,T,0,0,1,21,61,1,397,6,S,26,113,0.2
10221,B22,712222,ST,11:00,157,0,50,254,0,50,LW,D,,Nov-2-2023,2023,11,2,0.318471338,0.322834646,0.16,0.25,0.16,0.24,Conspecific Control,STTC,7,411,10,8,0.041958042,18,429,T,T,0,0,1,22,62,1,411,6,S,100,311,0.196850394
10231,B23,712223,ST,11:02,101,0,25,116,0,25,LW,D,,Nov-2-2023,2023,11,2,0.247524752,0.25,0.15,0.18,0.14,0.16,Allospecific Null,STH0,7,217,6,9,0.039473684,15,380,T,H,1,1,1,23,63,1,365,6,S,50,167,0.215517241
10241,B24,712224,ST,11:04,47,0,15,85,0,15,LW,D,,Nov-2-2023,2023,11,2,0.319148936,0.376470588,0.14,0.2,0.14,0.19,Allospecific Null,STH0,7,132,14,12,0.18705036,26,139,T,H,1,1,1,24,64,1,113,6,S,30,102,0.176470588
10251,B25,712225,ST,11:06,180,0,63,103,0,63,LW,D,,Nov-2-2023,2023,11,2,0.35,0.310679612,0.13,0.18,0.11,0.19,Allospecific Null,STH0,7,283,12,10,0.034920635,22,630,T,H,1,1,1,25,65,1,608,6,S,126,157,0.611650485
10261,B26,712226,ST,11:08,28,0,4,17,0,4,LW,D,,Nov-2-2023,2023,11,2,0.142857143,0.235294118,0.14,0.2,0.16,0.21,Conspecific Null,STT0,7,45,2,2,0.007858546,4,509,T,T,1,0,1,26,66,1,505,6,S,8,37,0.235294118
10271,B27,712227,ST,11:10,63,0,9,31,0,9,LW,D,,Nov-2-2023,2023,11,2,0.142857143,0.225806452,0.14,0.18,0.14,0.19,Allospecific Control,STHC,7,94,33,23,0.186666667,56,300,T,H,0,1,1,27,67,1,244,6,S,18,76,0.290322581
10281,B28,712228,ST,11:12,105,0,14,36,0,14,LW,D,,Nov-2-2023,2023,11,2,0.133333333,0.333333333,0.14,0.16,0.15,0.2,Allospecific Null,STH0,7,141,56,54,0.179738562,110,612,T,H,1,1,1,28,68,1,502,6,S,28,113,0.388888889
10291,B29,712229,ST,11:14,0,0,0,0,0,0,LW,D,Extinct,Nov-2-2023,2023,11,2,0,0,0,0,0,0,Allospecific Null,STH0,7,0,0,0,#DIV/0!,0,0,T,H,1,1,1,29,69,1,0,6,S,0,0,0
10301,B30,712230,ST,11:16,5,0,1,55,0,1,LW,D,,Nov-2-2023,2023,11,2,0.2,0.236363636,0.16,0.19,0.16,0.19,Conspecific Null,STT0,7,60,6,7,0.023897059,13,544,T,T,1,0,1,30,70,1,531,6,S,2,58,0.018181818
10311,B31,712231,ST,11:18,24,0,2,34,0,2,LW,D,,Nov-2-2023,2023,11,2,0.083333333,0.176470588,0.18,0.17,0.15,0.18,Conspecific Null,STT0,7,58,9,16,0.110619469,25,226,T,T,1,0,1,31,71,1,201,6,S,4,54,0.058823529
10321,B32,712232,ST,11:20,46,0,4,9,0,4,LW,D,,Nov-2-2023,2023,11,2,0.086956522,0.111111111,0.12,0.16,0.11,0.16,Allospecific Null,STH0,7,55,3,3,0.01754386,6,342,T,H,1,1,1,32,72,1,336,6,S,8,47,0.444444444
10331,B33,712233,ST,11:22,47,0,9,27,0,9,LW,D,,Nov-2-2023,2023,11,2,0.191489362,0.259259259,0.12,0.2,0.16,0.21,Conspecific Control,STTC,7,74,18,14,0.083333333,32,384,T,T,0,0,1,33,73,1,352,6,S,18,56,0.333333333
10341,B34,712234,ST,11:23,131,0,29,148,0,29,LW,D,,Nov-2-2023,2023,11,2,0.221374046,0.189189189,0.13,0.2,0.12,0.19,Allospecific Control,STHC,7,279,27,25,0.140161725,52,371,T,H,0,1,1,34,74,1,319,6,S,58,221,0.195945946
10351,B35,712235,ST,11:24,245,0,34,92,0,34,LW,D,,Nov-2-2023,2023,11,2,0.13877551,0.282608696,0.12,0.15,0.12,0.18,Allospecific Control,STHC,7,337,42,51,0.34962406,93,266,T,H,0,1,1,35,75,1,173,6,S,68,269,0.369565217
10361,B36,712236,ST,11:25,63,0,17,167,0,17,LW,D,,Nov-2-2023,2023,11,2,0.26984127,0.329341317,0.12,0.22,0.12,0.19,Conspecific Control,STTC,7,230,32,31,0.12936345,63,487,T,T,0,0,1,36,76,1,424,6,S,34,196,0.101796407
10371,B37,712237,ST,11:26,101,0,29,91,0,29,LW,D,,Nov-2-2023,2023,11,2,0.287128713,0.252747253,0.12,0.14,0.13,0.15,Conspecific Null,STT0,7,192,13,31,0.120879121,44,364,T,T,1,0,1,37,77,1,320,6,S,58,134,0.318681319
10381,B38,712238,ST,11:27,119,0,22,230,0,22,LW,D,,Nov-2-2023,2023,11,2,0.18487395,0.334782609,0.15,0.15,0.16,0.16,Conspecific Control,STTC,7,349,7,8,0.030241935,15,496,T,T,0,0,1,38,78,1,481,6,S,44,305,0.095652174
10391,B39,712239,ST,11:28,108,0,20,29,0,20,LW,D,,Nov-2-2023,2023,11,2,0.185185185,0.172413793,0.14,0.21,0.16,0.18,Allospecific Null,STH0,7,137,37,29,0.191860465,66,344,T,H,1,1,1,39,79,1,278,6,S,40,97,0.689655172
10401,B40,712240,ST,11:29,69,0,16,41,0,16,LW,D,,Nov-2-2023,2023,11,2,0.231884058,0.219512195,0.15,0.16,0.12,0.17,Allospecific Null,STH0,7,110,4,4,0.010854817,8,737,T,H,1,1,1,40,80,1,729,6,S,32,78,0.390243902
10411,C01,712301,MH,11:30,108,0,49,84,0,49,LW,D,,Nov-2-2023,2023,11,2,0.453703704,0.238095238,0.12,0.14,0.17,0.16,Allospecific Null,MHT0,7,192,14,13,0.060674157,27,445,H,T,1,1,2,1,81,1,418,6,M,98,94,0.583333333
10421,C02,712302,MH,11:31,146,0,45,250,0,45,LW,D,,Nov-2-2023,2023,11,2,0.308219178,0.232,0.14,0.16,0.15,0.19,Allospecific Control,MHTC,7,396,7,17,0.061696658,24,389,H,T,0,1,2,2,82,1,365,6,M,90,306,0.18
10431,C03,712303,MH,11:32,276,0,90,64,0,90,LW,D,,Nov-2-2023,2023,11,2,0.326086957,0.53125,0.12,0.16,0.15,0.18,Conspecific Control,MHHC,7,340,13,12,0.075301205,25,332,H,H,0,0,2,3,83,1,307,6,M,180,160,0.775862069
10441,C04,712304,MH,11:33,138,0,44,98,0,44,LW,D,,Nov-2-2023,2023,11,2,0.31884058,0.265306122,0.16,0.15,0.14,0.17,Allospecific Null,MHT0,7,236,17,15,0.091954023,32,348,H,T,1,1,2,4,84,1,316,6,M,88,148,0.448979592
10451,C05,712305,MH,11:34,39,0,14,32,0,14,LW,D,,Nov-2-2023,2023,11,2,0.358974359,0.15625,0.13,0.16,0.15,0.16,Conspecific Control,MHHC,7,71,9,13,0.051886792,22,424,H,H,0,0,2,5,85,1,402,6,M,28,43,0.4375
10461,C06,712306,MH,11:35,129,0,34,123,0,34,LW,D,,Nov-2-2023,2023,11,2,0.263565891,0.195121951,0.15,0.17,0.19,0.2,Allospecific Null,MHT0,7,252,11,7,0.045,18,400,H,T,1,1,2,6,86,1,382,6,M,68,184,0.276422764
10471,C07,712307,MH,11:36,126,0,31,88,0,31,LW,D,,Nov-2-2023,2023,11,2,0.246031746,0.227272727,0.12,0.16,0.16,0.18,Allospecific Control,MHTC,7,214,1,5,0.010830325,6,554,H,T,0,1,2,7,87,1,548,6,M,62,152,0.352272727
10481,C08,712308,MH,11:37,82,0,19,30,0,19,LW,D,,Nov-2-2023,2023,11,2,0.231707317,0.2,0.13,0.15,0.12,0.15,Conspecific Null,MHH0,7,112,6,27,0.039855072,33,828,H,H,1,0,2,8,88,1,795,6,M,38,74,0.633333333
10491,C09,712309,MH,11:38,149,0,30,63,0,30,LW,D,,Nov-2-2023,2023,11,2,0.201342282,0.333333333,0.14,0.15,0.16,0.17,Conspecific Control,MHHC,7,212,41,30,0.109737249,71,647,H,H,0,0,2,9,89,1,576,6,M,60,152,0.476190476
10501,C10,712310,MH,11:39,113,0,20,202,0,20,LW,D,,Nov-2-2023,2023,11,2,0.17699115,0.252475248,0.13,0.14,0.17,0.16,Allospecific Control,MHTC,7,315,6,3,0.019271949,9,467,H,T,0,1,2,10,90,1,458,6,M,40,275,0.099009901
10511,C11,712311,MH,11:40,323,0,62,53,0,62,LW,D,,Nov-2-2023,2023,11,2,0.191950464,0.20754717,0.15,0.18,0.2,0.19,Allospecific Null,MHT0,7,376,0,10,0.026315789,10,380,H,T,1,1,2,11,91,1,370,6,M,124,252,0.873239437
10521,C12,712312,MH,11:41,218,0,70,81,0,70,LW,D,,Nov-2-2023,2023,11,2,0.321100917,0.24691358,0.16,0.21,0.17,0.2,Conspecific Null,MHH0,7,299,9,15,0.022325581,24,1075,H,H,1,0,2,12,92,1,1051,6,M,140,159,0.864197531
10531,C13,712313,MH,11:42,50,0,12,6,0,12,LW,D,,Nov-2-2023,2023,11,2,0.24,0.166666667,0.15,0.2,0.15,0.2,Conspecific Control,MHHC,7,56,11,15,0.062200957,26,418,H,H,0,0,2,13,93,1,392,6,M,24,32,0.666666667
10541,C14,712314,MH,11:43,158,0,54,79,0,54,LW,D,,Nov-2-2023,2023,11,2,0.341772152,0.316455696,0.15,0.16,0.18,0.18,Conspecific Control,MHHC,7,237,11,11,0.039783002,22,553,H,H,0,0,2,14,94,1,531,6,M,108,129,0.683544304
10551,C15,712315,MH,11:50,261,0,120,80,0,120,LW,D,,Nov-2-2023,2023,11,2,0.459770115,0.2875,0.14,0.16,0.17,0.18,Conspecific Null,MHH0,7,341,38,45,0.136963696,83,606,H,H,1,0,2,15,95,1,523,6,M,240,101,0.75
10561,C16,712316,MH,12:30,149,0,20,36,0,20,LW,D,,Nov-2-2023,2023,11,2,0.134228188,0.277777778,0.12,0.17,0.17,0.19,Conspecific Null,MHH0,7,185,39,63,0.297376093,102,343,H,H,1,0,2,16,96,1,241,6,M,40,145,0.555555556
10571,C17,712317,MH,12:32,239,0,51,145,0,51,LW,D,,Nov-2-2023,2023,11,2,0.213389121,0.324137931,0.15,0.16,0.2,0.2,Allospecific Null,MHT0,7,384,8,5,0.027542373,13,472,H,T,1,1,2,17,97,1,459,6,M,102,282,0.351724138
10581,C18,712318,MH,12:34,199,0,45,134,0,45,LW,D,,Nov-2-2023,2023,11,2,0.226130653,0.28358209,0.15,0.21,0.19,0.2,Conspecific Null,MHH0,7,333,34,15,0.082630691,49,593,H,H,1,0,2,18,98,1,544,6,M,90,243,0.335820896
10591,C19,712319,MH,12:36,46,0,12,20,0,12,LW,D,,Nov-2-2023,2023,11,2,0.260869565,0.3,0.14,0.18,0.18,0.22,Allospecific Null,MHT0,7,66,1,5,0.012448133,6,482,H,T,1,1,2,19,99,1,476,6,M,24,42,0.6
10601,C20,712320,MH,12:38,164,0,60,98,0,60,LW,D,,Nov-2-2023,2023,11,2,0.365853659,0.397959184,0.15,0.2,0.2,0.21,Conspecific Null,MHH0,7,262,43,24,0.054693878,67,1225,H,H,1,0,2,20,100,1,1158,6,M,120,142,0.612244898
10611,C21,712321,MH,12:40,153,0,59,57,0,59,LW,D,,Nov-2-2023,2023,11,2,0.385620915,0.421052632,0.14,0.18,0.18,0.2,Conspecific Null,MHH0,7,210,33,45,0.060046189,78,1299,H,H,1,0,2,21,101,1,1221,6,M,118,92,0.967213115
10621,C22,712322,MH,12:42,108,0,46,45,0,46,LW,D,,Nov-2-2023,2023,11,2,0.425925926,0.4,0.17,0.2,0.18,0.18,Conspecific Control,MHHC,7,153,4,16,0.039138943,20,511,H,H,0,0,2,22,102,1,491,6,M,92,61,0.978723404
10631,C23,712323,MH,12:44,336,0,76,180,0,76,LW,D,,Nov-2-2023,2023,11,2,0.226190476,0.322222222,0.14,0.18,0.15,0.17,Allospecific Null,MHT0,7,516,26,28,0.142480211,54,379,H,T,1,1,2,23,103,1,325,6,M,152,364,0.422222222
10641,C24,712324,MH,12:46,201,0,64,308,0,64,LW,D,,Nov-2-2023,2023,11,2,0.31840796,0.301948052,0.12,0.18,0.2,0.18,Allospecific Null,MHT0,7,509,3,2,0.025906736,5,193,H,T,1,1,2,24,104,1,188,6,M,128,381,0.207792208
10651,C25,712325,MH,12:48,156,0,45,87,0,45,LW,D,,Nov-2-2023,2023,11,2,0.288461538,0.482758621,0.13,0.16,0.19,0.18,Conspecific Control,MHHC,7,243,3,14,0.05862069,17,290,H,H,0,0,2,25,105,1,273,6,M,90,153,0.517241379
10661,C26,712326,MH,12:50,63,0,23,112,0,23,LW,D,,Nov-2-2023,2023,11,2,0.365079365,0.3125,0.16,0.14,0.19,0.17,Conspecific Null,MHH0,7,175,2,3,0.011135857,5,449,H,H,1,0,2,26,106,1,444,6,M,46,129,0.205357143
10671,C27,712327,MH,12:52,40,0,13,15,0,13,LW,D,,Nov-2-2023,2023,11,2,0.325,0.266666667,0.14,0.18,0.14,0.16,Allospecific Null,MHT0,7,55,28,15,0.067292645,43,639,H,T,1,1,2,27,107,1,596,6,M,26,29,0.866666667
10681,C28,712328,MH,12:54,88,0,27,54,0,27,LW,D,,Nov-2-2023,2023,11,2,0.306818182,0.444444444,0.15,0.19,0.16,0.17,Allospecific Control,MHTC,7,142,2,4,0.014084507,6,426,H,T,0,1,2,28,108,1,420,6,M,54,88,0.5
10691,C29,712329,MH,12:56,140,0,51,75,0,51,LW,D,,Nov-2-2023,2023,11,2,0.364285714,0.44,0.14,0.18,0.15,0.19,Conspecific Control,MHHC,7,215,49,31,0.149812734,80,534,H,H,0,0,2,29,109,1,454,6,M,102,113,0.68
10701,C30,712330,MH,12:58,180,0,66,174,0,66,LW,D,,Nov-2-2023,2023,11,2,0.366666667,0.270114943,0.12,0.18,0.14,0.19,Allospecific Control,MHTC,7,354,10,5,0.032327586,15,464,H,T,0,1,2,30,110,1,449,6,M,132,222,0.379310345
10711,C31,712331,MH,13:00,173,0,57,124,0,57,LW,D,,Nov-2-2023,2023,11,2,0.329479769,0.427419355,0.18,0.21,0.18,0.24,Conspecific Control,MHHC,7,297,0,0,0,0,612,H,H,0,0,2,31,111,1,612,6,M,114,183,0.459677419
10721,C32,712332,MH,13:02,84,0,31,121,0,31,LW,D,,Nov-2-2023,2023,11,2,0.369047619,0.305785124,0.12,0.14,0.15,0.14,Conspecific Null,MHH0,7,205,39,52,0.26300578,91,346,H,H,1,0,2,32,112,1,255,6,M,62,143,0.256198347
10731,C33,712333,MH,13:04,82,0,16,42,0,16,LW,D,,Nov-2-2023,2023,11,2,0.195121951,0.380952381,0.15,0.14,0.14,0.16,Allospecific Control,MHTC,7,124,21,32,0.107723577,53,492,H,T,0,1,2,33,113,1,439,6,M,32,92,0.380952381
10741,C34,712334,MH,13:06,68,0,17,106,0,17,LW,D,,Nov-2-2023,2023,11,2,0.25,0.358490566,0.12,0.17,0.14,0.16,Allospecific Control,MHTC,7,174,36,7,0.178423237,43,241,H,T,0,1,2,34,114,1,198,6,M,34,140,0.160377358
10751,C35,712335,MH,13:08,123,0,38,131,0,38,LW,D,,Nov-2-2023,2023,11,2,0.308943089,0.282442748,0.15,0.15,0.19,0.16,Allospecific Null,MHT0,7,254,10,13,0.03807947,23,604,H,T,1,1,2,35,115,1,581,6,M,76,178,0.290076336
10761,C36,712336,MH,13:10,298,0,86,167,0,86,LW,D,,Nov-2-2023,2023,11,2,0.288590604,0.275449102,0.16,0.18,0.2,0.16,Allospecific Control,MHTC,7,465,40,36,0.141263941,76,538,H,T,0,1,2,36,116,1,462,6,M,172,293,0.51497006
10771,C37,712337,MH,13:12,92,0,26,44,0,26,LW,D,,Nov-2-2023,2023,11,2,0.282608696,0.272727273,0.16,0.18,0.16,0.21,Conspecific Control,MHHC,7,136,5,5,0.016420361,10,609,H,H,0,0,2,37,117,1,599,6,M,52,84,0.590909091
10781,C38,712338,MH,13:14,192,0,63,155,0,63,LW,D,,Nov-2-2023,2023,11,2,0.328125,0.322580645,0.13,0.16,0.21,0.18,Conspecific Null,MHH0,7,347,5,13,0.036363636,18,495,H,H,1,0,2,38,118,1,477,6,M,126,221,0.406451613
10791,C39,712339,MH,13:16,151,0,33,136,0,33,LW,D,,Nov-2-2023,2023,11,2,0.218543046,0.338235294,0.16,0.21,0.14,0.18,Allospecific Control,MHTC,7,287,5,53,0.132723112,58,437,H,T,0,1,2,39,119,1,379,6,M,66,221,0.242647059
10801,C40,712340,MH,13:18,139,0,75,46,0,75,LW,D,,Nov-2-2023,2023,11,2,0.539568345,0.456521739,0.15,0.19,0.21,0.21,Allospecific Control,MHTC,7,185,21,12,0.230769231,33,143,H,T,0,1,2,40,120,1,110,6,M,150,35,0.721153846
10811,D01,712401,MT,13:20,153,0,62,67,0,62,LW,D,,Nov-2-2023,2023,11,2,0.405228758,0.388059701,0.18,0.2,0.17,0.2,Conspecific Null,MTT0,7,220,18,20,0.160337553,38,237,T,T,1,0,3,1,121,1,199,6,M,124,96,0.925373134
10821,D02,712402,MT,13:22,3,0,1,2,0,1,LW,D,,Nov-2-2023,2023,11,2,0.333333333,0,0.18,0.19,0,0.23,Conspecific Null,MTT0,7,5,55,67,1,26,26,T,T,1,0,3,2,122,1,96,6,M,2,3,0.5
10831,D03,712403,MT,13:24,22,0,8,30,0,8,LW,D,,Nov-2-2023,2023,11,2,0.363636364,0.3,0.17,0.19,0.17,0.19,Conspecific Control,MTTC,7,52,10,13,0.047131148,23,488,T,T,0,0,3,3,123,1,465,6,M,16,36,0.266666667
10841,D04,712404,MT,13:26,75,0,33,26,0,33,LW,D,,Nov-2-2023,2023,11,2,0.44,0.346153846,0.17,0.22,0.21,0.16,Allospecific Null,MTH0,7,101,23,31,0.120805369,54,447,T,H,1,1,3,4,124,1,393,6,M,66,35,0.825
10851,D05,712405,MT,13:28,109,0,44,141,0,44,LW,D,,Nov-2-2023,2023,11,2,0.403669725,0.546099291,0.15,0.18,0.17,0.21,Conspecific Null,MTT0,7,250,11,11,0.104761905,22,210,T,T,1,0,3,5,125,1,188,6,M,88,162,0.312056738
10861,D06,712406,MT,13:30,129,0,65,90,0,65,LW,D,,Nov-2-2023,2023,11,2,0.503875969,0.522222222,0.17,0.2,0.2,0.2,Conspecific Control,MTTC,7,219,16,17,0.15942029,33,207,T,T,0,0,3,6,126,1,174,6,M,130,89,0.722222222
10871,D07,712407,MT,13:32,53,0,23,45,0,23,LW,D,,Nov-2-2023,2023,11,2,0.433962264,0.422222222,0.15,0.2,0.13,0.21,Allospecific Control,MTHC,7,98,24,54,0.553191489,78,141,T,H,0,1,3,7,127,1,63,6,M,46,52,0.511111111
10881,D08,712408,MT,13:34,333,0,130,247,0,130,LW,D,,Nov-2-2023,2023,11,2,0.39039039,0.611336032,0.19,0.21,0.22,0.24,Conspecific Null,MTT0,7,580,25,18,0.087044534,43,494,T,T,1,0,3,8,128,1,451,6,M,260,320,0.526315789
10891,D10,712409,MT,13:36,192,0,80,196,0,80,LW,D,,Nov-2-2023,2023,11,2,0.416666667,0.469387755,0.16,0.2,0.14,0.23,Conspecific Control,MTTC,7,388,48,56,0.246445498,104,422,T,T,0,0,3,10,130,1,318,6,M,160,228,0.408163265
10901,D12,712410,MT,13:38,113,0,47,50,0,47,LW,D,,Nov-2-2023,2023,11,2,0.415929204,0.4,0.17,0.2,0.2,0.23,Allospecific Control,MTHC,7,163,41,51,0.414414414,92,222,T,H,0,1,3,12,132,1,130,6,M,94,69,0.94
10911,D11,712411,MT,13:40,140,0,44,93,0,44,LW,D,,Nov-2-2023,2023,11,2,0.314285714,0.52688172,0.13,0.16,0.15,0.2,Conspecific Control,MTTC,7,233,9,27,0.225,36,160,T,T,0,0,3,11,131,1,124,6,M,88,145,0.47311828
10921,D24,712424,MT,13:42,14,0,4,8,0,4,LW,D,,Nov-2-2023,2023,11,2,0.285714286,0.375,0.18,0.17,0.2,0.21,Conspecific Null,MTT0,7,22,26,26,0.096654275,52,538,T,T,1,0,3,24,144,1,486,6,M,8,14,0.5
10931,D13,712413,MT,13:44,89,0,26,126,0,26,LW,D,,Nov-2-2023,2023,11,2,0.292134831,0.325396825,0.12,0.18,0.13,0.19,Allospecific Null,MTH0,7,215,19,28,0.394957983,47,119,T,H,1,1,3,13,133,1,72,6,M,52,163,0.206349206
10941,D14,712414,MT,13:46,240,0,117,360,0,117,LW,D,,Nov-2-2023,2023,11,2,0.4875,0.322222222,0.17,0.19,0.2,0.24,Conspecific Control,MTTC,7,600,16,23,0.066895369,39,583,T,T,0,0,3,14,134,1,544,6,M,234,366,0.325
10951,D15,712415,MT,14:20,165,0,80,140,0,80,LW,D,,Nov-2-2023,2023,11,2,0.484848485,0.55,0.18,0.2,0.15,0.2,Allospecific Null,MTH0,7,305,32,32,0.152380952,64,420,T,H,1,1,3,15,135,1,356,6,M,160,145,0.571428571
10961,D16,712416,MT,14:23,63,0,41,60,0,41,LW,D,,Nov-2-2023,2023,11,2,0.650793651,0.466666667,0.17,0.2,0.24,0.27,Allospecific Control,MTHC,7,123,9,16,0.048828125,25,512,T,H,0,1,3,16,136,1,487,6,M,82,41,0.683333333
10971,D17,712417,MT,14:26,107,0,31,206,0,31,LW,D,,Nov-2-2023,2023,11,2,0.289719626,0.281553398,0.19,0.2,0.15,0.2,Allospecific Control,MTHC,7,313,15,19,0.135458167,34,251,T,H,0,1,3,17,137,1,217,6,M,62,251,0.150485437
10981,D18,712418,MT,14:29,37,0,14,55,0,14,LW,D,,Nov-2-2023,2023,11,2,0.378378378,0.454545455,0.16,0.19,0.15,0.22,Allospecific Null,MTH0,7,92,32,40,0.393442623,72,183,T,H,1,1,3,18,138,1,111,6,M,28,64,0.254545455
10991,D19,712419,MT,14:32,26,0,6,32,0,6,LW,D,,Nov-2-2023,2023,11,2,0.230769231,0.4375,0.17,0.15,0.16,0.15,Allospecific Null,MTH0,7,58,23,17,0.115273775,40,347,T,H,1,1,3,19,139,1,307,6,M,12,46,0.1875
11001,D20,712420,MT,14:35,59,0,21,25,0,21,LW,D,,Nov-2-2023,2023,11,2,0.355932203,0.44,0.14,0.2,0.16,0.17,Conspecific Control,MTTC,7,84,33,54,0.319852941,87,272,T,T,0,0,3,20,140,1,185,6,M,42,42,0.84
11011,D21,712421,MT,14:38,71,0,23,109,0,23,LW,D,,Nov-2-2023,2023,11,2,0.323943662,0.311926606,0.15,0.2,0.14,0.27,Conspecific Null,MTT0,7,180,27,19,0.068965517,46,667,T,T,1,0,3,21,141,1,621,6,M,46,134,0.211009174
11021,D22,712422,MT,14:41,95,0,36,150,0,36,LW,D,,Nov-2-2023,2023,11,2,0.378947368,0.46,0.19,0.2,0.18,0.25,Allospecific Control,MTHC,7,245,8,35,0.066874028,43,643,T,H,0,1,3,22,142,1,600,6,M,72,173,0.24
11031,D23,712423,MT,14:44,116,0,70,23,0,70,LW,D,,Nov-2-2023,2023,11,2,0.603448276,0.47826087,0.17,0.19,0.21,0.2,Allospecific Null,MTH0,7,139,3,7,0.058139535,10,172,T,H,1,1,3,23,143,1,162,6,M,140,-1,0.598290598
11041,D09,712424,MT,14:47,16,0,7,12,0,7,LW,D,,Nov-2-2023,2023,11,2,0.4375,0.5,0.18,0.18,0.19,0.21,Conspecific Null,MTT0,7,28,4,12,0.188235294,16,85,T,T,1,0,3,9,129,1,69,6,M,14,14,0.583333333
11051,D25,712425,MT,14:50,249,0,82,99,0,82,LW,D,,Nov-2-2023,2023,11,2,0.329317269,0.454545455,0.15,0.2,0.16,0.22,Conspecific Control,MTTC,7,348,18,12,0.038461538,30,780,T,T,0,0,3,25,145,1,750,6,M,164,184,0.828282828
11061,D26,712426,MT,14:53,352,0,175,298,0,175,LW,D,,Nov-2-2023,2023,11,2,0.497159091,0.379194631,0.16,0.19,0.15,0.17,Conspecific Control,MTTC,7,650,20,35,0.056935818,55,966,T,T,0,0,3,26,146,1,911,6,M,350,300,0.587248322
11071,D27,712427,MT,14:56,59,0,39,53,0,39,LW,D,,Nov-2-2023,2023,11,2,0.661016949,0.358490566,0.17,0.2,0.17,0.22,Allospecific Control,MTHC,7,112,17,24,0.145390071,41,282,T,H,0,1,3,27,147,1,241,6,M,78,34,0.735849057
11081,D28,712428,MT,14:59,86,0,28,56,0,28,LW,D,,Nov-2-2023,2023,11,2,0.325581395,0.267857143,0.15,0.2,0.18,0.22,Allospecific Control,MTHC,7,142,14,21,0.14957265,35,234,T,H,0,1,3,28,148,1,199,6,M,56,86,0.5
11091,D29,712429,MT,15:02,63,0,19,22,0,19,LW,D,,Nov-2-2023,2023,11,2,0.301587302,0.363636364,0.19,0.16,0.16,0.21,Conspecific Null,MTT0,7,85,8,13,0.057534247,21,365,T,T,1,0,3,29,149,1,344,6,M,38,47,0.863636364
11101,D30,712430,MT,15:05,50,0,23,79,0,23,LW,D,,Nov-2-2023,2023,11,2,0.46,0.253164557,0.15,0.16,0.15,0.25,Allospecific Null,MTH0,7,129,58,27,0.393518519,85,216,T,H,1,1,3,30,150,1,131,6,M,46,83,0.291139241
11111,D31,712431,MT,15:08,31,0,8,128,0,8,LW,D,,Nov-2-2023,2023,11,2,0.258064516,0.375,0.15,0.2,0.14,0.19,Allospecific Null,MTH0,7,159,15,21,0.07775378,36,463,T,H,1,1,3,31,151,1,427,6,M,16,143,0.0625
11121,D32,712432,MT,15:11,116,0,51,239,0,51,LW,D,,Nov-2-2023,2023,11,2,0.439655172,0.472803347,0.2,0.18,0.22,0.15,Conspecific Null,MTT0,7,355,14,15,0.084795322,29,342,T,T,1,0,3,32,152,1,313,6,M,102,253,0.213389121
11131,D33,712433,MT,15:14,141,0,60,87,0,60,LW,D,,Nov-2-2023,2023,11,2,0.425531915,0.264367816,0.13,0.18,0.13,0.14,Allospecific Control,MTHC,7,228,8,55,0.116022099,63,543,T,H,0,1,3,33,153,1,480,6,M,120,108,0.689655172
11141,D34,712434,MT,15:17,80,0,39,177,0,39,LW,D,,Nov-2-2023,2023,11,2,0.4875,0.350282486,0.13,0.2,0.17,0.23,Conspecific Control,MTTC,7,257,19,21,0.060422961,40,662,T,T,0,0,3,34,154,1,622,6,M,78,179,0.220338983
11151,D35,712435,MT,15:20,209,0,105,214,0,105,LW,D,,Nov-2-2023,2023,11,2,0.502392344,0.644859813,0.19,0.2,0.18,0.2,Allospecific Null,MTH0,7,423,6,7,0.018284107,13,711,T,H,1,1,3,35,155,1,698,6,M,210,213,0.490654206
11161,D36,712436,MT,15:23,56,0,13,152,0,13,LW,D,,Nov-2-2023,2023,11,2,0.232142857,0.348684211,0.17,0.19,0.19,0.23,Allospecific Null,MTH0,7,208,23,28,0.137837838,51,370,T,H,1,1,3,36,156,1,319,6,M,26,182,0.085526316
11171,D37,712437,MT,15:26,39,0,10,44,0,10,LW,D,,Nov-2-2023,2023,11,2,0.256410256,0.454545455,0.12,0.22,0.13,0.23,Allospecific Control,MTHC,7,83,34,28,0.208053691,62,298,T,H,0,1,3,37,157,1,236,6,M,20,63,0.227272727
11181,D38,712438,MT,15:29,104,0,44,77,0,44,LW,D,,Nov-2-2023,2023,11,2,0.423076923,0.38961039,0.13,0.18,0.18,0.18,Allospecific Control,MTHC,7,181,14,17,0.0496,31,625,T,H,0,1,3,38,158,1,594,6,M,88,93,0.571428571
11191,D39,712439,MT,15:32,41,0,18,26,0,18,LW,D,,Nov-2-2023,2023,11,2,0.43902439,0.461538462,0.18,0.21,0.21,0.27,Conspecific Control,MTTC,7,67,6,11,0.020782396,17,818,T,T,0,0,3,39,159,1,801,6,M,36,31,0.692307692
11201,D40,712440,MT,15:35,110,0,66,145,0,66,LW,D,,Nov-2-2023,2023,11,2,0.6,0.324137931,0.14,0.17,0.13,0.16,Conspecific Null,MTT0,7,255,15,13,0.050909091,28,550,T,T,1,0,3,40,160,1,522,6,M,132,123,0.455172414
11211,A01,812101,SH,09:34,107,NA,43,77,NA,43,LW,D,,Nov-13-2023,2023,11,13,0.401869159,0.558441558,NA,NA,NA,NA,Conspecific Null,SHH0,8,184,2,19,0.04338843,21,484,H,H,1,0,0,1,1,1,463,7,S,86,98,0.558441558
11221,A02,812102,SH,09:35,79,NA,13,86,NA,16,LW,D,,Nov-13-2023,2023,11,13,0.164556962,0.186046512,NA,NA,NA,NA,Conspecific Control,SHHC,8,165,53,32,0.181236674,85,469,H,H,0,0,0,2,2,1,384,7,S,29,136,0.186046512
11231,A03,812103,SH,09:36,133,NA,18,96,NA,28,LW,D,,Nov-13-2023,2023,11,13,0.135338346,0.291666667,NA,NA,NA,NA,Allospecific Control,SHTC,8,229,25,24,0.13172043,49,372,H,T,0,1,0,3,3,1,323,7,S,46,183,0.291666667
11241,A04,812104,SH,09:37,40,NA,10,40,NA,12,LW,D,,Nov-13-2023,2023,11,13,0.25,0.3,NA,NA,NA,NA,Allospecific Null,SHT0,8,80,19,59,0.137809187,78,566,H,T,1,1,0,4,4,1,488,7,S,22,58,0.3
11251,A05,812105,SH,09:38,91,NA,25,49,NA,8,LW,D,,Nov-13-2023,2023,11,13,0.274725275,0.163265306,NA,NA,NA,NA,Allospecific Null,SHT0,8,140,50,47,0.061392405,97,1580,H,T,1,1,0,5,5,1,1483,7,S,33,107,0.163265306
11261,A06,812106,SH,09:39,70,NA,15,65,NA,15,LW,D,,Nov-13-2023,2023,11,13,0.214285714,0.230769231,NA,NA,NA,NA,Allospecific Control,SHTC,8,135,6,14,0.024721879,20,809,H,T,0,1,0,6,6,1,789,7,S,30,105,0.230769231
11271,A07,812107,SH,09:40,14,NA,5,71,NA,9,LW,D,,Nov-13-2023,2023,11,13,0.357142857,0.126760563,NA,NA,NA,NA,Conspecific Control,SHHC,8,85,26,16,0.038745387,42,1084,H,H,0,0,0,7,7,1,1042,7,S,14,71,0.126760563
11281,A08,812108,SH,09:41,57,NA,17,67,NA,26,LW,D,,Nov-13-2023,2023,11,13,0.298245614,0.388059701,NA,NA,NA,NA,Conspecific Null,SHH0,8,124,25,45,0.089858793,70,779,H,H,1,0,0,8,8,1,709,7,S,43,81,0.388059701
11291,A09,812109,SH,09:42,112,NA,32,76,NA,15,LW,D,,Nov-13-2023,2023,11,13,0.285714286,0.197368421,NA,NA,NA,NA,Allospecific Control,SHTC,8,188,21,11,0.048484848,32,660,H,T,0,1,0,9,9,1,628,7,S,47,141,0.197368421
11301,A10,812110,SH,09:44,0,NA,0,0,NA,0,LW,D,Extinct,Nov-13-2023,2023,11,13,0,0,NA,NA,NA,NA,Conspecific Null,SHH0,8,0,0,0,0,0,19,H,H,1,0,0,10,10,1,19,7,S,0,0,0
11311,A11,812111,SH,09:46,229,NA,73,139,NA,68,LW,D,,Nov-13-2023,2023,11,13,0.318777293,0.489208633,NA,NA,NA,NA,Conspecific Control,SHHC,8,368,29,17,0.081128748,46,567,H,H,0,0,0,11,11,1,521,7,S,141,227,0.489208633
11321,A12,812112,SH,09:48,110,NA,77,68,NA,37,LW,D,,Nov-13-2023,2023,11,13,0.7,0.544117647,NA,NA,NA,NA,Conspecific Null,SHH0,8,178,47,38,0.102905569,85,826,H,H,1,0,0,12,12,1,741,7,S,114,64,0.544117647
11331,A13,812113,SH,09:50,79,NA,35,23,NA,8,LW,D,,Nov-13-2023,2023,11,13,0.443037975,0.347826087,NA,NA,NA,NA,Conspecific Null,SHH0,8,102,42,58,0.119904077,100,834,H,H,1,0,0,13,13,1,734,7,S,43,59,0.347826087
11341,A14,812114,SH,09:52,115,NA,52,49,NA,26,LW,D,,Nov-13-2023,2023,11,13,0.452173913,0.530612245,NA,NA,NA,NA,Allospecific Control,SHTC,8,164,60,80,0.264150943,140,530,H,T,0,1,0,14,14,1,390,7,S,78,86,0.530612245
11351,A15,812115,SH,09:54,53,NA,33,221,NA,52,LW,D,,Nov-13-2023,2023,11,13,0.622641509,0.235294118,NA,NA,NA,NA,Allospecific Null,SHT0,8,274,8,12,0.035335689,20,566,H,T,1,1,0,15,15,1,546,7,S,85,189,0.235294118
11361,A16,812116,SH,09:56,146,NA,36,223,NA,31,LW,D,,Nov-13-2023,2023,11,13,0.246575342,0.139013453,NA,NA,NA,NA,Allospecific Control,SHTC,8,369,25,44,0.101173021,69,682,H,T,0,1,0,16,16,1,613,7,S,67,302,0.139013453
11371,A17,812117,SH,09:58,116,NA,27,69,NA,29,LW,D,,Nov-13-2023,2023,11,13,0.232758621,0.420289855,NA,NA,NA,NA,Conspecific Control,SHHC,8,185,11,35,0.163701068,46,281,H,H,0,0,0,17,17,1,235,7,S,56,129,0.420289855
11381,A18,812118,SH,10:00,113,NA,51,108,NA,66,LW,D,,Nov-13-2023,2023,11,13,0.451327434,0.611111111,NA,NA,NA,NA,Conspecific Control,SHHC,8,221,15,6,0.046666667,21,450,H,H,0,0,0,18,18,1,429,7,S,117,104,0.611111111
11391,A19,812119,SH,10:02,167,NA,41,87,NA,27,LW,D,,Nov-13-2023,2023,11,13,0.245508982,0.310344828,NA,NA,NA,NA,Allospecific Null,SHT0,8,254,37,48,0.15858209,85,536,H,T,1,1,0,19,19,1,451,7,S,68,186,0.310344828
11401,A20,812120,SH,10:04,120,NA,39,105,NA,23,LW,D,,Nov-13-2023,2023,11,13,0.325,0.219047619,NA,NA,NA,NA,Allospecific Control,SHTC,8,225,11,12,0.042201835,23,545,H,T,0,1,0,20,20,1,522,7,S,62,163,0.219047619
11411,A21,812121,SH,10:06,91,NA,28,60,NA,32,LW,D,,Nov-13-2023,2023,11,13,0.307692308,0.533333333,NA,NA,NA,NA,Conspecific Control,SHHC,8,151,4,11,0.034013605,15,441,H,H,0,0,0,21,21,1,426,7,S,60,91,0.533333333
11421,A22,812122,SH,10:08,147,NA,78,86,NA,35,LW,D,,Nov-13-2023,2023,11,13,0.530612245,0.406976744,NA,NA,NA,NA,Conspecific Null,SHH0,8,233,8,18,0.026859504,26,968,H,H,1,0,0,22,22,1,942,7,S,113,120,0.406976744
11431,A23,812123,SH,10:10,70,NA,47,46,NA,25,LW,D,,Nov-13-2023,2023,11,13,0.671428571,0.543478261,NA,NA,NA,NA,Conspecific Null,SHH0,8,116,8,32,0.063897764,40,626,H,H,1,0,0,23,23,1,586,7,S,72,44,0.543478261
11441,A24,812124,SH,10:12,157,NA,52,38,NA,31,LW,D,,Nov-13-2023,2023,11,13,0.331210191,0.815789474,NA,NA,NA,NA,Allospecific Null,SHT0,8,195,11,13,0.05955335,24,403,H,T,1,1,0,24,24,1,379,7,S,83,112,0.815789474
11451,A25,812125,SH,10:14,37,NA,18,59,NA,15,LW,D,,Nov-13-2023,2023,11,13,0.486486486,0.254237288,NA,NA,NA,NA,Allospecific Control,SHTC,8,96,54,43,0.223502304,97,434,H,T,0,1,0,25,25,1,337,7,S,33,63,0.254237288
11461,A26,812126,SH,10:16,49,NA,38,173,NA,31,LW,D,,Nov-13-2023,2023,11,13,0.775510204,0.179190751,NA,NA,NA,NA,Conspecific Control,SHHC,8,222,21,16,0.075510204,37,490,H,H,0,0,0,26,26,1,453,7,S,69,153,0.179190751
11471,A27,812127,SH,10:18,206,NA,106,114,NA,80,LW,D,,Nov-13-2023,2023,11,13,0.514563107,0.701754386,NA,NA,NA,NA,Allospecific Null,SHT0,8,320,18,6,0.04379562,24,548,H,T,1,1,0,27,27,1,524,7,S,186,134,0.701754386
11481,A28,812128,SH,10:20,115,NA,36,96,NA,29,LW,D,,Nov-13-2023,2023,11,13,0.313043478,0.302083333,NA,NA,NA,NA,Conspecific Control,SHHC,8,211,42,32,0.153526971,74,482,H,H,0,0,0,28,28,1,408,7,S,65,146,0.302083333
11491,A29,812129,SH,10:22,110,NA,58,77,NA,62,LW,D,,Nov-13-2023,2023,11,13,0.527272727,0.805194805,NA,NA,NA,NA,Conspecific Null,SHH0,8,187,2,2,0.005925926,4,675,H,H,1,0,0,29,29,1,671,7,S,120,67,0.805194805
11501,A30,812130,SH,10:22,22,NA,11,29,NA,8,LW,D,,Nov-13-2023,2023,11,13,0.5,0.275862069,NA,NA,NA,NA,Conspecific Null,SHH0,8,51,105,197,0.325080732,302,929,H,H,1,0,0,30,30,1,627,7,S,19,32,0.275862069
11511,A31,812131,SH,10:24,42,NA,16,46,NA,10,LW,D,,Nov-13-2023,2023,11,13,0.380952381,0.217391304,NA,NA,NA,NA,Allospecific Null,SHT0,8,88,6,2,0.014159292,8,565,H,T,1,1,0,31,31,1,557,7,S,26,62,0.217391304
11521,A32,812132,SH,10:26,136,NA,37,150,NA,30,LW,D,,Nov-13-2023,2023,11,13,0.272058824,0.2,NA,NA,NA,NA,Allospecific Null,SHT0,8,286,16,17,0.081885856,33,403,H,T,1,1,0,32,32,1,370,7,S,67,219,0.2
11531,A33,812133,SH,10:28,66,NA,40,91,NA,31,LW,D,,Nov-13-2023,2023,11,13,0.606060606,0.340659341,NA,NA,NA,NA,Conspecific Control,SHHC,8,157,28,29,0.166180758,57,343,H,H,0,0,0,33,33,1,286,7,S,71,86,0.340659341
11541,A34,812134,SH,10:30,143,NA,23,116,NA,33,LW,D,,Nov-13-2023,2023,11,13,0.160839161,0.284482759,NA,NA,NA,NA,Conspecific Control,SHHC,8,259,9,10,0.050531915,19,376,H,H,0,0,0,34,34,1,357,7,S,56,203,0.284482759
11551,A35,812135,SH,10:32,0,NA,0,0,NA,0,LW,D,Extinct,Nov-13-2023,2023,11,13,0,0,NA,NA,NA,NA,Allospecific Control,SHTC,8,0,0,0,0,0,64,H,T,0,1,0,35,35,1,64,7,S,0,0,0
11561,A36,812136,SH,10:34,282,NA,100,140,NA,26,LW,D,,Nov-13-2023,2023,11,13,0.354609929,0.185714286,NA,NA,NA,NA,Allospecific Null,SHT0,8,422,25,33,0.087878788,58,660,H,T,1,1,0,36,36,1,602,7,S,126,296,0.185714286
11571,A37,812137,SH,10:36,63,NA,16,123,NA,38,LW,D,,Nov-13-2023,2023,11,13,0.253968254,0.308943089,NA,NA,NA,NA,Allospecific Control,SHTC,8,186,28,17,0.069767442,45,645,H,T,0,1,0,37,37,1,600,7,S,54,132,0.308943089
11581,A38,812138,SH,10:38,148,NA,43,113,NA,43,LW,D,,Nov-13-2023,2023,11,13,0.290540541,0.380530973,NA,NA,NA,NA,Allospecific Control,SHTC,8,261,8,10,0.02384106,18,755,H,T,0,1,0,38,38,1,737,7,S,86,175,0.380530973
11591,A39,812139,SH,10:40,23,NA,11,15,NA,9,LW,D,,Nov-13-2023,2023,11,13,0.47826087,0.6,NA,NA,NA,NA,Allospecific Null,SHT0,8,38,18,23,0.078393881,41,523,H,T,1,1,0,39,39,1,482,7,S,20,18,0.6
11601,A40,812140,SH,10:42,44,NA,15,78,NA,49,LW,D,,Nov-13-2023,2023,11,13,0.340909091,0.628205128,NA,NA,NA,NA,Conspecific Null,SHH0,8,122,35,34,0.193820225,69,356,H,H,1,0,0,40,40,1,287,7,S,64,58,0.628205128
11611,B01,812201,ST,10:44,67,NA,11,77,NA,29,LW,D,,Nov-13-2023,2023,11,13,0.164179104,0.376623377,NA,NA,NA,NA,Conspecific Null,STT0,8,144,6,6,0.025531915,12,470,T,T,1,0,1,1,41,1,458,7,S,40,104,0.376623377
11621,B02,812202,ST,10:46,14,NA,3,46,NA,10,LW,D,,Nov-13-2023,2023,11,13,0.214285714,0.217391304,NA,NA,NA,NA,Allospecific Control,STHC,8,60,40,44,0.383561644,84,219,T,H,0,1,1,2,42,1,135,7,S,13,47,0.217391304
11631,B03,812203,ST,10:48,188,NA,29,93,NA,22,LW,D,,Nov-13-2023,2023,11,13,0.154255319,0.23655914,NA,NA,NA,NA,Allospecific Control,STHC,8,281,49,35,0.22826087,84,368,T,H,0,1,1,3,43,1,284,7,S,51,230,0.23655914
11641,B04,812204,ST,10:50,30,NA,13,61,NA,15,LW,D,,Nov-13-2023,2023,11,13,0.433333333,0.245901639,NA,NA,NA,NA,Allospecific Control,STHC,8,91,22,25,0.246073298,47,191,T,H,0,1,1,4,44,1,144,7,S,28,63,0.245901639
11651,B05,812205,ST,10:52,78,NA,14,72,NA,16,LW,D,,Nov-13-2023,2023,11,13,0.179487179,0.222222222,NA,NA,NA,NA,Allospecific Control,STHC,8,150,10,14,0.048192771,24,498,T,H,0,1,1,5,45,1,474,7,S,30,120,0.222222222
11661,B06,812206,ST,10:54,199,NA,48,182,NA,53,LW,D,,Nov-13-2023,2023,11,13,0.24120603,0.291208791,NA,NA,NA,NA,Allospecific Control,STHC,8,381,17,25,0.063253012,42,664,T,H,0,1,1,6,46,1,622,7,S,101,280,0.291208791
11671,B07,812207,ST,10:56,62,NA,30,46,NA,28,LW,D,,Nov-13-2023,2023,11,13,0.483870968,0.608695652,NA,NA,NA,NA,Conspecific Control,STTC,8,108,29,40,0.104387292,69,661,T,T,0,0,1,7,47,1,592,7,S,58,50,0.608695652
11681,B08,812208,ST,10:58,91,NA,24,98,NA,18,LW,D,,Nov-13-2023,2023,11,13,0.263736264,0.183673469,NA,NA,NA,NA,Conspecific Control,STTC,8,189,121,132,0.755223881,253,335,T,T,0,0,1,8,48,1,82,7,S,42,147,0.183673469
11691,B09,812209,ST,11:00,83,NA,15,32,NA,3,LW,D,,Nov-13-2023,2023,11,13,0.180722892,0.09375,NA,NA,NA,NA,Conspecific Null,STT0,8,115,16,14,0.047021944,30,638,T,T,1,0,1,9,49,1,608,7,S,18,97,0.09375
11701,B10,812210,ST,11:02,32,NA,6,39,NA,9,LW,D,,Nov-13-2023,2023,11,13,0.1875,0.230769231,NA,NA,NA,NA,Conspecific Control,STTC,8,71,19,36,0.123595506,55,445,T,T,0,0,1,10,50,1,390,7,S,15,56,0.230769231
11711,B11,812211,ST,11:04,121,NA,22,97,NA,34,LW,D,,Nov-13-2023,2023,11,13,0.181818182,0.350515464,NA,NA,NA,NA,Allospecific Control,STHC,8,218,24,37,0.144893112,61,421,T,H,0,1,1,11,51,1,360,7,S,56,162,0.350515464
11721,B12,812212,ST,11:06,59,NA,22,16,NA,11,LW,D,,Nov-13-2023,2023,11,13,0.372881356,0.6875,NA,NA,NA,NA,Allospecific Null,STH0,8,75,31,33,0.079800499,64,802,T,H,1,1,1,12,52,1,738,7,S,33,42,0.6875
11731,B13,812213,ST,11:08,26,NA,4,28,NA,4,LW,D,,Nov-13-2023,2023,11,13,0.153846154,0.142857143,NA,NA,NA,NA,Conspecific Null,STT0,8,54,7,9,0.024539877,16,652,T,T,1,0,1,13,53,1,636,7,S,8,46,0.142857143
11741,B14,812214,ST,11:10,36,NA,9,59,NA,13,LW,D,,Nov-13-2023,2023,11,13,0.25,0.220338983,NA,NA,NA,NA,Conspecific Null,STT0,8,95,10,11,0.0525,21,400,T,T,1,0,1,14,54,1,379,7,S,22,73,0.220338983
11751,B15,812215,ST,11:12,49,NA,12,26,NA,18,LW,D,,Nov-13-2023,2023,11,13,0.244897959,0.692307692,NA,NA,NA,NA,Allospecific Control,STHC,8,75,44,49,0.14374034,93,647,T,H,0,1,1,15,55,1,554,7,S,30,45,0.692307692
11761,B16,812216,ST,11:14,139,NA,50,137,NA,33,LW,D,,Nov-13-2023,2023,11,13,0.35971223,0.240875912,NA,NA,NA,NA,Conspecific Null,STT0,8,276,23,30,0.099437148,53,533,T,T,1,0,1,16,56,1,480,7,S,83,193,0.240875912
11771,B17,812217,ST,11:16,53,NA,11,28,NA,13,LW,D,,Nov-13-2023,2023,11,13,0.20754717,0.464285714,NA,NA,NA,NA,Conspecific Control,STTC,8,81,21,22,0.141447368,43,304,T,T,0,0,1,17,57,1,261,7,S,24,57,0.464285714
11781,B18,812218,ST,11:18,137,NA,32,47,NA,4,LW,D,,Nov-13-2023,2023,11,13,0.233576642,0.085106383,NA,NA,NA,NA,Conspecific Null,STT0,8,184,11,14,0.027262814,25,917,T,T,1,0,1,18,58,1,892,7,S,36,148,0.085106383
11791,B19,812219,ST,11:20,45,NA,13,20,NA,11,LW,D,,Nov-13-2023,2023,11,13,0.288888889,0.55,NA,NA,NA,NA,Conspecific Control,STTC,8,65,6,10,0.032388664,16,494,T,T,0,0,1,19,59,1,478,7,S,24,41,0.55
11801,B20,812220,ST,11:22,35,NA,8,56,NA,4,LW,D,,Nov-13-2023,2023,11,13,0.228571429,0.071428571,NA,NA,NA,NA,Allospecific Null,STH0,8,91,3,5,0.017660044,8,453,T,H,1,1,1,20,60,1,445,7,S,12,79,0.071428571
11811,B21,812221,ST,11:24,87,NA,13,49,NA,13,LW,D,,Nov-13-2023,2023,11,13,0.149425287,0.265306122,NA,NA,NA,NA,Conspecific Control,STTC,8,136,0,1,0.002188184,1,457,T,T,0,0,1,21,61,1,456,7,S,26,110,0.265306122
11821,B22,812222,ST,11:26,71,NA,20,104,NA,15,LW,D,,Nov-13-2023,2023,11,13,0.281690141,0.144230769,NA,NA,NA,NA,Conspecific Control,STTC,8,175,6,7,0.020733652,13,627,T,T,0,0,1,22,62,1,614,7,S,35,140,0.144230769
11831,B23,812223,ST,11:28,135,NA,31,78,NA,12,LW,D,,Nov-13-2023,2023,11,13,0.22962963,0.153846154,NA,NA,NA,NA,Allospecific Null,STH0,8,213,3,6,0.014516129,9,620,T,H,1,1,1,23,63,1,611,7,S,43,170,0.153846154
11841,B24,812224,ST,11:30,45,NA,15,87,NA,16,LW,D,,Nov-13-2023,2023,11,13,0.333333333,0.183908046,NA,NA,NA,NA,Allospecific Null,STH0,8,132,32,23,0.209125475,55,263,T,H,1,1,1,24,64,1,208,7,S,31,101,0.183908046
11851,B25,812225,ST,11:32,225,NA,80,96,NA,53,LW,D,,Nov-13-2023,2023,11,13,0.355555556,0.552083333,NA,NA,NA,NA,Allospecific Null,STH0,8,321,2,7,0.012747875,9,706,T,H,1,1,1,25,65,1,697,7,S,133,188,0.552083333
11861,B26,812226,ST,11:34,15,NA,2,15,NA,5,LW,D,,Nov-13-2023,2023,11,13,0.133333333,0.333333333,NA,NA,NA,NA,Conspecific Null,STT0,8,30,1,2,0.003264418,3,919,T,T,1,0,1,26,66,1,916,7,S,7,23,0.333333333
11871,B27,812227,ST,11:36,81,NA,10,20,NA,2,LW,D,,Nov-13-2023,2023,11,13,0.12345679,0.1,NA,NA,NA,NA,Allospecific Control,STHC,8,101,11,16,0.052529183,27,514,T,H,0,1,1,27,67,1,487,7,S,12,89,0.1
11881,B28,812228,ST,11:38,150,NA,20,25,NA,12,LW,D,,Nov-13-2023,2023,11,13,0.133333333,0.48,NA,NA,NA,NA,Allospecific Null,STH0,8,175,26,59,0.066045066,85,1287,T,H,1,1,1,28,68,1,1202,7,S,32,143,0.48
11891,B29,812229,ST,11:40,0,NA,0,0,NA,0,LW,D,Extinct,Nov-13-2023,2023,11,13,0,0,NA,NA,NA,NA,Allospecific Null,STH0,8,0,0,0,#DIV/0!,0,0,T,H,1,1,1,29,69,1,0,7,S,0,0,0
11901,B30,812230,ST,13:00,5,NA,1,60,NA,1,LW,D,,Nov-13-2023,2023,11,13,0.2,0.016666667,NA,NA,NA,NA,Conspecific Null,STT0,8,65,3,3,0.006376196,6,941,T,T,1,0,1,30,70,1,935,7,S,2,63,0.016666667
11911,B31,812231,ST,13:01,32,NA,22,20,NA,13,LW,D,,Nov-13-2023,2023,11,13,0.6875,0.65,NA,NA,NA,NA,Conspecific Null,STT0,8,52,9,14,0.066091954,23,348,T,T,1,0,1,31,71,1,325,7,S,35,17,0.65
11921,B32,812232,ST,13:02,50,NA,14,23,NA,11,LW,D,,Nov-13-2023,2023,11,13,0.28,0.47826087,NA,NA,NA,NA,Allospecific Null,STH0,8,73,2,3,0.009615385,5,520,T,H,1,1,1,32,72,1,515,7,S,25,48,0.47826087
11931,B33,812233,ST,13:03,50,NA,9,17,NA,5,LW,D,,Nov-13-2023,2023,11,13,0.18,0.294117647,NA,NA,NA,NA,Conspecific Control,STTC,8,67,3,7,0.028409091,10,352,T,T,0,0,1,33,73,1,342,7,S,14,53,0.294117647
11941,B34,812234,ST,13:04,58,NA,6,62,NA,8,LW,D,,Nov-13-2023,2023,11,13,0.103448276,0.129032258,NA,NA,NA,NA,Allospecific Control,STHC,8,120,13,16,0.048333333,29,600,T,H,0,1,1,34,74,1,571,7,S,14,106,0.129032258
11951,B35,812235,ST,13:05,29,NA,9,40,NA,13,LW,D,,Nov-13-2023,2023,11,13,0.310344828,0.325,NA,NA,NA,NA,Allospecific Control,STHC,8,69,46,63,0.222903885,109,489,T,H,0,1,1,35,75,1,380,7,S,22,47,0.325
11961,B36,812236,ST,13:06,70,NA,21,142,NA,22,LW,D,,Nov-13-2023,2023,11,13,0.3,0.154929577,NA,NA,NA,NA,Conspecific Control,STTC,8,212,31,40,0.094039735,71,755,T,T,0,0,1,36,76,1,684,7,S,43,169,0.154929577
11971,B37,812237,ST,13:07,80,NA,34,71,NA,18,LW,D,,Nov-13-2023,2023,11,13,0.425,0.253521127,NA,NA,NA,NA,Conspecific Null,STT0,8,151,13,13,0.051181102,26,508,T,T,1,0,1,37,77,1,482,7,S,52,99,0.253521127
11981,B38,812238,ST,13:08,95,NA,22,67,NA,24,LW,D,,Nov-13-2023,2023,11,13,0.231578947,0.358208955,NA,NA,NA,NA,Conspecific Control,STTC,8,162,10,14,0.035928144,24,668,T,T,0,0,1,38,78,1,644,7,S,46,116,0.358208955
11991,B39,812239,ST,13:09,43,NA,10,21,NA,7,LW,D,,Nov-13-2023,2023,11,13,0.23255814,0.333333333,NA,NA,NA,NA,Allospecific Null,STH0,8,64,12,13,0.064102564,25,390,T,H,1,1,1,39,79,1,365,7,S,17,47,0.333333333
12001,B40,812240,ST,13:10,51,NA,17,33,NA,10,LW,D,,Nov-13-2023,2023,11,13,0.333333333,0.303030303,NA,NA,NA,NA,Allospecific Null,STH0,8,84,6,6,0.013377926,12,897,T,H,1,1,1,40,80,1,885,7,S,27,57,0.303030303
12011,C01,812301,MH,13:12,119,NA,29,143,NA,26,LW,D,,Nov-13-2023,2023,11,13,0.243697479,0.181818182,NA,NA,NA,NA,Allospecific Null,MHT0,8,262,11,5,0.020278834,16,789,H,T,1,1,2,1,81,1,773,7,M,55,207,0.181818182
12021,C02,812302,MH,13:14,133,NA,43,228,NA,77,LW,D,,Nov-13-2023,2023,11,13,0.323308271,0.337719298,NA,NA,NA,NA,Allospecific Control,MHTC,8,361,11,6,0.036717063,17,463,H,T,0,1,2,2,82,1,446,7,M,120,241,0.337719298
12031,C03,812303,MH,13:16,284,NA,92,232,NA,38,LW,D,,Nov-13-2023,2023,11,13,0.323943662,0.163793103,NA,NA,NA,NA,Conspecific Control,MHHC,8,516,11,7,0.036,18,500,H,H,0,0,2,3,83,1,482,7,M,130,386,0.163793103
12041,C04,812304,MH,13:18,119,NA,46,131,NA,67,LW,D,,Nov-13-2023,2023,11,13,0.386554622,0.511450382,NA,NA,NA,NA,Allospecific Null,MHT0,8,250,11,12,0.049250535,23,467,H,T,1,1,2,4,84,1,444,7,M,113,137,0.511450382
12051,C05,812305,MH,13:20,36,NA,19,53,NA,25,LW,D,,Nov-13-2023,2023,11,13,0.527777778,0.471698113,NA,NA,NA,NA,Conspecific Control,MHHC,8,89,15,3,0.028526149,18,631,H,H,0,0,2,5,85,1,613,7,M,44,45,0.471698113
12061,C06,812306,MH,13:22,171,NA,48,117,NA,41,LW,D,,Nov-13-2023,2023,11,13,0.280701754,0.35042735,NA,NA,NA,NA,Allospecific Null,MHT0,8,288,20,5,0.054704595,25,457,H,T,1,1,2,6,86,1,432,7,M,89,199,0.35042735
12071,C07,812307,MH,13:24,110,NA,23,58,NA,17,LW,D,,Nov-13-2023,2023,11,13,0.209090909,0.293103448,NA,NA,NA,NA,Allospecific Control,MHTC,8,168,2,9,0.017350158,11,634,H,T,0,1,2,7,87,1,623,7,M,40,128,0.293103448
12081,C08,812308,MH,13:26,64,NA,8,32,NA,14,LW,D,,Nov-13-2023,2023,11,13,0.125,0.4375,NA,NA,NA,NA,Conspecific Null,MHH0,8,96,11,24,0.035282258,35,992,H,H,1,0,2,8,88,1,957,7,M,22,74,0.4375
12091,C09,812309,MH,13:28,101,NA,21,105,NA,14,LW,D,,Nov-13-2023,2023,11,13,0.207920792,0.133333333,NA,NA,NA,NA,Conspecific Control,MHHC,8,206,54,7,0.05475763,61,1114,H,H,0,0,2,9,89,1,1053,7,M,35,171,0.133333333
12101,C10,812310,MH,13:30,135,NA,20,235,NA,18,LW,D,,Nov-13-2023,2023,11,13,0.148148148,0.076595745,NA,NA,NA,NA,Allospecific Control,MHTC,8,370,8,5,0.016209476,13,802,H,T,0,1,2,10,90,1,789,7,M,38,332,0.076595745
12111,C11,812311,MH,13:32,194,NA,40,137,NA,32,LW,D,,Nov-13-2023,2023,11,13,0.206185567,0.233576642,NA,NA,NA,NA,Allospecific Null,MHT0,8,331,3,8,0.026128266,11,421,H,T,1,1,2,11,91,1,410,7,M,72,259,0.233576642
12121,C12,812312,MH,13:34,149,NA,23,124,NA,35,LW,D,,Nov-13-2023,2023,11,13,0.154362416,0.282258065,NA,NA,NA,NA,Conspecific Null,MHH0,8,273,17,18,0.023240372,35,1506,H,H,1,0,2,12,92,1,1471,7,M,58,215,0.282258065
12131,C13,812313,MH,13:36,7,NA,3,5,NA,5,LW,D,,Nov-13-2023,2023,11,13,0.428571429,1,NA,NA,NA,NA,Conspecific Control,MHHC,8,12,17,12,0.046178344,29,628,H,H,0,0,2,13,93,1,599,7,M,8,4,1
12141,C14,812314,MH,13:38,248,NA,97,187,NA,68,LW,D,,Nov-13-2023,2023,11,13,0.391129032,0.363636364,NA,NA,NA,NA,Conspecific Control,MHHC,8,435,5,10,0.035377358,15,424,H,H,0,0,2,14,94,1,409,7,M,165,270,0.363636364
12151,C15,812315,MH,13:40,279,NA,83,139,NA,54,LW,D,,Nov-13-2023,2023,11,13,0.297491039,0.388489209,NA,NA,NA,NA,Conspecific Null,MHH0,8,418,49,54,0.181978799,103,566,H,H,1,0,2,15,95,1,463,7,M,137,281,0.388489209
12161,C16,812316,MH,13:42,97,NA,8,35,NA,24,LW,D,,Nov-13-2023,2023,11,13,0.082474227,0.685714286,NA,NA,NA,NA,Conspecific Null,MHH0,8,132,55,48,0.269633508,103,382,H,H,1,0,2,16,96,1,279,7,M,32,100,0.685714286
12171,C17,812317,MH,13:44,305,NA,83,202,NA,49,LW,D,,Nov-13-2023,2023,11,13,0.272131148,0.242574257,NA,NA,NA,NA,Allospecific Null,MHT0,8,507,2,4,0.009022556,6,665,H,T,1,1,2,17,97,1,659,7,M,132,375,0.242574257
12181,C18,812318,MH,13:46,136,NA,26,54,NA,20,LW,D,,Nov-13-2023,2023,11,13,0.191176471,0.37037037,NA,NA,NA,NA,Conspecific Null,MHH0,8,190,58,22,0.125,80,640,H,H,1,0,2,18,98,1,560,7,M,46,144,0.37037037
12191,C19,812319,MH,13:48,15,NA,4,29,NA,15,LW,D,,Nov-13-2023,2023,11,13,0.266666667,0.517241379,NA,NA,NA,NA,Allospecific Null,MHT0,8,44,1,4,0.007961783,5,628,H,T,1,1,2,19,99,1,623,7,M,19,25,0.517241379
12201,C20,812320,MH,13:50,133,NA,30,131,NA,16,LW,D,,Nov-13-2023,2023,11,13,0.22556391,0.122137405,NA,NA,NA,NA,Conspecific Null,MHH0,8,264,47,21,0.057480981,68,1183,H,H,1,0,2,20,100,1,1115,7,M,46,218,0.122137405
12211,C21,812321,MH,13:52,138,NA,38,48,NA,11,LW,D,,Nov-13-2023,2023,11,13,0.275362319,0.229166667,NA,NA,NA,NA,Conspecific Null,MHH0,8,186,13,33,0.037246964,46,1235,H,H,1,0,2,21,101,1,1189,7,M,49,137,0.229166667
12221,C22,812322,MH,13:54,53,NA,14,72,NA,29,LW,D,,Nov-13-2023,2023,11,13,0.264150943,0.402777778,NA,NA,NA,NA,Conspecific Control,MHHC,8,125,3,7,0.016051364,10,623,H,H,0,0,2,22,102,1,613,7,M,43,82,0.402777778
12231,C23,812323,MH,13:56,244,NA,43,108,NA,45,LW,D,,Nov-13-2023,2023,11,13,0.176229508,0.416666667,NA,NA,NA,NA,Allospecific Null,MHT0,8,352,22,18,0.089485459,40,447,H,T,1,1,2,23,103,1,407,7,M,88,264,0.416666667
12241,C24,812324,MH,10:02,272,NA,74,110,NA,21,LW,D,,Nov-13-2023,2023,11,13,0.272058824,0.190909091,NA,NA,NA,NA,Allospecific Null,MHT0,8,382,3,2,0.028248588,5,177,H,T,1,1,2,24,104,1,172,7,M,95,287,0.190909091
12251,C25,812325,MH,10:04,93,NA,28,33,NA,21,LW,D,,Nov-13-2023,2023,11,13,0.301075269,0.636363636,NA,NA,NA,NA,Conspecific Control,MHHC,8,126,3,12,0.065502183,15,229,H,H,0,0,2,25,105,1,214,7,M,49,77,0.636363636
12261,C26,812326,MH,14:20,132,NA,30,105,NA,30,LW,D,,Nov-13-2023,2023,11,13,0.227272727,0.285714286,NA,NA,NA,NA,Conspecific Null,MHH0,8,237,2,1,0.004862237,3,617,H,H,1,0,2,26,106,1,614,7,M,60,177,0.285714286
12271,C27,812327,MH,14:21,23,NA,7,14,NA,10,LW,D,,Nov-13-2023,2023,11,13,0.304347826,0.714285714,NA,NA,NA,NA,Allospecific Null,MHT0,8,37,25,12,0.090686275,37,408,H,T,1,1,2,27,107,1,371,7,M,17,20,0.714285714
12281,C28,812328,MH,14:23,66,NA,17,24,NA,15,LW,D,,Nov-13-2023,2023,11,13,0.257575758,0.625,NA,NA,NA,NA,Allospecific Control,MHTC,8,90,2,2,0.006655574,4,601,H,T,0,1,2,28,108,1,597,7,M,32,58,0.625
12291,C29,812329,MH,14:25,59,NA,46,60,NA,42,LW,D,,Nov-13-2023,2023,11,13,0.779661017,0.7,NA,NA,NA,NA,Conspecific Control,MHHC,8,119,42,50,0.16399287,92,561,H,H,0,0,2,29,109,1,469,7,M,88,31,0.7
12301,C30,812330,MH,14:26,173,NA,29,164,NA,51,LW,D,,Nov-13-2023,2023,11,13,0.167630058,0.31097561,NA,NA,NA,NA,Allospecific Control,MHTC,8,337,6,5,0.016717325,11,658,H,T,0,1,2,30,110,1,647,7,M,80,257,0.31097561
12311,C31,812331,MH,14:31,201,NA,56,113,NA,70,LW,D,,Nov-13-2023,2023,11,13,0.278606965,0.619469027,NA,NA,NA,NA,Conspecific Control,MHHC,8,314,0,0,0,0,564,H,H,0,0,2,31,111,1,564,7,M,126,188,0.619469027
12321,C32,812332,MH,14:32,73,NA,25,92,NA,20,LW,D,,Nov-13-2023,2023,11,13,0.342465753,0.217391304,NA,NA,NA,NA,Conspecific Null,MHH0,8,165,39,67,0.269035533,106,394,H,H,1,0,2,32,112,1,288,7,M,45,120,0.217391304
12331,C33,812333,MH,14:34,129,NA,22,37,NA,15,LW,D,,Nov-13-2023,2023,11,13,0.170542636,0.405405405,NA,NA,NA,NA,Allospecific Control,MHTC,8,166,21,43,0.1,64,640,H,T,0,1,2,33,113,1,576,7,M,37,129,0.405405405
12341,C34,812334,MH,14:36,38,NA,7,41,NA,16,LW,D,,Nov-13-2023,2023,11,13,0.184210526,0.390243902,NA,NA,NA,NA,Allospecific Control,MHTC,8,79,5,2,0.017721519,7,395,H,T,0,1,2,34,114,1,388,7,M,23,56,0.390243902
12351,C35,812335,MH,14:37,151,NA,35,190,NA,68,LW,D,,Nov-13-2023,2023,11,13,0.231788079,0.357894737,NA,NA,NA,NA,Allospecific Null,MHT0,8,341,13,27,0.125786164,40,318,H,T,1,1,2,35,115,1,278,7,M,103,238,0.357894737
12361,C36,812336,MH,14:38,345,NA,105,127,NA,42,LW,D,,Nov-13-2023,2023,11,13,0.304347826,0.330708661,NA,NA,NA,NA,Allospecific Control,MHTC,8,472,11,12,0.025054466,23,918,H,T,0,1,2,36,116,1,895,7,M,147,325,0.330708661
12371,C37,812337,MH,14:40,98,NA,27,37,NA,27,LW,D,,Nov-13-2023,2023,11,13,0.275510204,0.72972973,NA,NA,NA,NA,Conspecific Control,MHHC,8,135,7,7,0.015555556,14,900,H,H,0,0,2,37,117,1,886,7,M,54,81,0.72972973
12381,C38,812338,MH,14:42,100,NA,38,95,NA,44,LW,D,,Nov-13-2023,2023,11,13,0.38,0.463157895,NA,NA,NA,NA,Conspecific Null,MHH0,8,195,2,14,0.017699115,16,904,H,H,1,0,2,38,118,1,888,7,M,82,113,0.463157895
12391,C39,812339,MH,14:44,118,NA,21,94,NA,17,LW,D,,Nov-13-2023,2023,11,13,0.177966102,0.180851064,NA,NA,NA,NA,Allospecific Control,MHTC,8,212,5,50,0.070512821,55,780,H,T,0,1,2,39,119,1,725,7,M,38,174,0.180851064
12401,C40,812340,MH,14:50,99,NA,27,17,NA,15,LW,D,,Nov-13-2023,2023,11,13,0.272727273,0.882352941,NA,NA,NA,NA,Allospecific Control,MHTC,8,116,25,22,0.118387909,47,397,H,T,0,1,2,40,120,1,350,7,M,42,74,0.882352941
12411,D01,812401,MT,14:56,161,NA,53,150,NA,58,LW,D,,Nov-13-2023,2023,11,13,0.329192547,0.386666667,NA,NA,NA,NA,Conspecific Null,MTT0,8,311,19,22,0.088552916,41,463,T,T,1,0,3,1,121,1,422,7,M,111,200,0.386666667
12421,D02,812402,MT,15:02,0,NA,0,0,NA,0,LW,D,,Nov-13-2023,2023,11,13,0.333333333,0.5,NA,NA,NA,NA,Conspecific Null,MTT0,8,5,67,92,1,19,19,T,T,1,0,3,2,122,1,140,7,M,0,5,0.5
12431,D03,812403,MT,15:08,20,NA,6,8,NA,2,LW,D,,Nov-13-2023,2023,11,13,0.3,0.25,NA,NA,NA,NA,Conspecific Control,MTTC,8,28,11,15,0.039755352,26,654,T,T,0,0,3,3,123,1,628,7,M,8,20,0.25
12441,D04,812404,MT,15:14,60,NA,33,31,NA,18,LW,D,,Nov-13-2023,2023,11,13,0.55,0.580645161,NA,NA,NA,NA,Allospecific Null,MTH0,8,91,12,27,0.105978261,39,368,T,H,1,1,3,4,124,1,329,7,M,51,40,0.580645161
12451,D05,812405,MT,15:20,67,NA,25,60,NA,17,LW,D,,Nov-13-2023,2023,11,13,0.373134328,0.283333333,NA,NA,NA,NA,Conspecific Null,MTT0,8,127,7,18,0.134408602,25,186,T,T,1,0,3,5,125,1,161,7,M,42,85,0.283333333
12461,D06,812406,MT,15:26,124,NA,67,85,NA,44,LW,D,,Nov-13-2023,2023,11,13,0.540322581,0.517647059,NA,NA,NA,NA,Conspecific Control,MTTC,8,209,22,19,0.222826087,41,184,T,T,0,0,3,6,126,1,143,7,M,111,98,0.517647059
12471,D07,812407,MT,15:32,46,NA,17,34,NA,14,LW,D,,Nov-13-2023,2023,11,13,0.369565217,0.411764706,NA,NA,NA,NA,Allospecific Control,MTHC,8,80,13,51,0.415584416,64,154,T,H,0,1,3,7,127,1,90,7,M,31,49,0.411764706
12481,D08,812408,MT,15:38,231,NA,110,393,NA,187,LW,D,,Nov-13-2023,2023,11,13,0.476190476,0.475826972,NA,NA,NA,NA,Conspecific Null,MTT0,8,624,37,19,0.113821138,56,492,T,T,1,0,3,8,128,1,436,7,M,297,327,0.475826972
12491,D10,812409,MT,15:44,362,NA,159,137,NA,40,LW,D,,Nov-13-2023,2023,11,13,0.439226519,0.291970803,NA,NA,NA,NA,Conspecific Control,MTTC,8,499,55,58,0.280397022,113,403,T,T,0,0,3,10,130,1,290,7,M,199,300,0.291970803
12501,D12,812410,MT,15:50,93,NA,43,79,NA,31,LW,D,,Nov-13-2023,2023,11,13,0.462365591,0.392405063,NA,NA,NA,NA,Allospecific Control,MTHC,8,172,27,80,0.524509804,107,204,T,H,0,1,3,12,132,1,97,7,M,74,98,0.392405063
12511,D11,812411,MT,15:56,106,NA,30,128,NA,69,LW,D,,Nov-13-2023,2023,11,13,0.283018868,0.5390625,NA,NA,NA,NA,Conspecific Control,MTTC,8,234,18,34,0.233183857,52,223,T,T,0,0,3,11,131,1,171,7,M,99,135,0.5390625
12521,D24,812424,MT,16:02,20,NA,6,15,NA,8,LW,D,,Nov-13-2023,2023,11,13,0.3,0.533333333,NA,NA,NA,NA,Conspecific Null,MTT0,8,35,30,50,0.167714885,80,477,T,T,1,0,3,24,144,1,397,7,M,14,21,0.533333333
12531,D13,812413,MT,16:08,0,NA,0,0,NA,0,LW,D,,Nov-13-2023,2023,11,13,0.089171975,0.184210526,NA,NA,NA,NA,Allospecific Null,MTH0,8,271,89,22,1,101,101,T,H,1,1,3,13,133,1,10,7,M,0,271,0.184210526
12541,D14,812414,MT,16:14,127,NA,15,176,NA,23,LW,D,,Nov-13-2023,2023,11,13,0.118110236,0.130681818,NA,NA,NA,NA,Conspecific Control,MTTC,8,303,15,29,0.079854809,44,551,T,T,0,0,3,14,134,1,507,7,M,38,265,0.130681818
12551,D15,812415,MT,16:20,306,NA,45,225,NA,44,LW,D,,Nov-13-2023,2023,11,13,0.147058824,0.195555556,NA,NA,NA,NA,Allospecific Null,MTH0,8,531,35,21,0.156424581,56,358,T,H,1,1,3,15,135,1,302,7,M,89,442,0.195555556
12561,D16,812416,MT,16:26,38,NA,17,70,NA,10,LW,D,,Nov-13-2023,2023,11,13,0.447368421,0.142857143,NA,NA,NA,NA,Allospecific Control,MTHC,8,108,5,21,0.069705094,26,373,T,H,0,1,3,16,136,1,347,7,M,27,81,0.142857143
12571,D17,812417,MT,16:32,147,NA,44,171,NA,47,LW,D,,Nov-13-2023,2023,11,13,0.299319728,0.274853801,NA,NA,NA,NA,Allospecific Control,MTHC,8,318,16,25,0.317829457,41,129,T,H,0,1,3,17,137,1,88,7,M,91,227,0.274853801
12581,D18,812418,MT,16:38,37,NA,12,66,NA,17,LW,D,,Nov-13-2023,2023,11,13,0.324324324,0.257575758,NA,NA,NA,NA,Allospecific Null,MTH0,8,103,31,54,0.505952381,85,168,T,H,1,1,3,18,138,1,83,7,M,29,74,0.257575758
12591,D19,812419,MT,16:44,34,NA,5,14,NA,3,LW,D,,Nov-13-2023,2023,11,13,0.147058824,0.214285714,NA,NA,NA,NA,Allospecific Null,MTH0,8,48,12,15,0.166666667,27,162,T,H,1,1,3,19,139,1,135,7,M,8,40,0.214285714
12601,D20,812420,MT,16:50,68,NA,28,30,NA,29,LW,D,,Nov-13-2023,2023,11,13,0.411764706,0.966666667,NA,NA,NA,NA,Conspecific Control,MTTC,8,98,35,28,0.235955056,63,267,T,T,0,0,3,20,140,1,204,7,M,57,41,0.966666667
12611,D21,812421,MT,16:56,90,NA,28,51,NA,12,LW,D,,Nov-13-2023,2023,11,13,0.311111111,0.235294118,NA,NA,NA,NA,Conspecific Null,MTT0,8,141,30,26,0.082840237,56,676,T,T,1,0,3,21,141,1,620,7,M,40,101,0.235294118
12621,D22,812422,MT,17:02,166,NA,44,117,NA,20,LW,D,,Nov-13-2023,2023,11,13,0.265060241,0.170940171,NA,NA,NA,NA,Allospecific Control,MTHC,8,283,11,49,0.144578313,60,415,T,H,0,1,3,22,142,1,355,7,M,64,219,0.170940171
12631,D23,812423,MT,17:08,81,NA,21,25,NA,5,LW,D,,Nov-13-2023,2023,11,13,0.259259259,0.2,NA,NA,NA,NA,Allospecific Null,MTH0,8,106,3,5,0.038834951,8,206,T,H,1,1,3,23,143,1,198,7,M,26,80,0.2
12641,D09,812424,MT,17:14,26,NA,11,10,NA,6,LW,D,,Nov-13-2023,2023,11,13,0.423076923,0.6,NA,NA,NA,NA,Conspecific Null,MTT0,8,36,5,12,0.459459459,17,37,T,T,1,0,3,9,129,1,20,7,M,17,19,0.6
12651,D25,812425,MT,17:20,351,NA,138,263,NA,53,LW,D,,Nov-13-2023,2023,11,13,0.393162393,0.201520913,NA,NA,NA,NA,Conspecific Control,MTTC,8,614,16,15,0.057728119,31,537,T,T,0,0,3,25,145,1,506,7,M,191,423,0.201520913
12661,D26,812426,MT,17:26,242,NA,95,269,NA,140,LW,D,,Nov-13-2023,2023,11,13,0.392561983,0.520446097,NA,NA,NA,NA,Conspecific Control,MTTC,8,511,24,36,0.098846787,60,607,T,T,0,0,3,26,146,1,547,7,M,235,276,0.520446097
12671,D27,812427,MT,17:32,50,NA,36,41,NA,26,LW,D,,Nov-13-2023,2023,11,13,0.72,0.634146341,NA,NA,NA,NA,Allospecific Control,MTHC,8,91,13,25,0.19,38,200,T,H,0,1,3,27,147,1,162,7,M,62,29,0.634146341
12681,D28,812428,MT,17:38,179,NA,47,129,NA,58,LW,D,,Nov-13-2023,2023,11,13,0.262569832,0.449612403,NA,NA,NA,NA,Allospecific Control,MTHC,8,308,18,30,0.229665072,48,209,T,H,0,1,3,28,148,1,161,7,M,105,203,0.449612403
12691,D29,812429,MT,17:44,117,NA,39,111,NA,28,LW,D,,Nov-13-2023,2023,11,13,0.333333333,0.252252252,NA,NA,NA,NA,Conspecific Null,MTT0,8,228,6,13,0.087962963,19,216,T,T,1,0,3,29,149,1,197,7,M,67,161,0.252252252
12701,D30,812430,MT,17:50,59,NA,28,86,NA,28,LW,D,,Nov-13-2023,2023,11,13,0.474576271,0.325581395,NA,NA,NA,NA,Allospecific Null,MTH0,8,145,46,48,0.618421053,94,152,T,H,1,1,3,30,150,1,58,7,M,56,89,0.325581395
12711,D31,812431,MT,17:56,35,NA,9,27,NA,7,LW,D,,Nov-13-2023,2023,11,13,0.257142857,0.259259259,NA,NA,NA,NA,Allospecific Null,MTH0,8,62,15,19,0.130268199,34,261,T,H,1,1,3,31,151,1,227,7,M,16,46,0.259259259
12721,D32,812432,MT,18:02,83,NA,31,96,NA,24,LW,D,,Nov-13-2023,2023,11,13,0.373493976,0.25,NA,NA,NA,NA,Conspecific Null,MTT0,8,179,14,25,0.136363636,39,286,T,T,1,0,3,32,152,1,247,7,M,55,124,0.25
12731,D33,812433,MT,18:08,169,NA,86,65,NA,43,LW,D,,Nov-13-2023,2023,11,13,0.50887574,0.661538462,NA,NA,NA,NA,Allospecific Control,MTHC,8,234,10,49,0.101027397,59,584,T,H,0,1,3,33,153,1,525,7,M,129,105,0.661538462
12741,D34,812434,MT,18:14,94,NA,49,76,NA,20,LW,D,,Nov-13-2023,2023,11,13,0.521276596,0.263157895,NA,NA,NA,NA,Conspecific Control,MTTC,8,170,8,25,0.074324324,33,444,T,T,0,0,3,34,154,1,411,7,M,69,101,0.263157895
12751,D35,812435,MT,18:20,324,NA,129,196,NA,67,LW,D,,Nov-13-2023,2023,11,13,0.398148148,0.341836735,NA,NA,NA,NA,Allospecific Null,MTH0,8,520,5,8,0.026315789,13,494,T,H,1,1,3,35,155,1,481,7,M,196,324,0.341836735
12761,D36,812436,MT,18:26,38,NA,8,67,NA,8,LW,D,,Nov-13-2023,2023,11,13,0.210526316,0.119402985,NA,NA,NA,NA,Allospecific Null,MTH0,8,105,19,41,0.198019802,60,303,T,H,1,1,3,36,156,1,243,7,M,16,89,0.119402985
12771,D37,812437,MT,18:32,40,NA,10,30,NA,7,LW,D,,Nov-13-2023,2023,11,13,0.25,0.233333333,NA,NA,NA,NA,Allospecific Control,MTHC,8,70,37,47,0.428571429,84,196,T,H,0,1,3,37,157,1,112,7,M,17,53,0.233333333
12781,D38,812438,MT,18:38,64,NA,33,72,NA,32,LW,D,,Nov-13-2023,2023,11,13,0.515625,0.444444444,NA,NA,NA,NA,Allospecific Control,MTHC,8,136,14,24,0.088167053,38,431,T,H,0,1,3,38,158,1,393,7,M,65,71,0.444444444
12791,D39,812439,MT,18:44,51,NA,27,20,NA,17,LW,D,,Nov-13-2023,2023,11,13,0.529411765,0.85,NA,NA,NA,NA,Conspecific Control,MTTC,8,71,8,17,0.034965035,25,715,T,T,0,0,3,39,159,1,690,7,M,44,27,0.85
12801,D40,812440,MT,18:50,159,NA,83,191,NA,59,LW,D,,Nov-13-2023,2023,11,13,0.522012579,0.308900524,NA,NA,NA,NA,Conspecific Null,MTT0,8,350,17,17,0.07852194,34,433,T,T,1,0,3,40,160,1,399,7,M,142,208,0.308900524