,Cage.,Sample.,Treatment.,Time,Male.size,Male.BM,Male.dot,Female.size,Fe.bm,Fe.dot,Person,D.or.P,Note,Date,Date_year,Date_mon,Date_day,Male.dot.rate,Fe.dot.rate,MaleDotBM,FeDotBM,MaleNDBM,FeNDBM,Treattype,Treatment2,GenID,Habundance,PFe.size,PMale.size,parasitism,Pabundance,totavalar,firstP,secondP,control,Ptreat,pairscode,cagerep,cage,f,nonpara,male.nonresist,fe.nonresist,Gen,HostID,totdot,totnodot,GenAr2
1441,A01,1212101,SH,09:31,48,NA,16,50,NA,14,LW,D,,24-Dec-23,2023,12,24,0.333333333,0.28,NA,NA,NA,NA,Conspecific Null,SHH0,12,98,5,2,293,7,300,H,H,1,0,0,01,1,1,293,32,36,1,S,30,68,0.5
1442,A23,1212123,SH,09:32,95,NA,22,79,NA,14,LW,D,,24-Dec-23,2023,12,24,0.231578947,0.17721519,NA,NA,NA,NA,Conspecific Null,SHH0,12,174,5,2,445,7,452,H,H,1,0,0,23,23,1,445,73,65,1,S,36,138,0.5
1443,A30,1212130,SH,09:33,108,NA,25,78,NA,22,LW,D,,24-Dec-23,2023,12,24,0.231481481,0.282051282,NA,NA,NA,NA,Conspecific Null,SHH0,12,186,5,2,744,7,751,H,H,1,0,0,30,30,1,744,83,56,1,S,47,139,0.5
1444,A40,1212140,SH,09:34,115,NA,39,38,NA,7,LW,D,,24-Dec-23,2023,12,24,0.339130435,0.184210526,NA,NA,NA,NA,Conspecific Null,SHH0,12,153,5,2,376,7,383,H,H,1,0,0,40,40,1,376,76,31,1,S,46,107,0.5
1445,A13,1212113,SH,09:35,81,NA,27,29,NA,10,LW,D,,24-Dec-23,2023,12,24,0.333333333,0.344827586,NA,NA,NA,NA,Conspecific Null,SHH0,12,110,5,2,401,7,408,H,H,1,0,0,13,13,1,401,54,19,1,S,37,73,0.5
1446,A22,1212122,SH,09:36,268,NA,103,38,NA,15,LW,D,,24-Dec-23,2023,12,24,0.384328358,0.394736842,NA,NA,NA,NA,Conspecific Null,SHH0,12,306,5,2,927,7,934,H,H,1,0,0,22,22,1,927,165,23,1,S,118,188,0.5
1447,A10,1212110,SH,09:37,0,NA,0,0,NA,0,LW,D,extinct,24-Dec-23,2023,12,24,#DIV/0!,#DIV/0!,NA,NA,NA,NA,Conspecific Null,SHH0,12,0,0,0,291,0,291,H,H,1,0,0,10,10,1,291,0,0,1,S,0,0,0.5
1448,A29,1212129,SH,09:38,219,NA,72,49,NA,18,LW,D,,24-Dec-23,2023,12,24,0.328767123,0.367346939,NA,NA,NA,NA,Conspecific Null,SHH0,12,268,5,2,784,7,791,H,H,1,0,0,29,29,1,784,147,31,1,S,90,178,0.5
1449,A08,1212108,SH,09:39,294,NA,146,77,NA,18,LW,D,,24-Dec-23,2023,12,24,0.496598639,0.233766234,NA,NA,NA,NA,Conspecific Null,SHH0,12,371,5,1,706,6,712,H,H,1,0,0,08,8,1,706,148,59,1,S,164,207,0.5
1450,A12,1212112,SH,09:40,0,NA,0,0,NA,0,LW,D,extinct,24-Dec-23,2023,12,24,#DIV/0!,#DIV/0!,NA,NA,NA,NA,Conspecific Null,SHH0,12,0,2,2,0,4,4,H,H,1,0,0,12,12,1,4,0,0,1,S,0,0,0.5
1451,A28,1212128,SH,09:41,12,NA,1,13,NA,2,LW,D,,24-Dec-23,2023,12,24,0.083333333,0.153846154,NA,NA,NA,NA,Conspecific Control,SHHC,12,25,5,2,87,7,94,H,H,0,0,0,28,28,1,87,11,11,1,S,3,22,0.5
1452,A03,1212103,SH,09:42,28,NA,6,12,NA,3,LW,D,,24-Dec-23,2023,12,24,0.214285714,0.25,NA,NA,NA,NA,Allospecific Control,SHTC,12,40,5,2,102,7,109,H,T,0,1,0,03,3,1,102,22,9,1,S,9,31,0.5
1453,A02,1212102,SH,09:43,9,NA,2,10,NA,1,LW,D,,24-Dec-23,2023,12,24,0.222222222,0.1,NA,NA,NA,NA,Conspecific Control,SHHC,12,19,5,2,79,7,86,H,H,0,0,0,02,2,1,79,7,9,1,S,3,16,0.5
1454,A07,1212107,SH,09:44,11,NA,1,14,NA,1,LW,D,,24-Dec-23,2023,12,24,0.090909091,0.071428571,NA,NA,NA,NA,Conspecific Control,SHHC,12,25,5,2,98,7,105,H,H,0,0,0,07,7,1,98,10,13,1,S,2,23,0.5
1455,A11,1212111,SH,09:45,29,NA,6,0,NA,0,LW,D,,24-Dec-23,2023,12,24,0.206896552,#DIV/0!,NA,NA,NA,NA,Conspecific Control,SHHC,12,29,5,2,90,7,97,H,H,0,0,0,11,11,1,90,23,0,1,S,6,23,0.5
1456,A18,1212118,SH,09:46,40,NA,11,0,NA,0,LW,D,,24-Dec-23,2023,12,24,0.275,#DIV/0!,NA,NA,NA,NA,Conspecific Control,SHHC,12,40,5,2,92,7,99,H,H,0,0,0,18,18,1,92,29,0,1,S,11,29,0.5
1457,A34,1212134,SH,09:47,30,NA,7,2,NA,0,LW,D,,24-Dec-23,2023,12,24,0.233333333,0,NA,NA,NA,NA,Conspecific Control,SHHC,12,32,5,2,113,7,120,H,H,0,0,0,34,34,1,113,23,2,1,S,7,25,0.5
1458,A33,1212133,SH,09:48,26,NA,5,10,NA,2,LW,D,,24-Dec-23,2023,12,24,0.192307692,0.2,NA,NA,NA,NA,Conspecific Control,SHHC,12,36,5,2,97,7,104,H,H,0,0,0,33,33,1,97,21,8,1,S,7,29,0.5
1459,A21,1212121,SH,09:49,2,NA,0,26,NA,3,LW,D,,24-Dec-23,2023,12,24,0,0.115384615,NA,NA,NA,NA,Conspecific Control,SHHC,12,28,5,2,108,7,115,H,H,0,0,0,21,21,1,108,2,23,1,S,3,25,0.5
1460,A17,1212117,SH,09:50,16,NA,3,6,NA,1,LW,D,,24-Dec-23,2023,12,24,0.1875,0.166666667,NA,NA,NA,NA,Conspecific Control,SHHC,12,22,5,2,79,7,86,H,H,0,0,0,17,17,1,79,13,5,1,S,4,18,0.5
1461,A24,1212124,SH,09:55,76,NA,7,36,NA,1,LW,D,,24-Dec-23,2023,12,24,0.092105263,0.027777778,NA,NA,NA,NA,Allospecific Null,SHT0,12,112,5,2,477,7,484,H,T,1,1,0,24,24,1,477,69,35,1,S,8,104,0.5
1462,A15,1212115,SH,09:57,11,NA,0,92,NA,26,LW,D,,24-Dec-23,2023,12,24,0,0.282608696,NA,NA,NA,NA,Allospecific Null,SHT0,12,103,5,2,547,7,554,H,T,1,1,0,15,15,1,547,11,66,1,S,26,77,0.5
1463,A04,1212104,SH,09:59,23,NA,1,49,NA,17,LW,D,,24-Dec-23,2023,12,24,0.043478261,0.346938776,NA,NA,NA,NA,Allospecific Null,SHT0,12,72,5,2,465,7,472,H,T,1,1,0,04,4,1,465,22,32,1,S,18,54,0.5
1464,A32,1212132,SH,10:01,18,NA,4,9,NA,1,LW,D,,24-Dec-23,2023,12,24,0.222222222,0.111111111,NA,NA,NA,NA,Allospecific Null,SHT0,12,27,5,2,213,7,220,H,T,1,1,0,32,32,1,213,14,8,1,S,5,22,0.5
1465,A36,1212136,SH,10:03,59,NA,5,71,NA,32,LW,D,,24-Dec-23,2023,12,24,0.084745763,0.450704225,NA,NA,NA,NA,Allospecific Null,SHT0,12,130,5,2,639,7,646,H,T,1,1,0,36,36,1,639,54,39,1,S,37,93,0.5
1466,A31,1212131,SH,10:05,0,NA,0,3,NA,1,LW,D,,24-Dec-23,2023,12,24,#DIV/0!,0.333333333,NA,NA,NA,NA,Allospecific Null,SHT0,12,3,5,2,751,7,758,H,T,1,1,0,31,31,1,751,0,2,1,S,1,2,0.5
1467,A05,1212105,SH,10:07,244,NA,41,17,NA,1,LW,D,,24-Dec-23,2023,12,24,0.168032787,0.058823529,NA,NA,NA,NA,Allospecific Null,SHT0,12,261,5,2,1079,7,1086,H,T,1,1,0,05,5,1,1079,203,16,1,S,42,219,0.5
1468,A39,1212139,SH,10:09,16,NA,3,1,NA,0,LW,D,,24-Dec-23,2023,12,24,0.1875,0,NA,NA,NA,NA,Allospecific Null,SHT0,12,17,5,2,77,7,84,H,T,1,1,0,39,39,1,77,13,1,1,S,3,14,0.5
1469,A19,1212119,SH,10:11,0,NA,0,1,NA,1,LW,D,,24-Dec-23,2023,12,24,#DIV/0!,1,NA,NA,NA,NA,Allospecific Null,SHT0,12,1,5,2,47,7,54,H,T,1,1,0,19,19,1,47,0,0,1,S,1,0,0.5
1470,A27,1212127,SH,10:13,27,NA,3,13,NA,1,LW,D,,24-Dec-23,2023,12,24,0.111111111,0.076923077,NA,NA,NA,NA,Allospecific Null,SHT0,12,40,5,2,114,7,121,H,T,1,1,0,27,27,1,114,24,12,1,S,4,36,0.5
1471,A09,1212109,SH,10:15,1,NA,0,5,NA,0,LW,D,,24-Dec-23,2023,12,24,0,0,NA,NA,NA,NA,Allospecific Control,SHTC,12,6,5,2,74,7,81,H,T,0,1,0,09,9,1,74,1,5,1,S,0,6,0.5
1472,A38,1212138,SH,10:17,6,NA,0,4,NA,0,LW,D,,24-Dec-23,2023,12,24,0,0,NA,NA,NA,NA,Allospecific Control,SHTC,12,10,5,2,132,7,139,H,T,0,1,0,38,38,1,132,6,4,1,S,0,10,0.5
1473,A25,1212125,SH,10:19,31,NA,5,10,NA,1,LW,D,,24-Dec-23,2023,12,24,0.161290323,0.1,NA,NA,NA,NA,Allospecific Control,SHTC,12,41,5,2,108,7,115,H,T,0,1,0,25,25,1,108,26,9,1,S,6,35,0.5
1474,A14,1212114,SH,10:21,5,NA,1,1,NA,0,LW,D,,24-Dec-23,2023,12,24,0.2,0,NA,NA,NA,NA,Allospecific Control,SHTC,12,6,5,2,100,7,107,H,T,0,1,0,14,14,1,100,4,1,1,S,1,5,0.5
1475,A26,1212126,SH,10:23,0,NA,0,0,NA,0,LW,D,extinct,24-Dec-23,2023,12,24,#DIV/0!,#DIV/0!,NA,NA,NA,NA,Conspecific Control,SHHC,12,0,5,2,0,7,7,H,H,0,0,0,26,26,1,7,0,0,1,S,0,0,0.5
1476,A37,1212137,SH,10:25,0,NA,0,0,NA,0,LW,D,extinct,24-Dec-23,2023,12,24,#DIV/0!,#DIV/0!,NA,NA,NA,NA,Allospecific Control,SHTC,12,0,5,2,135,7,142,H,T,0,1,0,37,37,1,135,0,0,1,S,0,0,0.5
1477,A20,1212120,SH,10:27,6,NA,0,6,NA,0,LW,D,,24-Dec-23,2023,12,24,0,0,NA,NA,NA,NA,Allospecific Control,SHTC,12,12,5,2,91,7,98,H,T,0,1,0,20,20,1,91,6,6,1,S,0,12,0.5
1478,A06,1212106,SH,10:29,2,NA,0,0,NA,0,LW,D,,24-Dec-23,2023,12,24,0,#DIV/0!,NA,NA,NA,NA,Allospecific Control,SHTC,12,2,5,2,105,7,112,H,T,0,1,0,06,6,1,105,2,0,1,S,0,2,0.5
1479,A16,1212116,SH,10:31,11,NA,5,21,NA,2,LW,D,,24-Dec-23,2023,12,24,0.454545455,0.095238095,NA,NA,NA,NA,Allospecific Control,SHTC,12,32,5,2,125,7,132,H,T,0,1,0,16,16,1,125,6,19,1,S,7,25,0.5
1480,A35,1212135,SH,10:33,0,NA,0,0,NA,0,LW,D,extinct,24-Dec-23,2023,12,24,#DIV/0!,#DIV/0!,NA,NA,NA,NA,Allospecific Control,SHTC,12,0,0,0,70,0,70,H,T,0,1,0,35,35,1,70,0,0,1,S,0,0,0.5
1481,B01,1212201,ST,10:35,50,NA,11,19,NA,4,LW,D,,24-Dec-23,2023,12,24,0.22,0.210526316,NA,NA,NA,NA,Conspecific Null,STT0,12,69,5,2,598,7,605,T,T,1,0,1,01,41,1,598,39,15,1,S,15,54,0.5
1482,B31,1212231,ST,10:37,197,NA,40,109,NA,43,LW,D,,24-Dec-23,2023,12,24,0.203045685,0.394495413,NA,NA,NA,NA,Conspecific Null,STT0,12,306,5,2,926,7,933,T,T,1,0,1,31,71,1,926,157,66,1,S,83,223,0.5
1483,B09,1212209,ST,10:39,133,NA,36,96,NA,33,LW,D,,24-Dec-23,2023,12,24,0.270676692,0.34375,NA,NA,NA,NA,Conspecific Null,STT0,12,229,6,2,954,8,962,T,T,1,0,1,09,49,1,954,97,63,1,S,69,160,0.5
1484,B26,1212226,ST,10:41,94,NA,29,132,NA,29,LW,D,,24-Dec-23,2023,12,24,0.308510638,0.21969697,NA,NA,NA,NA,Conspecific Null,STT0,12,226,5,2,583,7,590,T,T,1,0,1,26,66,1,583,65,103,1,S,58,168,0.5
1485,B13,1212213,ST,10:43,75,NA,16,18,NA,5,LW,D,,24-Dec-23,2023,12,24,0.213333333,0.277777778,NA,NA,NA,NA,Conspecific Null,STT0,12,93,5,2,907,7,914,T,T,1,0,1,13,53,1,907,59,13,1,S,21,72,0.5
1486,B16,1212216,ST,10:45,71,NA,17,34,NA,6,LW,D,,24-Dec-23,2023,12,24,0.23943662,0.176470588,NA,NA,NA,NA,Conspecific Null,STT0,12,105,5,2,650,7,657,T,T,1,0,1,16,56,1,650,54,28,1,S,23,82,0.5
1487,B14,1212214,ST,10:47,63,NA,15,7,NA,2,LW,D,,24-Dec-23,2023,12,24,0.238095238,0.285714286,NA,NA,NA,NA,Conspecific Null,STT0,12,70,5,1,443,6,449,T,T,1,0,1,14,54,1,443,48,5,1,S,17,53,0.5
1488,B18,1212218,ST,10:49,35,NA,14,25,NA,6,LW,D,,24-Dec-23,2023,12,24,0.4,0.24,NA,NA,NA,NA,Conspecific Null,STT0,12,60,5,2,544,7,551,T,T,1,0,1,18,58,1,544,21,19,1,S,20,40,0.5
1489,B37,1212237,ST,10:51,57,NA,8,21,NA,5,LW,D,,24-Dec-23,2023,12,24,0.140350877,0.238095238,NA,NA,NA,NA,Conspecific Null,STT0,12,78,5,2,398,7,405,T,T,1,0,1,37,77,1,398,49,16,1,S,13,65,0.5
1490,B30,1212230,ST,10:53,44,NA,10,270,NA,48,LW,D,,24-Dec-23,2023,12,24,0.227272727,0.177777778,NA,NA,NA,NA,Conspecific Null,STT0,12,314,5,2,900,7,907,T,T,1,0,1,30,70,1,900,34,222,1,S,58,256,0.5
1491,B38,1212238,ST,10:55,12,NA,3,0,NA,0,LW,D,,24-Dec-23,2023,12,24,0.25,#DIV/0!,NA,NA,NA,NA,Conspecific Control,STTC,12,12,5,2,93,7,100,T,T,0,0,1,38,78,1,93,9,0,1,S,3,9,0.5
1492,B33,1212233,ST,10:57,5,NA,0,7,NA,1,LW,D,,24-Dec-23,2023,12,24,0,0.142857143,NA,NA,NA,NA,Conspecific Control,STTC,12,12,4,2,81,6,87,T,T,0,0,1,33,73,1,81,5,6,1,S,1,11,0.5
1493,B19,1212219,ST,10:59,6,NA,1,1,NA,0,LW,D,,24-Dec-23,2023,12,24,0.166666667,0,NA,NA,NA,NA,Conspecific Control,STTC,12,7,5,2,102,7,109,T,T,0,0,1,19,59,1,102,5,1,1,S,1,6,0.5
1494,B36,1212236,ST,11:01,4,NA,0,4,NA,0,LW,D,,24-Dec-23,2023,12,24,0,0,NA,NA,NA,NA,Conspecific Control,STTC,12,8,5,2,84,7,91,T,T,0,0,1,36,76,1,84,4,4,1,S,0,8,0.5
1495,B10,1212210,ST,11:03,3,NA,0,1,NA,0,LW,D,,24-Dec-23,2023,12,24,0,0,NA,NA,NA,NA,Conspecific Control,STTC,12,4,5,2,51,7,58,T,T,0,0,1,10,50,1,51,3,1,1,S,0,4,0.5
1496,B07,1212207,ST,11:05,13,NA,2,1,NA,0,LW,D,,24-Dec-23,2023,12,24,0.153846154,0,NA,NA,NA,NA,Conspecific Control,STTC,12,14,5,2,100,7,107,T,T,0,0,1,07,47,1,100,11,1,1,S,2,12,0.5
1497,B08,1212208,ST,11:07,11,NA,1,6,NA,1,LW,D,,24-Dec-23,2023,12,24,0.090909091,0.166666667,NA,NA,NA,NA,Conspecific Control,STTC,12,17,5,2,122,7,129,T,T,0,0,1,08,48,1,122,10,5,1,S,2,15,0.5
1498,B22,1212222,ST,11:09,12,NA,4,8,NA,1,LW,D,,24-Dec-23,2023,12,24,0.333333333,0.125,NA,NA,NA,NA,Conspecific Control,STTC,12,20,5,2,85,7,92,T,T,0,0,1,22,62,1,85,8,7,1,S,5,15,0.5
1499,B21,1212221,ST,11:11,0,NA,0,3,NA,1,LW,D,,24-Dec-23,2023,12,24,#DIV/0!,0.333333333,NA,NA,NA,NA,Conspecific Control,STTC,12,3,5,2,60,7,67,T,T,0,0,1,21,61,1,60,0,2,1,S,1,2,0.5
1500,B17,1212217,ST,11:13,8,NA,1,2,NA,0,LW,D,,24-Dec-23,2023,12,24,0.125,0,NA,NA,NA,NA,Conspecific Control,STTC,12,10,5,2,51,7,58,T,T,0,0,1,17,57,1,51,7,2,1,S,1,9,0.5
1501,B28,1212228,ST,11:15,96,NA,14,75,NA,17,LW,D,,24-Dec-23,2023,12,24,0.145833333,0.226666667,NA,NA,NA,NA,Allospecific Null,STH0,12,171,5,2,732,7,739,T,H,1,1,1,28,68,1,732,82,58,1,S,31,140,0.5
1502,B24,1212224,ST,11:17,215,NA,16,16,NA,1,LW,D,,24-Dec-23,2023,12,24,0.074418605,0.0625,NA,NA,NA,NA,Allospecific Null,STH0,12,231,5,2,503,7,510,T,H,1,1,1,24,64,1,503,199,15,1,S,17,214,0.5
1503,B12,1212212,ST,11:19,98,NA,29,39,NA,11,LW,D,,24-Dec-23,2023,12,24,0.295918367,0.282051282,NA,NA,NA,NA,Allospecific Null,STH0,12,137,5,2,614,7,621,T,H,1,1,1,12,52,1,614,69,28,1,S,40,97,0.5
1504,B25,1212225,ST,11:21,147,NA,34,15,NA,3,LW,D,,24-Dec-23,2023,12,24,0.231292517,0.2,NA,NA,NA,NA,Allospecific Null,STH0,12,162,5,2,409,7,416,T,H,1,1,1,25,65,1,409,113,12,1,S,37,125,0.5
1505,B40,1212240,ST,11:23,100,NA,24,57,NA,5,LW,D,,24-Dec-23,2023,12,24,0.24,0.087719298,NA,NA,NA,NA,Allospecific Null,STH0,12,157,5,2,738,7,745,T,H,1,1,1,40,80,1,738,76,52,1,S,29,128,0.5
1506,B39,1212239,ST,11:25,170,NA,50,64,NA,3,LW,D,,24-Dec-23,2023,12,24,0.294117647,0.046875,NA,NA,NA,NA,Allospecific Null,STH0,12,234,5,2,603,7,610,T,H,1,1,1,39,79,1,603,120,61,1,S,53,181,0.5
1507,B29,1212229,ST,11:27,0,NA,0,0,NA,0,LW,D,extinct,24-Dec-23,2023,12,24,#DIV/0!,#DIV/0!,NA,NA,NA,NA,Allospecific Null,STH0,12,0,4,2,1,6,7,T,H,1,1,1,29,69,1,6,0,0,1,S,0,0,0.5
1508,B32,1212232,ST,11:29,22,NA,5,19,NA,6,LW,D,,24-Dec-23,2023,12,24,0.227272727,0.315789474,NA,NA,NA,NA,Allospecific Null,STH0,12,41,5,2,414,7,421,T,H,1,1,1,32,72,1,414,17,13,1,S,11,30,0.5
1509,B23,1212223,ST,11:31,490,NA,106,24,NA,3,LW,D,,24-Dec-23,2023,12,24,0.216326531,0.125,NA,NA,NA,NA,Allospecific Null,STH0,12,514,5,2,609,7,616,T,H,1,1,1,23,63,1,609,384,21,1,S,109,405,0.5
1510,B20,1212220,ST,11:33,58,NA,19,21,NA,5,LW,D,,24-Dec-23,2023,12,24,0.327586207,0.238095238,NA,NA,NA,NA,Allospecific Null,STH0,12,79,5,2,602,7,609,T,H,1,1,1,20,60,1,602,39,16,1,S,24,55,0.5
1511,B02,1212202,ST,11:35,7,NA,0,7,NA,1,LW,D,,24-Dec-23,2023,12,24,0,0.142857143,NA,NA,NA,NA,Allospecific Control,STHC,12,14,5,2,95,7,102,T,H,0,1,1,02,42,1,95,7,6,1,S,1,13,0.5
1512,B34,1212234,ST,11:37,1,NA,0,11,NA,0,LW,D,,24-Dec-23,2023,12,24,0,0,NA,NA,NA,NA,Allospecific Control,STHC,12,12,5,2,66,7,73,T,H,0,1,1,34,74,1,66,1,11,1,S,0,12,0.5
1513,B15,1212215,ST,11:39,3,NA,0,1,NA,0,LW,D,,24-Dec-23,2023,12,24,0,0,NA,NA,NA,NA,Allospecific Control,STHC,12,4,5,2,44,7,51,T,H,0,1,1,15,55,1,44,3,1,1,S,0,4,0.5
1514,B27,1212227,ST,11:41,6,NA,0,3,NA,0,LW,D,,24-Dec-23,2023,12,24,0,0,NA,NA,NA,NA,Allospecific Control,STHC,12,9,5,2,80,7,87,T,H,0,1,1,27,67,1,80,6,3,1,S,0,9,0.5
1515,B04,1212204,ST,11:43,12,NA,3,3,NA,0,LW,D,,24-Dec-23,2023,12,24,0.25,0,NA,NA,NA,NA,Allospecific Control,STHC,12,15,5,2,87,7,94,T,H,0,1,1,04,44,1,87,9,3,1,S,3,12,0.5
1516,B03,1212203,ST,11:45,21,NA,3,4,NA,0,LW,D,,24-Dec-23,2023,12,24,0.142857143,0,NA,NA,NA,NA,Allospecific Control,STHC,12,25,5,2,67,7,74,T,H,0,1,1,03,43,1,67,18,4,1,S,3,22,0.5
1517,B06,1212206,ST,11:47,0,NA,0,3,NA,1,LW,D,,24-Dec-23,2023,12,24,#DIV/0!,0.333333333,NA,NA,NA,NA,Allospecific Control,STHC,12,3,5,2,45,7,52,T,H,0,1,1,06,46,1,45,0,2,1,S,1,2,0.5
1518,B35,1212235,ST,12:33,1,NA,0,2,NA,0,LW,D,,24-Dec-23,2023,12,24,0,0,NA,NA,NA,NA,Allospecific Control,STHC,12,3,2,2,103,4,107,T,H,0,1,1,35,75,1,103,1,2,1,S,0,3,0.5
1519,B05,1212205,ST,12:34,5,NA,0,3,NA,0,LW,D,,24-Dec-23,2023,12,24,0,0,NA,NA,NA,NA,Allospecific Control,STHC,12,8,5,2,79,7,86,T,H,0,1,1,05,45,1,79,5,3,1,S,0,8,0.5
1520,B11,1212211,ST,12:35,10,NA,0,13,NA,0,LW,D,,24-Dec-23,2023,12,24,0,0,NA,NA,NA,NA,Allospecific Control,STHC,12,23,5,2,48,7,55,T,H,0,1,1,11,51,1,48,10,13,1,S,0,23,0.5
1521,C38,1212338,MH,12:36,63,NA,28,60,NA,25,LW,D,,24-Dec-23,2023,12,24,0.444444444,0.416666667,NA,NA,NA,NA,Conspecific Null,MHH0,12,123,5,2,669,7,676,H,H,1,0,2,38,118,1,669,35,35,1,M,53,70,0.5
1522,C20,1212320,MH,12:37,151,NA,49,116,NA,6,LW,D,,24-Dec-23,2023,12,24,0.324503311,0.051724138,NA,NA,NA,NA,Conspecific Null,MHH0,12,267,5,2,1023,7,1030,H,H,1,0,2,20,100,1,1023,102,110,1,M,55,212,0.5
1523,C26,1212326,MH,12:44,4,NA,1,3,NA,0,LW,D,,24-Dec-23,2023,12,24,0.25,0,NA,NA,NA,NA,Conspecific Null,MHH0,12,7,5,2,461,7,468,H,H,1,0,2,26,106,1,461,3,3,1,M,1,6,0.5
1524,C16,1212316,MH,12:46,54,NA,28,91,NA,28,LW,D,,24-Dec-23,2023,12,24,0.518518519,0.307692308,NA,NA,NA,NA,Conspecific Null,MHH0,12,145,5,2,437,7,444,H,H,1,0,2,16,96,1,437,26,63,1,M,56,89,0.5
1525,C32,1212332,MH,12:48,46,NA,23,31,NA,10,LW,D,,24-Dec-23,2023,12,24,0.5,0.322580645,NA,NA,NA,NA,Conspecific Null,MHH0,12,77,5,2,327,7,334,H,H,1,0,2,32,112,1,327,23,21,1,M,33,44,0.5
1526,C12,1212312,MH,12:50,137,NA,40,85,NA,10,LW,D,,24-Dec-23,2023,12,24,0.291970803,0.117647059,NA,NA,NA,NA,Conspecific Null,MHH0,12,222,5,2,1583,7,1590,H,H,1,0,2,12,92,1,1583,97,75,1,M,50,172,0.5
1527,C18,1212318,MH,12:52,83,NA,7,22,NA,6,LW,D,,24-Dec-23,2023,12,24,0.084337349,0.272727273,NA,NA,NA,NA,Conspecific Null,MHH0,12,105,5,2,901,7,908,H,H,1,0,2,18,98,1,901,76,16,1,M,13,92,0.5
1528,C08,1212308,MH,12:54,227,NA,74,7,NA,1,LW,D,,24-Dec-23,2023,12,24,0.325991189,0.142857143,NA,NA,NA,NA,Conspecific Null,MHH0,12,234,5,2,756,7,763,H,H,1,0,2,08,88,1,756,153,6,1,M,75,159,0.5
1529,C15,1212315,MH,12:56,205,NA,68,0,NA,0,LW,D,,24-Dec-23,2023,12,24,0.331707317,#DIV/0!,NA,NA,NA,NA,Conspecific Null,MHH0,12,205,5,2,753,7,760,H,H,1,0,2,15,95,1,753,137,0,1,M,68,137,0.5
1530,C21,1212321,MH,12:58,175,NA,56,118,NA,41,LW,D,,24-Dec-23,2023,12,24,0.32,0.347457627,NA,NA,NA,NA,Conspecific Null,MHH0,12,293,5,2,716,7,723,H,H,1,0,2,21,101,1,716,119,77,1,M,97,196,0.5
1531,C29,1212329,MH,13:00,13,NA,2,7,NA,1,LW,D,,24-Dec-23,2023,12,24,0.153846154,0.142857143,NA,NA,NA,NA,Conspecific Control,MHHC,12,20,5,2,66,7,73,H,H,0,0,2,29,109,1,66,11,6,1,M,3,17,0.5
1532,C22,1212322,MH,13:02,54,NA,14,4,NA,1,LW,D,,24-Dec-23,2023,12,24,0.259259259,0.25,NA,NA,NA,NA,Conspecific Control,MHHC,12,58,5,2,128,7,135,H,H,0,0,2,22,102,1,128,40,3,1,M,15,43,0.5
1533,C09,1212309,MH,13:04,4,NA,1,4,NA,1,LW,D,,24-Dec-23,2023,12,24,0.25,0.25,NA,NA,NA,NA,Conspecific Control,MHHC,12,8,4,1,65,5,70,H,H,0,0,2,09,89,1,65,3,3,1,M,2,6,0.5
1534,C13,1212313,MH,13:06,17,NA,2,17,NA,4,LW,D,,24-Dec-23,2023,12,24,0.117647059,0.235294118,NA,NA,NA,NA,Conspecific Control,MHHC,12,34,5,2,71,7,78,H,H,0,0,2,13,93,1,71,15,13,1,M,6,28,0.5
1535,C03,1212303,MH,13:08,0,NA,0,0,NA,0,LW,D,extinct,24-Dec-23,2023,12,24,#DIV/0!,#DIV/0!,NA,NA,NA,NA,Conspecific Control,MHHC,12,0,5,2,71,7,78,H,H,0,0,2,03,83,1,71,0,0,1,M,0,0,0.5
1536,C14,1212314,MH,13:10,0,NA,0,0,NA,0,LW,D,extinct,24-Dec-23,2023,12,24,#DIV/0!,#DIV/0!,NA,NA,NA,NA,Conspecific Control,MHHC,12,0,5,2,78,7,85,H,H,0,0,2,14,94,1,78,0,0,1,M,0,0,0.5
1537,C37,1212337,MH,13:12,0,NA,0,3,NA,0,LW,D,,24-Dec-23,2023,12,24,#DIV/0!,0,NA,NA,NA,NA,Conspecific Control,MHHC,12,3,5,2,32,7,39,H,H,0,0,2,37,117,1,32,0,3,1,M,0,3,0.5
1538,C25,1212325,MH,13:14,15,NA,3,3,NA,0,LW,D,,24-Dec-23,2023,12,24,0.2,0,NA,NA,NA,NA,Conspecific Control,MHHC,12,18,5,2,63,7,70,H,H,0,0,2,25,105,1,63,12,3,1,M,3,15,0.5
1539,C05,1212305,MH,13:16,6,NA,1,8,NA,2,LW,D,,24-Dec-23,2023,12,24,0.166666667,0.25,NA,NA,NA,NA,Conspecific Control,MHHC,12,14,5,2,89,7,96,H,H,0,0,2,05,85,1,89,5,6,1,M,3,11,0.5
1540,C31,1212331,MH,13:18,21,NA,7,13,NA,2,LW,D,,24-Dec-23,2023,12,24,0.333333333,0.153846154,NA,NA,NA,NA,Conspecific Control,MHHC,12,34,5,2,66,7,73,H,H,0,0,2,31,111,1,66,14,11,1,M,9,25,0.5
1541,C24,1212324,MH,13:20,21,NA,4,27,NA,2,LW,D,,24-Dec-23,2023,12,24,0.19047619,0.074074074,NA,NA,NA,NA,Allospecific Null,MHT0,12,48,5,2,214,7,221,H,T,1,1,2,24,104,1,214,17,25,1,M,6,42,0.5
1542,C23,1212323,MH,13:22,40,NA,7,53,NA,7,LW,D,,24-Dec-23,2023,12,24,0.175,0.132075472,NA,NA,NA,NA,Allospecific Null,MHT0,12,93,5,2,556,7,563,H,T,1,1,2,23,103,1,556,33,46,1,M,14,79,0.5
1543,C04,1212304,MH,13:24,84,NA,28,9,NA,2,LW,D,,24-Dec-23,2023,12,24,0.333333333,0.222222222,NA,NA,NA,NA,Allospecific Null,MHT0,12,93,5,2,371,7,378,H,T,1,1,2,04,84,1,371,56,7,1,M,30,63,0.5
1544,C01,1212301,MH,13:26,11,NA,1,39,NA,3,LW,D,,24-Dec-23,2023,12,24,0.090909091,0.076923077,NA,NA,NA,NA,Allospecific Null,MHT0,12,50,5,2,279,7,286,H,T,1,1,2,01,81,1,279,10,36,1,M,4,46,0.5
1545,C35,1212335,MH,13:28,31,NA,5,19,NA,1,LW,D,,24-Dec-23,2023,12,24,0.161290323,0.052631579,NA,NA,NA,NA,Allospecific Null,MHT0,12,50,5,2,271,7,278,H,T,1,1,2,35,115,1,271,26,18,1,M,6,44,0.5
1546,C27,1212327,MH,13:30,16,NA,3,6,NA,0,LW,D,,24-Dec-23,2023,12,24,0.1875,0,NA,NA,NA,NA,Allospecific Null,MHT0,12,22,5,2,297,7,304,H,T,1,1,2,27,107,1,297,13,6,1,M,3,19,0.5
1547,C19,1212319,MH,13:32,19,NA,3,29,NA,2,LW,D,,24-Dec-23,2023,12,24,0.157894737,0.068965517,NA,NA,NA,NA,Allospecific Null,MHT0,12,48,5,2,734,7,741,H,T,1,1,2,19,99,1,734,16,27,1,M,5,43,0.5
1548,C06,1212306,MH,13:34,92,NA,12,83,NA,13,LW,D,,24-Dec-23,2023,12,24,0.130434783,0.156626506,NA,NA,NA,NA,Allospecific Null,MHT0,12,175,4,2,815,6,821,H,T,1,1,2,06,86,1,815,80,70,1,M,25,150,0.5
1549,C17,1212317,MH,13:36,106,NA,12,106,NA,26,LW,D,,24-Dec-23,2023,12,24,0.113207547,0.245283019,NA,NA,NA,NA,Allospecific Null,MHT0,12,212,5,1,741,6,747,H,T,1,1,2,17,97,1,741,94,80,1,M,38,174,0.5
1550,C11,1212311,MH,13:38,30,NA,9,87,NA,11,LW,D,,24-Dec-23,2023,12,24,0.3,0.126436782,NA,NA,NA,NA,Allospecific Null,MHT0,12,117,5,2,740,7,747,H,T,1,1,2,11,91,1,740,21,76,1,M,20,97,0.5
1551,C36,1212336,MH,13:40,20,NA,5,35,NA,9,LW,D,,24-Dec-23,2023,12,24,0.25,0.257142857,NA,NA,NA,NA,Allospecific Control,MHTC,12,55,5,2,88,7,95,H,T,0,1,2,36,116,1,88,15,26,1,M,14,41,0.5
1552,C28,1212328,MH,13:42,2,NA,0,2,NA,0,LW,D,,24-Dec-23,2023,12,24,0,0,NA,NA,NA,NA,Allospecific Control,MHTC,12,4,5,2,71,7,78,H,T,0,1,2,28,108,1,71,2,2,1,M,0,4,0.5
1553,C34,1212334,MH,13:44,8,NA,2,6,NA,1,LW,D,,24-Dec-23,2023,12,24,0.25,0.166666667,NA,NA,NA,NA,Allospecific Control,MHTC,12,14,5,2,88,7,95,H,T,0,1,2,34,114,1,88,6,5,1,M,3,11,0.5
1554,C40,1212340,MH,13:46,0,NA,0,0,NA,0,LW,D,extinct,24-Dec-23,2023,12,24,#DIV/0!,#DIV/0!,NA,NA,NA,NA,Allospecific Control,MHTC,12,0,5,2,68,7,75,H,T,0,1,2,40,120,1,68,0,0,1,M,0,0,0.5
1555,C07,1212307,MH,13:48,23,NA,3,1,NA,0,LW,D,,24-Dec-23,2023,12,24,0.130434783,0,NA,NA,NA,NA,Allospecific Control,MHTC,12,24,5,2,99,7,106,H,T,0,1,2,07,87,1,99,20,1,1,M,3,21,0.5
1556,C33,1212333,MH,13:50,7,NA,1,2,NA,0,LW,D,,24-Dec-23,2023,12,24,0.142857143,0,NA,NA,NA,NA,Allospecific Control,MHTC,12,9,5,2,96,7,103,H,T,0,1,2,33,113,1,96,6,2,1,M,1,8,0.5
1557,C02,1212302,MH,13:52,1,NA,0,0,NA,0,LW,D,,24-Dec-23,2023,12,24,0,#DIV/0!,NA,NA,NA,NA,Allospecific Control,MHTC,12,1,5,2,78,7,85,H,T,0,1,2,02,82,1,78,1,0,1,M,0,1,0.5
1558,C10,1212310,MH,13:54,0,NA,0,0,NA,0,LW,D,extinct,24-Dec-23,2023,12,24,#DIV/0!,#DIV/0!,NA,NA,NA,NA,Allospecific Control,MHTC,12,0,5,2,91,7,98,H,T,0,1,2,10,90,1,91,0,0,1,M,0,0,0.5
1559,C39,1212339,MH,13:56,25,NA,5,1,NA,0,LW,D,,24-Dec-23,2023,12,24,0.2,0,NA,NA,NA,NA,Allospecific Control,MHTC,12,26,5,2,91,7,98,H,T,0,1,2,39,119,1,91,20,1,1,M,5,21,0.5
1560,C30,1212330,MH,13:58,4,NA,1,12,NA,1,LW,D,,24-Dec-23,2023,12,24,0.25,0.083333333,NA,NA,NA,NA,Allospecific Control,MHTC,12,16,5,2,119,7,126,H,T,0,1,2,30,110,1,119,3,11,1,M,2,14,0.5
1561,D01,1212401,MT,14:00,92,NA,17,28,NA,11,LW,D,,24-Dec-23,2023,12,24,0.184782609,0.392857143,NA,NA,NA,NA,Conspecific Null,MTT0,12,120,5,2,560,7,567,T,T,1,0,3,01,121,1,560,75,17,1,M,28,92,0.5
1562,D29,1212429,MT,14:02,19,NA,4,0,NA,0,LW,D,,24-Dec-23,2023,12,24,0.210526316,#DIV/0!,NA,NA,NA,NA,Conspecific Null,MTT0,12,19,5,2,261,7,268,T,T,1,0,3,29,149,1,261,15,0,1,M,4,15,0.5
1563,D02,1212402,MT,14:04,0,NA,0,0,NA,0,LW,D,extinct,24-Dec-23,2023,12,24,#DIV/0!,#DIV/0!,NA,NA,NA,NA,Conspecific Null,MTT0,12,0,5,2,0,7,7,T,T,1,0,3,02,122,1,7,0,0,1,M,0,0,0.5
1564,D05,1212405,MT,14:06,12,NA,4,18,NA,3,LW,D,,24-Dec-23,2023,12,24,0.333333333,0.166666667,NA,NA,NA,NA,Conspecific Null,MTT0,12,30,5,2,139,7,146,T,T,1,0,3,05,125,1,139,8,15,1,M,7,23,0.5
1565,D12,1212412,MT,14:08,96,NA,12,17,NA,2,LW,D,,24-Dec-23,2023,12,24,0.125,0.117647059,NA,NA,NA,NA,Conspecific Null,MTT0,12,113,5,2,560,7,567,T,T,1,0,3,12,132,1,560,84,15,1,M,14,99,0.5
1566,D32,1212432,MT,14:10,9,NA,2,14,NA,2,LW,D,,24-Dec-23,2023,12,24,0.222222222,0.142857143,NA,NA,NA,NA,Conspecific Null,MTT0,12,23,5,2,358,7,365,T,T,1,0,3,32,152,1,358,7,12,1,M,4,19,0.5
1567,D40,1212440,MT,14:12,288,NA,31,4,NA,1,LW,D,,24-Dec-23,2023,12,24,0.107638889,0.25,NA,NA,NA,NA,Conspecific Null,MTT0,12,292,5,2,589,7,596,T,T,1,0,3,40,160,1,589,257,3,1,M,32,260,0.5
1568,D21,1212421,MT,14:14,85,NA,22,19,NA,3,LW,D,,24-Dec-23,2023,12,24,0.258823529,0.157894737,NA,NA,NA,NA,Conspecific Null,MTT0,12,104,5,2,728,7,735,T,T,1,0,3,21,141,1,728,63,16,1,M,25,79,0.5
1569,D08,1212408,MT,14:16,21,NA,7,52,NA,15,LW,D,,24-Dec-23,2023,12,24,0.333333333,0.288461538,NA,NA,NA,NA,Conspecific Null,MTT0,12,73,5,2,557,7,564,T,T,1,0,3,08,128,1,557,14,37,1,M,22,51,0.5
1570,D24,1212424,MT,14:18,28,NA,13,6,NA,1,LW,D,,24-Dec-23,2023,12,24,0.464285714,0.166666667,NA,NA,NA,NA,Conspecific Null,MTT0,12,34,5,2,139,7,146,T,T,1,0,3,24,144,1,139,15,5,1,M,14,20,0.5
1571,D20,1212420,MT,14:20,3,NA,1,2,NA,0,LW,D,,24-Dec-23,2023,12,24,0.333333333,0,NA,NA,NA,NA,Conspecific Control,MTTC,12,5,5,2,81,7,88,T,T,0,0,3,20,140,1,81,2,2,1,M,1,4,0.5
1572,D39,1212439,MT,14:22,6,NA,2,15,NA,5,LW,D,,24-Dec-23,2023,12,24,0.333333333,0.333333333,NA,NA,NA,NA,Conspecific Control,MTTC,12,21,5,2,112,7,119,T,T,0,0,3,39,159,1,112,4,10,1,M,7,14,0.5
1573,D14,1212414,MT,14:24,8,NA,3,0,NA,0,LW,D,,24-Dec-23,2023,12,24,0.375,#DIV/0!,NA,NA,NA,NA,Conspecific Control,MTTC,12,8,5,2,101,7,108,T,T,0,0,3,14,134,1,101,5,0,1,M,3,5,0.5
1574,D11,1212411,MT,14:26,5,NA,1,0,NA,0,LW,D,,24-Dec-23,2023,12,24,0.2,#DIV/0!,NA,NA,NA,NA,Conspecific Control,MTTC,12,5,5,2,63,7,70,T,T,0,0,3,11,131,1,63,4,0,1,M,1,4,0.5
1575,D03,1212403,MT,14:28,0,NA,0,0,NA,0,LW,D,extinct,24-Dec-23,2023,12,24,#DIV/0!,#DIV/0!,NA,NA,NA,NA,Conspecific Control,MTTC,12,0,5,2,98,7,105,T,T,0,0,3,03,123,1,98,0,0,1,M,0,0,0.5
1576,D25,1212425,MT,14:30,26,NA,8,26,NA,8,LW,D,,24-Dec-23,2023,12,24,0.307692308,0.307692308,NA,NA,NA,NA,Conspecific Control,MTTC,12,52,5,2,92,7,99,T,T,0,0,3,25,145,1,92,18,18,1,M,16,36,0.5
1577,D09,1212409,MT,14:32,12,NA,5,12,NA,5,LW,D,,24-Dec-23,2023,12,24,0.416666667,0.416666667,NA,NA,NA,NA,Conspecific Control,MTTC,12,24,5,2,84,7,91,T,T,0,0,3,09,129,1,84,7,7,1,M,10,14,0.5
1578,D26,1212426,MT,14:34,23,NA,6,23,NA,10,LW,D,,24-Dec-23,2023,12,24,0.260869565,0.434782609,NA,NA,NA,NA,Conspecific Control,MTTC,12,46,5,2,86,7,93,T,T,0,0,3,26,146,1,86,17,13,1,M,16,30,0.5
1579,D34,1212434,MT,14:36,10,NA,5,3,NA,1,LW,D,,24-Dec-23,2023,12,24,0.5,0.333333333,NA,NA,NA,NA,Conspecific Control,MTTC,12,13,5,2,75,7,82,T,T,0,0,3,34,154,1,75,5,2,1,M,6,7,0.5
1580,D06,1212406,MT,14:38,0,NA,0,1,NA,1,LW,D,,24-Dec-23,2023,12,24,#DIV/0!,1,NA,NA,NA,NA,Conspecific Control,MTTC,12,1,5,2,58,7,65,T,T,0,0,3,06,126,1,58,0,0,1,M,1,0,0.5
1581,D31,1212431,MT,14:40,23,NA,0,18,NA,5,LW,D,,24-Dec-23,2023,12,24,0,0.277777778,NA,NA,NA,NA,Allospecific Null,MTH0,12,41,5,2,231,7,238,T,H,1,1,3,31,151,1,231,23,13,1,M,5,36,0.5
1582,D36,1212436,MT,14:42,8,NA,0,8,NA,0,LW,D,,24-Dec-23,2023,12,24,0,0,NA,NA,NA,NA,Allospecific Null,MTH0,12,16,5,2,49,7,56,T,H,1,1,3,36,156,1,49,8,8,1,M,0,16,0.5
1583,D15,1212415,MT,14:44,65,NA,15,30,NA,10,LW,D,,24-Dec-23,2023,12,24,0.230769231,0.333333333,NA,NA,NA,NA,Allospecific Null,MTH0,12,95,5,2,464,7,471,T,H,1,1,3,15,135,1,464,50,20,1,M,25,70,0.5
1584,D35,1212435,MT,14:46,46,NA,1,72,NA,2,LW,D,,24-Dec-23,2023,12,24,0.02173913,0.027777778,NA,NA,NA,NA,Allospecific Null,MTH0,12,118,5,2,522,7,529,T,H,1,1,3,35,155,1,522,45,70,1,M,3,115,0.5
1585,D13,1212413,MT,14:48,41,NA,7,19,NA,2,LW,D,,24-Dec-23,2023,12,24,0.170731707,0.105263158,NA,NA,NA,NA,Allospecific Null,MTH0,12,60,4,2,240,6,246,T,H,1,1,3,13,133,1,240,34,17,1,M,9,51,0.5
1586,D23,1212423,MT,14:50,29,NA,1,39,NA,0,LW,D,,24-Dec-23,2023,12,24,0.034482759,0,NA,NA,NA,NA,Allospecific Null,MTH0,12,68,5,2,176,7,183,T,H,1,1,3,23,143,1,176,28,39,1,M,1,67,0.5
1587,D19,1212419,MT,14:52,2,NA,0,3,NA,0,LW,D,,24-Dec-23,2023,12,24,0,0,NA,NA,NA,NA,Allospecific Null,MTH0,12,5,5,2,227,7,234,T,H,1,1,3,19,139,1,227,2,3,1,M,0,5,0.5
1588,D30,1212430,MT,14:54,20,NA,1,14,NA,0,LW,D,,24-Dec-23,2023,12,24,0.05,0,NA,NA,NA,NA,Allospecific Null,MTH0,12,34,5,2,190,7,197,T,H,1,1,3,30,150,1,190,19,14,1,M,1,33,0.5
1589,D18,1212418,MT,14:56,51,NA,1,35,NA,6,LW,D,,24-Dec-23,2023,12,24,0.019607843,0.171428571,NA,NA,NA,NA,Allospecific Null,MTH0,12,86,5,2,320,7,327,T,H,1,1,3,18,138,1,320,50,29,1,M,7,79,0.5
1590,D04,1212404,MT,14:58,4,NA,0,10,NA,1,LW,D,,24-Dec-23,2023,12,24,0,0.1,NA,NA,NA,NA,Allospecific Null,MTH0,12,14,5,2,429,7,436,T,H,1,1,3,04,124,1,429,4,9,1,M,1,13,0.5
1591,D27,1212427,MT,15:00,14,NA,2,3,NA,0,LW,D,,24-Dec-23,2023,12,24,0.142857143,0,NA,NA,NA,NA,Allospecific Control,MTHC,12,17,5,2,83,7,90,T,H,0,1,3,27,147,1,83,12,3,1,M,2,15,0.5
1592,D33,1212433,MT,15:02,20,NA,0,16,NA,4,LW,D,,24-Dec-23,2023,12,24,0,0.25,NA,NA,NA,NA,Allospecific Control,MTHC,12,36,5,2,80,7,87,T,H,0,1,3,33,153,1,80,20,12,1,M,4,32,0.5
1593,D28,1212428,MT,15:04,14,NA,1,6,NA,1,LW,D,,24-Dec-23,2023,12,24,0.071428571,0.166666667,NA,NA,NA,NA,Allospecific Control,MTHC,12,20,5,2,79,7,86,T,H,0,1,3,28,148,1,79,13,5,1,M,2,18,0.5
1594,D38,1212438,MT,15:06,6,NA,0,10,NA,0,LW,D,,24-Dec-23,2023,12,24,0,0,NA,NA,NA,NA,Allospecific Control,MTHC,12,16,5,2,115,7,122,T,H,0,1,3,38,158,1,115,6,10,1,M,0,16,0.5
1595,D10,1212410,MT,15:08,15,NA,0,9,NA,0,LW,D,,24-Dec-23,2023,12,24,0,0,NA,NA,NA,NA,Allospecific Control,MTHC,12,24,5,2,96,7,103,T,H,0,1,3,10,130,1,96,15,9,1,M,0,24,0.5
1596,D22,1212422,MT,15:10,3,NA,0,4,NA,0,LW,D,,24-Dec-23,2023,12,24,0,0,NA,NA,NA,NA,Allospecific Control,MTHC,12,7,5,2,57,7,64,T,H,0,1,3,22,142,1,57,3,4,1,M,0,7,0.5
1597,D16,1212416,MT,15:12,0,NA,0,3,NA,1,LW,D,,24-Dec-23,2023,12,24,#DIV/0!,0.333333333,NA,NA,NA,NA,Allospecific Control,MTHC,12,3,5,2,62,7,69,T,H,0,1,3,16,136,1,62,0,2,1,M,1,2,0.5
1598,D07,1212407,MT,15:14,4,NA,0,3,NA,0,LW,D,,24-Dec-23,2023,12,24,0,0,NA,NA,NA,NA,Allospecific Control,MTHC,12,7,5,2,103,7,110,T,H,0,1,3,07,127,1,103,4,3,1,M,0,7,0.5
1599,D17,1212417,MT,15:16,17,NA,4,12,NA,3,LW,D,,24-Dec-23,2023,12,24,0.235294118,0.25,NA,NA,NA,NA,Allospecific Control,MTHC,12,29,5,2,68,7,75,T,H,0,1,3,17,137,1,68,13,9,1,M,7,22,0.5
1600,D37,1212437,MT,15:18,13,NA,2,2,NA,0,LW,D,,24-Dec-23,2023,12,24,0.153846154,0,NA,NA,NA,NA,Allospecific Control,MTHC,12,15,5,2,66,7,73,T,H,0,1,3,37,157,1,66,11,2,1,M,2,13,0.5
1601,A01,1312101,SH,09:38,20,NA,4,16,NA,4,LW,D,,3-Jan-24,2024,1,3,0.2,0.25,NA,NA,NA,NA,Conspecific Null,SHH0,13,36,16,15,213,31,244,H,H,1,0,0,01,1,1,213,16,12,2,S,8,28,1
1602,A23,1312123,SH,09:39,52,NA,7,55,NA,14,LW,D,,3-Jan-24,2024,1,3,0.134615385,0.254545455,NA,NA,NA,NA,Conspecific Null,SHH0,13,107,42,36,334,78,412,H,H,1,0,0,23,23,1,334,45,41,2,S,21,86,1
1603,A30,1312130,SH,09:40,63,NA,17,89,NA,13,LW,D,,3-Jan-24,2024,1,3,0.26984127,0.146067416,NA,NA,NA,NA,Conspecific Null,SHH0,13,152,30,65,519,95,614,H,H,1,0,0,30,30,1,519,46,76,2,S,30,122,1
1604,A40,1312140,SH,09:41,59,NA,24,9,NA,3,LW,D,,3-Jan-24,2024,1,3,0.406779661,0.333333333,NA,NA,NA,NA,Conspecific Null,SHH0,13,68,28,56,404,84,488,H,H,1,0,0,40,40,1,404,35,6,2,S,27,41,1
1605,A13,1312113,SH,09:42,42,NA,7,19,NA,3,LW,D,,3-Jan-24,2024,1,3,0.166666667,0.157894737,NA,NA,NA,NA,Conspecific Null,SHH0,13,61,29,28,216,57,273,H,H,1,0,0,13,13,1,216,35,16,2,S,10,51,1
1606,A22,1312122,SH,09:43,213,NA,30,200,NA,20,LW,D,,3-Jan-24,2024,1,3,0.14084507,0.1,NA,NA,NA,NA,Conspecific Null,SHH0,13,413,92,79,794,171,965,H,H,1,0,0,22,22,1,794,183,180,2,S,50,363,1
1607,A10,1312110,SH,09:44,0,NA,0,0,NA,0,LW,D,extinct,3-Jan-24,2024,1,3,#DIV/0!,#DIV/0!,NA,NA,NA,NA,Conspecific Null,SHH0,13,0,0,0,327,0,327,H,H,1,0,0,10,10,1,327,0,0,2,S,0,0,1
1608,A29,1312129,SH,09:45,56,NA,19,28,NA,5,LW,D,,3-Jan-24,2024,1,3,0.339285714,0.178571429,NA,NA,NA,NA,Conspecific Null,SHH0,13,84,54,45,585,99,684,H,H,1,0,0,29,29,1,585,37,23,2,S,24,60,1
1609,A08,1312108,SH,09:46,164,NA,30,40,NA,13,LW,D,,3-Jan-24,2024,1,3,0.182926829,0.325,NA,NA,NA,NA,Conspecific Null,SHH0,13,204,63,106,798,169,967,H,H,1,0,0,08,8,1,798,134,27,2,S,43,161,1
1610,A12,1312112,SH,09:47,0,NA,0,0,NA,0,LW,D,extinct,3-Jan-24,2024,1,3,#DIV/0!,#DIV/0!,NA,NA,NA,NA,Conspecific Null,SHH0,13,0,0,0,0,0,0,H,H,1,0,0,12,12,1,0,0,0,2,S,0,0,1
1611,A28,1312128,SH,09:48,20,NA,3,30,NA,8,LW,D,,3-Jan-24,2024,1,3,0.15,0.266666667,NA,NA,NA,NA,Conspecific Control,SHHC,13,50,2,5,59,7,66,H,H,0,0,0,28,28,1,59,17,22,2,S,11,39,1
1612,A03,1312103,SH,09:49,50,NA,12,17,NA,3,LW,D,,3-Jan-24,2024,1,3,0.24,0.176470588,NA,NA,NA,NA,Allospecific Control,SHTC,13,67,3,3,80,6,86,H,T,0,1,0,03,3,1,80,38,14,2,S,15,52,1
1613,A02,1312102,SH,09:50,3,NA,1,6,NA,2,LW,D,,3-Jan-24,2024,1,3,0.333333333,0.333333333,NA,NA,NA,NA,Conspecific Control,SHHC,13,9,2,3,35,5,40,H,H,0,0,0,02,2,1,35,2,4,2,S,3,6,1
1614,A07,1312107,SH,09:51,4,NA,0,6,NA,1,LW,D,,3-Jan-24,2024,1,3,0,0.166666667,NA,NA,NA,NA,Conspecific Control,SHHC,13,10,5,2,61,7,68,H,H,0,0,0,07,7,1,61,4,5,2,S,1,9,1
1615,A11,1312111,SH,09:52,8,NA,2,0,NA,0,LW,D,,3-Jan-24,2024,1,3,0.25,#DIV/0!,NA,NA,NA,NA,Conspecific Control,SHHC,13,8,2,3,60,5,65,H,H,0,0,0,11,11,1,60,6,0,2,S,2,6,1
1616,A18,1312118,SH,09:53,0,NA,0,0,NA,0,LW,D,extinct,3-Jan-24,2024,1,3,#DIV/0!,#DIV/0!,NA,NA,NA,NA,Conspecific Control,SHHC,13,0,4,4,74,8,82,H,H,0,0,0,18,18,1,74,0,0,2,S,0,0,1
1617,A34,1312134,SH,09:54,6,NA,2,1,NA,0,LW,D,,3-Jan-24,2024,1,3,0.333333333,0,NA,NA,NA,NA,Conspecific Control,SHHC,13,7,4,7,74,11,85,H,H,0,0,0,34,34,1,74,4,1,2,S,2,5,1
1618,A33,1312133,SH,09:55,11,NA,0,11,NA,1,LW,D,,3-Jan-24,2024,1,3,0,0.090909091,NA,NA,NA,NA,Conspecific Control,SHHC,13,22,4,3,85,7,92,H,H,0,0,0,33,33,1,85,11,10,2,S,1,21,1
1619,A21,1312121,SH,09:56,1,NA,0,3,NA,1,LW,D,,3-Jan-24,2024,1,3,0,0.333333333,NA,NA,NA,NA,Conspecific Control,SHHC,13,4,5,5,59,10,69,H,H,0,0,0,21,21,1,59,1,2,2,S,1,3,1
1620,A17,1312117,SH,09:57,7,NA,1,6,NA,0,LW,D,,3-Jan-24,2024,1,3,0.142857143,0,NA,NA,NA,NA,Conspecific Control,SHHC,13,13,5,4,44,9,53,H,H,0,0,0,17,17,1,44,6,6,2,S,1,12,1
1621,A24,1312124,SH,09:58,41,NA,21,33,NA,3,LW,D,,3-Jan-24,2024,1,3,0.512195122,0.090909091,NA,NA,NA,NA,Allospecific Null,SHT0,13,74,21,24,297,45,342,H,T,1,1,0,24,24,1,297,20,30,2,S,24,50,1
1622,A15,1312115,SH,09:59,24,NA,2,47,NA,3,LW,D,,3-Jan-24,2024,1,3,0.083333333,0.063829787,NA,NA,NA,NA,Allospecific Null,SHT0,13,71,11,38,253,49,302,H,T,1,1,0,15,15,1,253,22,44,2,S,5,66,1
1623,A04,1312104,SH,10:00,18,NA,3,27,NA,7,LW,D,,3-Jan-24,2024,1,3,0.166666667,0.259259259,NA,NA,NA,NA,Allospecific Null,SHT0,13,45,8,21,191,29,220,H,T,1,1,0,04,4,1,191,15,20,2,S,10,35,1
1624,A32,1312132,SH,10:01,9,NA,0,4,NA,0,LW,D,,3-Jan-24,2024,1,3,0,0,NA,NA,NA,NA,Allospecific Null,SHT0,13,13,5,8,63,13,76,H,T,1,1,0,32,32,1,63,9,4,2,S,0,13,1
1625,A36,1312136,SH,10:02,39,NA,6,50,NA,14,LW,D,,3-Jan-24,2024,1,3,0.153846154,0.28,NA,NA,NA,NA,Allospecific Null,SHT0,13,89,25,21,328,46,374,H,T,1,1,0,36,36,1,328,33,36,2,S,20,69,1
1626,A31,1312131,SH,10:03,0,NA,0,3,NA,1,LW,D,,3-Jan-24,2024,1,3,#DIV/0!,0.333333333,NA,NA,NA,NA,Allospecific Null,SHT0,13,3,0,1,7,1,8,H,T,1,1,0,31,31,1,7,0,2,2,S,1,2,1
1627,A05,1312105,SH,10:04,43,NA,11,14,NA,1,LW,D,,3-Jan-24,2024,1,3,0.255813953,0.071428571,NA,NA,NA,NA,Allospecific Null,SHT0,13,57,63,95,606,158,764,H,T,1,1,0,05,5,1,606,32,13,2,S,12,45,1
1628,A39,1312139,SH,10:05,12,NA,0,5,NA,0,LW,D,,3-Jan-24,2024,1,3,0,0,NA,NA,NA,NA,Allospecific Null,SHT0,13,17,2,2,40,4,44,H,T,1,1,0,39,39,1,40,12,5,2,S,0,17,1
1629,A19,1312119,SH,10:06,0,NA,0,0,NA,0,LW,D,extinct,3-Jan-24,2024,1,3,#DIV/0!,#DIV/0!,NA,NA,NA,NA,Allospecific Null,SHT0,13,0,0,2,2,2,4,H,T,1,1,0,19,19,1,2,0,0,2,S,0,0,1
1630,A27,1312127,SH,10:07,23,NA,5,23,NA,2,LW,D,,3-Jan-24,2024,1,3,0.217391304,0.086956522,NA,NA,NA,NA,Allospecific Null,SHT0,13,46,2,8,88,10,98,H,T,1,1,0,27,27,1,88,18,21,2,S,7,39,1
1631,A09,1312109,SH,10:08,1,NA,0,3,NA,1,LW,D,,3-Jan-24,2024,1,3,0,0.333333333,NA,NA,NA,NA,Allospecific Control,SHTC,13,4,1,2,8,3,11,H,T,0,1,0,09,9,1,8,1,2,2,S,1,3,1
1632,A38,1312138,SH,10:09,1,NA,0,1,NA,0,LW,D,,3-Jan-24,2024,1,3,0,0,NA,NA,NA,NA,Allospecific Control,SHTC,13,2,2,2,12,4,16,H,T,0,1,0,38,38,1,12,1,1,2,S,0,2,1
1633,A25,1312125,SH,10:10,15,NA,1,7,NA,1,LW,D,,3-Jan-24,2024,1,3,0.066666667,0.142857143,NA,NA,NA,NA,Allospecific Control,SHTC,13,22,8,14,57,22,79,H,T,0,1,0,25,25,1,57,14,6,2,S,2,20,1
1634,A14,1312114,SH,10:11,2,NA,0,3,NA,0,LW,D,,3-Jan-24,2024,1,3,0,0,NA,NA,NA,NA,Allospecific Control,SHTC,13,5,1,3,11,4,15,H,T,0,1,0,14,14,1,11,2,3,2,S,0,5,1
1635,A26,1312126,SH,10:12,0,NA,0,0,NA,0,LW,D,extinct,3-Jan-24,2024,1,3,#DIV/0!,#DIV/0!,NA,NA,NA,NA,Conspecific Control,SHHC,13,0,0,0,0,0,0,H,H,0,0,0,26,26,1,0,0,0,2,S,0,0,1
1636,A37,1312137,SH,10:13,0,NA,0,0,NA,0,LW,D,extinct,3-Jan-24,2024,1,3,#DIV/0!,#DIV/0!,NA,NA,NA,NA,Allospecific Control,SHTC,13,0,0,0,0,0,0,H,T,0,1,0,37,37,1,0,0,0,2,S,0,0,1
1637,A20,1312120,SH,10:14,3,NA,0,4,NA,1,LW,D,,3-Jan-24,2024,1,3,0,0.25,NA,NA,NA,NA,Allospecific Control,SHTC,13,7,3,3,18,6,24,H,T,0,1,0,20,20,1,18,3,3,2,S,1,6,1
1638,A06,1312106,SH,10:15,0,NA,0,0,NA,0,LW,D,extinct,3-Jan-24,2024,1,3,#DIV/0!,#DIV/0!,NA,NA,NA,NA,Allospecific Control,SHTC,13,0,1,1,2,2,4,H,T,0,1,0,06,6,1,2,0,0,2,S,0,0,1
1639,A16,1312116,SH,10:16,7,NA,2,11,NA,3,LW,D,,3-Jan-24,2024,1,3,0.285714286,0.272727273,NA,NA,NA,NA,Allospecific Control,SHTC,13,18,10,12,57,22,79,H,T,0,1,0,16,16,1,57,5,8,2,S,5,13,1
1640,A35,1312135,SH,10:17,0,NA,0,0,NA,0,LW,D,extinct,3-Jan-24,2024,1,3,#DIV/0!,#DIV/0!,NA,NA,NA,NA,Allospecific Control,SHTC,13,0,0,0,20,0,20,H,T,0,1,0,35,35,1,20,0,0,2,S,0,0,1
1641,B01,1312201,ST,10:20,42,NA,18,16,NA,5,LW,D,,3-Jan-24,2024,1,3,0.428571429,0.3125,NA,NA,NA,NA,Conspecific Null,STT0,13,58,19,10,164,29,193,T,T,1,0,1,01,41,1,164,24,11,2,S,23,35,1
1642,B31,1312231,ST,10:23,195,NA,74,62,NA,25,LW,D,,3-Jan-24,2024,1,3,0.379487179,0.403225806,NA,NA,NA,NA,Conspecific Null,STT0,13,257,32,81,855,113,968,T,T,1,0,1,31,71,1,855,121,37,2,S,99,158,1
1643,B09,1312209,ST,10:26,106,NA,33,74,NA,22,LW,D,,3-Jan-24,2024,1,3,0.311320755,0.297297297,NA,NA,NA,NA,Conspecific Null,STT0,13,180,77,114,369,191,560,T,T,1,0,1,09,49,1,369,73,52,2,S,55,125,1
1644,B26,1312226,ST,10:29,62,NA,30,132,NA,39,LW,D,,3-Jan-24,2024,1,3,0.483870968,0.295454545,NA,NA,NA,NA,Conspecific Null,STT0,13,194,19,60,421,79,500,T,T,1,0,1,26,66,1,421,32,93,2,S,69,125,1
1645,B13,1312213,ST,10:32,45,NA,11,11,NA,2,LW,D,,3-Jan-24,2024,1,3,0.244444444,0.181818182,NA,NA,NA,NA,Conspecific Null,STT0,13,56,42,27,236,69,305,T,T,1,0,1,13,53,1,236,34,9,2,S,13,43,1
1646,B16,1312216,ST,10:35,49,NA,13,32,NA,12,LW,D,,3-Jan-24,2024,1,3,0.265306122,0.375,NA,NA,NA,NA,Conspecific Null,STT0,13,81,26,19,198,45,243,T,T,1,0,1,16,56,1,198,36,20,2,S,25,56,1
1647,B14,1312214,ST,10:38,29,NA,10,5,NA,1,LW,D,,3-Jan-24,2024,1,3,0.344827586,0.2,NA,NA,NA,NA,Conspecific Null,STT0,13,34,10,14,130,24,154,T,T,1,0,1,14,54,1,130,19,4,2,S,11,23,1
1648,B18,1312218,ST,10:41,26,NA,9,17,NA,3,LW,D,,3-Jan-24,2024,1,3,0.346153846,0.176470588,NA,NA,NA,NA,Conspecific Null,STT0,13,43,13,18,143,31,174,T,T,1,0,1,18,58,1,143,17,14,2,S,12,31,1
1649,B37,1312237,ST,10:44,34,NA,9,13,NA,5,LW,D,,3-Jan-24,2024,1,3,0.264705882,0.384615385,NA,NA,NA,NA,Conspecific Null,STT0,13,47,14,23,150,37,187,T,T,1,0,1,37,77,1,150,25,8,2,S,14,33,1
1650,B30,1312230,ST,10:47,42,NA,16,65,NA,17,LW,D,,3-Jan-24,2024,1,3,0.380952381,0.261538462,NA,NA,NA,NA,Conspecific Null,STT0,13,107,74,234,707,308,1015,T,T,1,0,1,30,70,1,707,26,48,2,S,33,74,1
1651,B38,1312238,ST,10:50,0,NA,0,0,NA,0,LW,D,extinct,3-Jan-24,2024,1,3,#DIV/0!,#DIV/0!,NA,NA,NA,NA,Conspecific Control,STTC,13,0,2,5,25,7,32,T,T,0,0,1,38,78,1,25,0,0,2,S,0,0,1
1652,B33,1312233,ST,10:51,2,NA,1,1,NA,1,LW,D,,3-Jan-24,2024,1,3,0.5,1,NA,NA,NA,NA,Conspecific Control,STTC,13,3,1,1,24,2,26,T,T,0,0,1,33,73,1,24,1,0,2,S,2,1,1
1653,B19,1312219,ST,10:52,1,NA,1,1,NA,1,LW,D,,3-Jan-24,2024,1,3,1,1,NA,NA,NA,NA,Conspecific Control,STTC,13,2,1,1,14,2,16,T,T,0,0,1,19,59,1,14,0,0,2,S,2,0,1
1654,B36,1312236,ST,10:53,1,NA,1,1,NA,1,LW,D,,3-Jan-24,2024,1,3,1,1,NA,NA,NA,NA,Conspecific Control,STTC,13,2,2,3,15,5,20,T,T,0,0,1,36,76,1,15,0,0,2,S,2,0,1
1655,B10,1312210,ST,10:54,0,NA,0,0,NA,0,LW,D,extinct,3-Jan-24,2024,1,3,#DIV/0!,#DIV/0!,NA,NA,NA,NA,Conspecific Control,STTC,13,0,1,1,9,2,11,T,T,0,0,1,10,50,1,9,0,0,2,S,0,0,1
1656,B07,1312207,ST,10:55,7,NA,3,1,NA,0,LW,D,,3-Jan-24,2024,1,3,0.428571429,0,NA,NA,NA,NA,Conspecific Control,STTC,13,8,2,1,28,3,31,T,T,0,0,1,07,47,1,28,4,1,2,S,3,5,1
1657,B08,1312208,ST,10:56,4,NA,1,4,NA,1,LW,D,,3-Jan-24,2024,1,3,0.25,0.25,NA,NA,NA,NA,Conspecific Control,STTC,13,8,3,2,41,5,46,T,T,0,0,1,08,48,1,41,3,3,2,S,2,6,1
1658,B22,1312222,ST,10:57,10,NA,3,3,NA,0,LW,D,,3-Jan-24,2024,1,3,0.3,0,NA,NA,NA,NA,Conspecific Control,STTC,13,13,10,2,50,12,62,T,T,0,0,1,22,62,1,50,7,3,2,S,3,10,1
1659,B21,1312221,ST,10:58,0,NA,0,3,NA,1,LW,D,,3-Jan-24,2024,1,3,#DIV/0!,0.333333333,NA,NA,NA,NA,Conspecific Control,STTC,13,3,4,1,3,5,8,T,T,0,0,1,21,61,1,3,0,2,2,S,1,2,1
1660,B17,1312217,ST,10:59,7,NA,3,1,NA,0,LW,D,,3-Jan-24,2024,1,3,0.428571429,0,NA,NA,NA,NA,Conspecific Control,STTC,13,8,2,2,18,4,22,T,T,0,0,1,17,57,1,18,4,1,2,S,3,5,1
1661,B28,1312228,ST,11:00,74,NA,19,15,NA,0,LW,D,,3-Jan-24,2024,1,3,0.256756757,0,NA,NA,NA,NA,Allospecific Null,STH0,13,89,33,56,416,89,505,T,H,1,1,1,28,68,1,416,55,15,2,S,19,70,1
1662,B24,1312224,ST,11:01,26,NA,4,10,NA,3,LW,D,,3-Jan-24,2024,1,3,0.153846154,0.3,NA,NA,NA,NA,Allospecific Null,STH0,13,36,26,48,521,74,595,T,H,1,1,1,24,64,1,521,22,7,2,S,7,29,1
1663,B12,1312212,ST,11:04,63,NA,16,36,NA,5,LW,D,,3-Jan-24,2024,1,3,0.253968254,0.138888889,NA,NA,NA,NA,Allospecific Null,STH0,13,99,13,39,334,52,386,T,H,1,1,1,12,52,1,334,47,31,2,S,21,78,1
1664,B25,1312225,ST,11:07,161,NA,15,9,NA,3,LW,D,,3-Jan-24,2024,1,3,0.093167702,0.333333333,NA,NA,NA,NA,Allospecific Null,STH0,13,170,24,50,428,74,502,T,H,1,1,1,25,65,1,428,146,6,2,S,18,152,1
1665,B40,1312240,ST,11:10,53,NA,6,23,NA,7,LW,D,,3-Jan-24,2024,1,3,0.113207547,0.304347826,NA,NA,NA,NA,Allospecific Null,STH0,13,76,21,36,317,57,374,T,H,1,1,1,40,80,1,317,47,16,2,S,13,63,1
1666,B39,1312239,ST,11:13,118,NA,31,58,NA,14,LW,D,,3-Jan-24,2024,1,3,0.262711864,0.24137931,NA,NA,NA,NA,Allospecific Null,STH0,13,176,34,57,626,91,717,T,H,1,1,1,39,79,1,626,87,44,2,S,45,131,1
1667,B29,1312229,ST,11:16,0,NA,0,0,NA,0,LW,D,extinct,3-Jan-24,2024,1,3,#DIV/0!,#DIV/0!,NA,NA,NA,NA,Allospecific Null,STH0,13,0,1,0,0,1,1,T,H,1,1,1,29,69,1,0,0,0,2,S,0,0,1
1668,B32,1312232,ST,11:19,8,NA,2,13,NA,1,LW,D,,3-Jan-24,2024,1,3,0.25,0.076923077,NA,NA,NA,NA,Allospecific Null,STH0,13,21,6,8,110,14,124,T,H,1,1,1,32,72,1,110,6,12,2,S,3,18,1
1669,B23,1312223,ST,11:22,197,NA,45,15,NA,3,LW,D,,3-Jan-24,2024,1,3,0.228426396,0.2,NA,NA,NA,NA,Allospecific Null,STH0,13,212,104,140,1137,244,1381,T,H,1,1,1,23,63,1,1137,152,12,2,S,48,164,1
1670,B20,1312220,ST,11:25,50,NA,13,14,NA,3,LW,D,,3-Jan-24,2024,1,3,0.26,0.214285714,NA,NA,NA,NA,Allospecific Null,STH0,13,64,13,17,201,30,231,T,H,1,1,1,20,60,1,201,37,11,2,S,16,48,1
1671,B02,1312202,ST,11:28,2,NA,0,5,NA,0,LW,D,,3-Jan-24,2024,1,3,0,0,NA,NA,NA,NA,Allospecific Control,STHC,13,7,4,5,19,9,28,T,H,0,1,1,02,42,1,19,2,5,2,S,0,7,1
1672,B34,1312234,ST,11:30,2,NA,0,8,NA,2,LW,D,,3-Jan-24,2024,1,3,0,0.25,NA,NA,NA,NA,Allospecific Control,STHC,13,10,4,6,22,10,32,T,H,0,1,1,34,74,1,22,2,6,2,S,2,8,1
1673,B15,1312215,ST,11:32,0,NA,0,0,NA,0,LW,D,extinct,3-Jan-24,2024,1,3,#DIV/0!,#DIV/0!,NA,NA,NA,NA,Allospecific Control,STHC,13,0,1,2,6,3,9,T,H,0,1,1,15,55,1,6,0,0,2,S,0,0,1
1674,B27,1312227,ST,11:34,0,NA,0,3,NA,1,LW,D,,3-Jan-24,2024,1,3,#DIV/0!,0.333333333,NA,NA,NA,NA,Allospecific Control,STHC,13,3,4,5,13,9,22,T,H,0,1,1,27,67,1,13,0,2,2,S,1,2,1
1675,B04,1312204,ST,11:36,3,NA,0,2,NA,0,LW,D,,3-Jan-24,2024,1,3,0,0,NA,NA,NA,NA,Allospecific Control,STHC,13,5,4,4,27,8,35,T,H,0,1,1,04,44,1,27,3,2,2,S,0,5,1
1676,B03,1312203,ST,11:38,8,NA,1,1,NA,0,LW,D,,3-Jan-24,2024,1,3,0.125,0,NA,NA,NA,NA,Allospecific Control,STHC,13,9,9,11,42,20,62,T,H,0,1,1,03,43,1,42,7,1,2,S,1,8,1
1677,B06,1312206,ST,11:40,0,NA,0,0,NA,0,LW,D,extinct,3-Jan-24,2024,1,3,#DIV/0!,#DIV/0!,NA,NA,NA,NA,Allospecific Control,STHC,13,0,2,1,5,3,8,T,H,0,1,1,06,46,1,5,0,0,2,S,0,0,1
1678,B35,1312235,ST,11:42,0,NA,0,0,NA,0,LW,D,extinct,3-Jan-24,2024,1,3,#DIV/0!,#DIV/0!,NA,NA,NA,NA,Allospecific Control,STHC,13,0,1,2,4,3,7,T,H,0,1,1,35,75,1,4,0,0,2,S,0,0,1
1679,B05,1312205,ST,11:44,1,NA,0,1,NA,0,LW,D,,3-Jan-24,2024,1,3,0,0,NA,NA,NA,NA,Allospecific Control,STHC,13,2,2,4,14,6,20,T,H,0,1,1,05,45,1,14,1,1,2,S,0,2,1
1680,B11,1312211,ST,11:46,5,NA,1,9,NA,5,LW,D,,3-Jan-24,2024,1,3,0.2,0.555555556,NA,NA,NA,NA,Allospecific Control,STHC,13,14,10,8,47,18,65,T,H,0,1,1,11,51,1,47,4,4,2,S,6,8,1
1681,C38,1312338,MH,11:48,48,NA,8,29,NA,3,LW,D,,3-Jan-24,2024,1,3,0.166666667,0.103448276,NA,NA,NA,NA,Conspecific Null,MHH0,13,77,23,52,342,75,417,H,H,1,0,2,38,118,1,342,40,26,2,M,11,66,1
1682,C20,1312320,MH,11:50,75,NA,57,55,NA,12,LW,D,,3-Jan-24,2024,1,3,0.76,0.218181818,NA,NA,NA,NA,Conspecific Null,MHH0,13,130,35,56,571,91,662,H,H,1,0,2,20,100,1,571,18,43,2,M,69,61,1
1683,C26,1312326,MH,11:52,1,NA,0,1,NA,0,LW,D,,3-Jan-24,2024,1,3,0,0,NA,NA,NA,NA,Conspecific Null,MHH0,13,2,2,2,13,4,17,H,H,1,0,2,26,106,1,13,1,1,2,M,0,2,1
1684,C16,1312316,MH,11:54,35,NA,10,63,NA,7,LW,D,,3-Jan-24,2024,1,3,0.285714286,0.111111111,NA,NA,NA,NA,Conspecific Null,MHH0,13,98,33,44,406,77,483,H,H,1,0,2,16,96,1,406,25,56,2,M,17,81,1
1685,C32,1312332,MH,11:56,21,NA,11,16,NA,7,LW,D,,3-Jan-24,2024,1,3,0.523809524,0.4375,NA,NA,NA,NA,Conspecific Null,MHH0,13,37,12,20,118,32,150,H,H,1,0,2,32,112,1,118,10,9,2,M,18,19,1
1686,C12,1312312,MH,11:58,143,NA,57,96,NA,55,LW,D,,3-Jan-24,2024,1,3,0.398601399,0.572916667,NA,NA,NA,NA,Conspecific Null,MHH0,13,239,26,50,380,76,456,H,H,1,0,2,12,92,1,380,86,41,2,M,112,127,1
1687,C18,1312318,MH,12:40,66,NA,18,11,NA,1,LW,D,,3-Jan-24,2024,1,3,0.272727273,0.090909091,NA,NA,NA,NA,Conspecific Null,MHH0,13,77,11,36,208,47,255,H,H,1,0,2,18,98,1,208,48,10,2,M,19,58,1
1688,C08,1312308,MH,12:42,13,NA,0,2,NA,0,LW,D,,3-Jan-24,2024,1,3,0,0,NA,NA,NA,NA,Conspecific Null,MHH0,13,15,71,38,412,109,521,H,H,1,0,2,08,88,1,412,13,2,2,M,0,15,1
1689,C15,1312315,MH,12:44,0,NA,0,0,NA,0,LW,D,extinct,3-Jan-24,2024,1,3,#DIV/0!,#DIV/0!,NA,NA,NA,NA,Conspecific Null,MHH0,13,0,37,30,439,67,506,H,H,1,0,2,15,95,1,439,0,0,2,M,0,0,1
1690,C21,1312321,MH,12:46,102,NA,7,105,NA,58,LW,D,,3-Jan-24,2024,1,3,0.068627451,0.552380952,NA,NA,NA,NA,Conspecific Null,MHH0,13,207,31,60,849,91,940,H,H,1,0,2,21,101,1,849,95,47,2,M,65,142,1
1691,C29,1312329,MH,12:48,5,NA,3,3,NA,2,LW,D,,3-Jan-24,2024,1,3,0.6,0.666666667,NA,NA,NA,NA,Conspecific Control,MHHC,13,8,2,11,41,13,54,H,H,0,0,2,29,109,1,41,2,1,2,M,5,3,1
1692,C22,1312322,MH,12:50,19,NA,19,1,NA,0,LW,D,,3-Jan-24,2024,1,3,1,0,NA,NA,NA,NA,Conspecific Control,MHHC,13,20,3,7,117,10,127,H,H,0,0,2,22,102,1,117,0,1,2,M,19,1,1
1693,C09,1312309,MH,12:52,2,NA,0,2,NA,0,LW,D,,3-Jan-24,2024,1,3,0,0,NA,NA,NA,NA,Conspecific Control,MHHC,13,4,4,2,13,6,19,H,H,0,0,2,09,89,1,13,2,2,2,M,0,4,1
1694,C13,1312313,MH,12:54,10,NA,3,6,NA,5,LW,D,,3-Jan-24,2024,1,3,0.3,0.833333333,NA,NA,NA,NA,Conspecific Control,MHHC,13,16,1,3,72,4,76,H,H,0,0,2,13,93,1,72,7,1,2,M,8,8,1
1695,C03,1312303,MH,12:56,0,NA,0,0,NA,0,LW,D,extinct,3-Jan-24,2024,1,3,#DIV/0!,#DIV/0!,NA,NA,NA,NA,Conspecific Control,MHHC,13,0,0,0,0,0,0,H,H,0,0,2,03,83,1,0,0,0,2,M,0,0,1
1696,C14,1312314,MH,12:58,0,NA,0,0,NA,0,LW,D,extinct,3-Jan-24,2024,1,3,#DIV/0!,#DIV/0!,NA,NA,NA,NA,Conspecific Control,MHHC,13,0,0,2,0,2,2,H,H,0,0,2,14,94,1,2,0,0,2,M,0,0,1
1697,C37,1312337,MH,13:00,0,NA,0,0,NA,0,LW,D,extinct,3-Jan-24,2024,1,3,#DIV/0!,#DIV/0!,NA,NA,NA,NA,Conspecific Control,MHHC,13,0,1,1,7,2,9,H,H,0,0,2,37,117,1,7,0,0,2,M,0,0,1
1698,C25,1312325,MH,13:02,5,NA,0,1,NA,0,LW,D,,3-Jan-24,2024,1,3,0,0,NA,NA,NA,NA,Conspecific Control,MHHC,13,6,3,3,54,6,60,H,H,0,0,2,25,105,1,54,5,1,2,M,0,6,1
1699,C05,1312305,MH,13:04,3,NA,2,6,NA,1,LW,D,,3-Jan-24,2024,1,3,0.666666667,0.166666667,NA,NA,NA,NA,Conspecific Control,MHHC,13,9,3,1,25,4,29,H,H,0,0,2,05,85,1,25,1,5,2,M,3,6,1
1700,C31,1312331,MH,13:06,7,NA,1,8,NA,0,LW,D,,3-Jan-24,2024,1,3,0.142857143,0,NA,NA,NA,NA,Conspecific Control,MHHC,13,15,2,4,73,6,79,H,H,0,0,2,31,111,1,73,6,8,2,M,1,14,1
1701,C24,1312324,MH,13:08,12,NA,1,13,NA,1,LW,D,,3-Jan-24,2024,1,3,0.083333333,0.076923077,NA,NA,NA,NA,Allospecific Null,MHT0,13,25,7,12,119,19,138,H,T,1,1,2,24,104,1,119,11,12,2,M,2,23,1
1702,C23,1312323,MH,13:10,30,NA,7,28,NA,7,LW,D,,3-Jan-24,2024,1,3,0.233333333,0.25,NA,NA,NA,NA,Allospecific Null,MHT0,13,58,18,17,250,35,285,H,T,1,1,2,23,103,1,250,23,21,2,M,14,44,1
1703,C04,1312304,MH,13:12,32,NA,1,6,NA,1,LW,D,,3-Jan-24,2024,1,3,0.03125,0.166666667,NA,NA,NA,NA,Allospecific Null,MHT0,13,38,10,26,198,36,234,H,T,1,1,2,04,84,1,198,31,5,2,M,2,36,1
1704,C01,1312301,MH,13:14,6,NA,3,32,NA,10,LW,D,,3-Jan-24,2024,1,3,0.5,0.3125,NA,NA,NA,NA,Allospecific Null,MHT0,13,38,4,7,106,11,117,H,T,1,1,2,01,81,1,106,3,22,2,M,13,25,1
1705,C35,1312335,MH,13:16,25,NA,2,17,NA,3,LW,D,,3-Jan-24,2024,1,3,0.08,0.176470588,NA,NA,NA,NA,Allospecific Null,MHT0,13,42,5,9,133,14,147,H,T,1,1,2,35,115,1,133,23,14,2,M,5,37,1
1706,C27,1312327,MH,13:18,5,NA,1,2,NA,2,LW,D,,3-Jan-24,2024,1,3,0.2,1,NA,NA,NA,NA,Allospecific Null,MHT0,13,7,4,5,51,9,60,H,T,1,1,2,27,107,1,51,4,0,2,M,3,4,1
1707,C19,1312319,MH,13:20,9,NA,5,13,NA,3,LW,D,,3-Jan-24,2024,1,3,0.555555556,0.230769231,NA,NA,NA,NA,Allospecific Null,MHT0,13,22,4,11,100,15,115,H,T,1,1,2,19,99,1,100,4,10,2,M,8,14,1
1708,C06,1312306,MH,13:22,64,NA,10,71,NA,5,LW,D,,3-Jan-24,2024,1,3,0.15625,0.070422535,NA,NA,NA,NA,Allospecific Null,MHT0,13,135,28,35,463,63,526,H,T,1,1,2,06,86,1,463,54,66,2,M,15,120,1
1709,C17,1312317,MH,13:24,86,NA,22,68,NA,27,LW,D,,3-Jan-24,2024,1,3,0.255813953,0.397058824,NA,NA,NA,NA,Allospecific Null,MHT0,13,154,34,52,498,86,584,H,T,1,1,2,17,97,1,498,64,41,2,M,49,105,1
1710,C11,1312311,MH,13:26,14,NA,6,40,NA,14,LW,D,,3-Jan-24,2024,1,3,0.428571429,0.35,NA,NA,NA,NA,Allospecific Null,MHT0,13,54,18,38,249,56,305,H,T,1,1,2,11,91,1,249,8,26,2,M,20,34,1
1711,C36,1312336,MH,13:28,7,NA,3,25,NA,8,LW,D,,3-Jan-24,2024,1,3,0.428571429,0.32,NA,NA,NA,NA,Allospecific Control,MHTC,13,32,19,17,107,36,143,H,T,0,1,2,36,116,1,107,4,17,2,M,11,21,1
1712,C28,1312328,MH,13:30,1,NA,0,1,NA,0,LW,D,,3-Jan-24,2024,1,3,0,0,NA,NA,NA,NA,Allospecific Control,MHTC,13,2,1,2,8,3,11,H,T,0,1,2,28,108,1,8,1,1,2,M,0,2,1
1713,C34,1312334,MH,13:32,5,NA,2,2,NA,0,LW,D,,3-Jan-24,2024,1,3,0.4,0,NA,NA,NA,NA,Allospecific Control,MHTC,13,7,4,5,22,9,31,H,T,0,1,2,34,114,1,22,3,2,2,M,2,5,1
1714,C40,1312340,MH,13:34,0,NA,0,0,NA,0,LW,D,extinct,3-Jan-24,2024,1,3,#DIV/0!,#DIV/0!,NA,NA,NA,NA,Allospecific Control,MHTC,13,0,0,0,0,0,0,H,T,0,1,2,40,120,1,0,0,0,2,M,0,0,1
1715,C07,1312307,MH,13:36,22,NA,7,0,NA,0,LW,D,extinct,3-Jan-24,2024,1,3,0.318181818,#DIV/0!,NA,NA,NA,NA,Allospecific Control,MHTC,13,22,5,4,42,9,51,H,T,0,1,2,07,87,1,42,15,0,2,M,7,15,1
1716,C33,1312333,MH,13:38,3,NA,1,0,NA,0,LW,D,,3-Jan-24,2024,1,3,0.333333333,#DIV/0!,NA,NA,NA,NA,Allospecific Control,MHTC,13,3,4,3,16,7,23,H,T,0,1,2,33,113,1,16,2,0,2,M,1,2,1
1717,C02,1312302,MH,13:40,0,NA,0,0,NA,0,LW,D,extinct,3-Jan-24,2024,1,3,#DIV/0!,#DIV/0!,NA,NA,NA,NA,Allospecific Control,MHTC,13,0,1,0,1,1,2,H,T,0,1,2,02,82,1,1,0,0,2,M,0,0,1
1718,C10,1312310,MH,13:42,0,NA,0,3,NA,0,LW,D,extinct,3-Jan-24,2024,1,3,#DIV/0!,0,NA,NA,NA,NA,Allospecific Control,MHTC,13,3,1,1,0,2,2,H,T,0,1,2,10,90,1,2,0,3,2,M,0,3,1
1719,C39,1312339,MH,13:44,16,NA,4,0,NA,0,LW,D,,3-Jan-24,2024,1,3,0.25,#DIV/0!,NA,NA,NA,NA,Allospecific Control,MHTC,13,16,4,7,45,11,56,H,T,0,1,2,39,119,1,45,12,0,2,M,4,12,1
1720,C30,1312330,MH,13:46,2,NA,1,7,NA,1,LW,D,,3-Jan-24,2024,1,3,0.5,0.142857143,NA,NA,NA,NA,Allospecific Control,MHTC,13,9,3,5,30,8,38,H,T,0,1,2,30,110,1,30,1,6,2,M,2,7,1
1721,D01,1312401,MT,13:48,43,NA,17,22,NA,6,LW,D,,3-Jan-24,2024,1,3,0.395348837,0.272727273,NA,NA,NA,NA,Conspecific Null,MTT0,13,65,39,44,272,83,355,T,T,1,0,3,01,121,1,272,26,16,2,M,23,42,1
1722,D29,1312429,MT,13:50,9,NA,3,10,NA,3,LW,D,,3-Jan-24,2024,1,3,0.333333333,0.3,NA,NA,NA,NA,Conspecific Null,MTT0,13,19,3,5,32,8,40,T,T,1,0,3,29,149,1,32,6,7,2,M,6,13,1
1723,D02,1312402,MT,13:55,0,NA,0,0,NA,0,LW,D,extinct,3-Jan-24,2024,1,3,#DIV/0!,#DIV/0!,NA,NA,NA,NA,Conspecific Null,MTT0,13,0,0,0,0,0,0,T,T,1,0,3,02,122,1,0,0,0,2,M,0,0,1
1724,D05,1312405,MT,14:00,7,NA,1,15,NA,4,LW,D,,3-Jan-24,2024,1,3,0.142857143,0.266666667,NA,NA,NA,NA,Conspecific Null,MTT0,13,22,4,10,66,14,80,T,T,1,0,3,05,125,1,66,6,11,2,M,5,17,1
1725,D12,1312412,MT,14:09,82,NA,25,16,NA,3,LW,D,,3-Jan-24,2024,1,3,0.304878049,0.1875,NA,NA,NA,NA,Conspecific Null,MTT0,13,98,12,8,223,20,243,T,T,1,0,3,12,132,1,223,57,13,2,M,28,70,1
1726,D32,1312432,MT,14:12,9,NA,3,8,NA,2,LW,D,,3-Jan-24,2024,1,3,0.333333333,0.25,NA,NA,NA,NA,Conspecific Null,MTT0,13,17,4,8,63,12,75,T,T,1,0,3,32,152,1,63,6,6,2,M,5,12,1
1727,D40,1312440,MT,14:15,37,NA,11,12,NA,0,LW,D,,3-Jan-24,2024,1,3,0.297297297,0,NA,NA,NA,NA,Conspecific Null,MTT0,13,49,53,44,730,97,827,T,T,1,0,3,40,160,1,730,26,12,2,M,11,38,1
1728,D21,1312421,MT,14:18,75,NA,17,10,NA,3,LW,D,,3-Jan-24,2024,1,3,0.226666667,0.3,NA,NA,NA,NA,Conspecific Null,MTT0,13,85,53,36,239,89,328,T,T,1,0,3,21,141,1,239,58,7,2,M,20,65,1
1729,D08,1312408,MT,14:21,20,NA,5,39,NA,8,LW,D,,3-Jan-24,2024,1,3,0.25,0.205128205,NA,NA,NA,NA,Conspecific Null,MTT0,13,59,14,27,170,41,211,T,T,1,0,3,08,128,1,170,15,31,2,M,13,46,1
1730,D24,1312424,MT,14:24,25,NA,6,4,NA,0,LW,D,,3-Jan-24,2024,1,3,0.24,0,NA,NA,NA,NA,Conspecific Null,MTT0,13,29,4,8,55,12,67,T,T,1,0,3,24,144,1,55,19,4,2,M,6,23,1
1731,D20,1312420,MT,14:27,2,NA,0,2,NA,0,LW,D,,3-Jan-24,2024,1,3,0,0,NA,NA,NA,NA,Conspecific Control,MTTC,13,4,2,2,9,4,13,T,T,0,0,3,20,140,1,9,2,2,2,M,0,4,1
1732,D39,1312439,MT,14:30,4,NA,1,12,NA,6,LW,D,,3-Jan-24,2024,1,3,0.25,0.5,NA,NA,NA,NA,Conspecific Control,MTTC,13,16,3,3,41,6,47,T,T,0,0,3,39,159,1,41,3,6,2,M,7,9,1
1733,D14,1312414,MT,14:33,0,NA,0,0,NA,0,LW,D,extinct,3-Jan-24,2024,1,3,#DIV/0!,#DIV/0!,NA,NA,NA,NA,Conspecific Control,MTTC,13,0,1,1,20,2,22,T,T,0,0,3,14,134,1,20,0,0,2,M,0,0,1
1734,D11,1312411,MT,14:36,3,NA,1,0,NA,0,LW,D,extinct,3-Jan-24,2024,1,3,0.333333333,#DIV/0!,NA,NA,NA,NA,Conspecific Control,MTTC,13,3,1,1,14,2,16,T,T,0,0,3,11,131,1,14,2,0,2,M,1,2,1
1735,D03,1312403,MT,14:38,0,NA,0,0,NA,0,LW,D,extinct,3-Jan-24,2024,1,3,#DIV/0!,#DIV/0!,NA,NA,NA,NA,Conspecific Control,MTTC,13,0,0,0,0,0,0,T,T,0,0,3,03,123,1,0,0,0,2,M,0,0,1
1736,D25,1312425,MT,14:40,29,NA,12,16,NA,5,LW,D,,3-Jan-24,2024,1,3,0.413793103,0.3125,NA,NA,NA,NA,Conspecific Control,MTTC,13,45,3,8,125,11,136,T,T,0,0,3,25,145,1,125,17,11,2,M,17,28,1
1737,D09,1312409,MT,14:42,8,NA,3,9,NA,2,LW,D,,3-Jan-24,2024,1,3,0.375,0.222222222,NA,NA,NA,NA,Conspecific Control,MTTC,13,17,7,5,50,12,62,T,T,0,0,3,09,129,1,50,5,7,2,M,5,12,1
1738,D26,1312426,MT,14:44,20,NA,6,27,NA,9,LW,D,,3-Jan-24,2024,1,3,0.3,0.333333333,NA,NA,NA,NA,Conspecific Control,MTTC,13,47,3,5,97,8,105,T,T,0,0,3,26,146,1,97,14,18,2,M,15,32,1
1739,D34,1312434,MT,14:46,6,NA,2,2,NA,0,LW,D,,3-Jan-24,2024,1,3,0.333333333,0,NA,NA,NA,NA,Conspecific Control,MTTC,13,8,4,5,36,9,45,T,T,0,0,3,34,154,1,36,4,2,2,M,2,6,1
1740,D06,1312406,MT,14:48,0,NA,0,3,NA,1,LW,D,,3-Jan-24,2024,1,3,#DIV/0!,0.333333333,NA,NA,NA,NA,Conspecific Control,MTTC,13,3,2,0,1,2,3,T,T,0,0,3,06,126,1,1,0,2,2,M,1,2,1
1741,D31,1312431,MT,14:50,11,NA,1,16,NA,0,LW,D,,3-Jan-24,2024,1,3,0.090909091,0,NA,NA,NA,NA,Allospecific Null,MTH0,13,27,4,9,87,13,100,T,H,1,1,3,31,151,1,87,10,16,2,M,1,26,1
1742,D36,1312436,MT,14:52,7,NA,0,4,NA,0,LW,D,,3-Jan-24,2024,1,3,0,0,NA,NA,NA,NA,Allospecific Null,MTH0,13,11,2,4,35,6,41,T,H,1,1,3,36,156,1,35,7,4,2,M,0,11,1
1743,D15,1312415,MT,14:54,62,NA,9,42,NA,4,LW,D,,3-Jan-24,2024,1,3,0.14516129,0.095238095,NA,NA,NA,NA,Allospecific Null,MTH0,13,104,12,17,263,29,292,T,H,1,1,3,15,135,1,263,53,38,2,M,13,91,1
1744,D35,1312435,MT,14:56,33,NA,4,102,NA,17,LW,D,,3-Jan-24,2024,1,3,0.121212121,0.166666667,NA,NA,NA,NA,Allospecific Null,MTH0,13,135,15,18,273,33,306,T,H,1,1,3,35,155,1,273,29,85,2,M,21,114,1
1745,D13,1312413,MT,14:58,39,NA,1,17,NA,5,LW,D,,3-Jan-24,2024,1,3,0.025641026,0.294117647,NA,NA,NA,NA,Allospecific Null,MTH0,13,56,7,8,134,15,149,T,H,1,1,3,13,133,1,134,38,12,2,M,6,50,1
1746,D23,1312423,MT,15:00,20,NA,3,40,NA,8,LW,D,,3-Jan-24,2024,1,3,0.15,0.2,NA,NA,NA,NA,Allospecific Null,MTH0,13,60,8,16,140,24,164,T,H,1,1,3,23,143,1,140,17,32,2,M,11,49,1
1747,D19,1312419,MT,15:02,0,NA,0,3,NA,1,LW,D,,3-Jan-24,2024,1,3,#DIV/0!,0.333333333,NA,NA,NA,NA,Allospecific Null,MTH0,13,3,1,1,10,2,12,T,H,1,1,3,19,139,1,10,0,2,2,M,1,2,1
1748,D30,1312430,MT,15:04,9,NA,0,16,NA,1,LW,D,,3-Jan-24,2024,1,3,0,0.0625,NA,NA,NA,NA,Allospecific Null,MTH0,13,25,6,9,87,15,102,T,H,1,1,3,30,150,1,87,9,15,2,M,1,24,1
1749,D18,1312418,MT,15:06,37,NA,7,27,NA,5,LW,D,,3-Jan-24,2024,1,3,0.189189189,0.185185185,NA,NA,NA,NA,Allospecific Null,MTH0,13,64,7,14,194,21,215,T,H,1,1,3,18,138,1,194,30,22,2,M,12,52,1
1750,D04,1312404,MT,15:08,1,NA,0,6,NA,1,LW,D,,3-Jan-24,2024,1,3,0,0.166666667,NA,NA,NA,NA,Allospecific Null,MTH0,13,7,2,3,37,5,42,T,H,1,1,3,04,124,1,37,1,5,2,M,1,6,1
1751,D27,1312427,MT,15:10,2,NA,0,2,NA,0,LW,D,,3-Jan-24,2024,1,3,0,0,NA,NA,NA,NA,Allospecific Control,MTHC,13,4,5,5,32,10,42,T,H,0,1,3,27,147,1,32,2,2,2,M,0,4,1
1752,D33,1312433,MT,15:12,8,NA,1,5,NA,1,LW,D,,3-Jan-24,2024,1,3,0.125,0.2,NA,NA,NA,NA,Allospecific Control,MTHC,13,13,9,14,61,23,84,T,H,0,1,3,33,153,1,61,7,4,2,M,2,11,1
1753,D28,1312428,MT,15:14,1,NA,0,3,NA,0,LW,D,,3-Jan-24,2024,1,3,0,0,NA,NA,NA,NA,Allospecific Control,MTHC,13,4,3,5,32,8,40,T,H,0,1,3,28,148,1,32,1,3,2,M,0,4,1
1754,D38,1312438,MT,15:16,4,NA,0,8,NA,1,LW,D,,3-Jan-24,2024,1,3,0,0.125,NA,NA,NA,NA,Allospecific Control,MTHC,13,12,3,4,28,7,35,T,H,0,1,3,38,158,1,28,4,7,2,M,1,11,1
1755,D10,1312410,MT,15:18,6,NA,1,4,NA,0,LW,D,,3-Jan-24,2024,1,3,0.166666667,0,NA,NA,NA,NA,Allospecific Control,MTHC,13,10,8,6,46,14,60,T,H,0,1,3,10,130,1,46,5,4,2,M,1,9,1
1756,D22,1312422,MT,15:20,0,NA,0,0,NA,0,LW,D,extinct,3-Jan-24,2024,1,3,#DIV/0!,#DIV/0!,NA,NA,NA,NA,Allospecific Control,MTHC,13,0,3,3,12,6,18,T,H,0,1,3,22,142,1,12,0,0,2,M,0,0,1
1757,D16,1312416,MT,15:22,0,NA,0,0,NA,0,LW,D,extinct,3-Jan-24,2024,1,3,#DIV/0!,#DIV/0!,NA,NA,NA,NA,Allospecific Control,MTHC,13,0,1,1,4,2,6,T,H,0,1,3,16,136,1,4,0,0,2,M,0,0,1
1758,D07,1312407,MT,15:24,3,NA,0,2,NA,0,LW,D,,3-Jan-24,2024,1,3,0,0,NA,NA,NA,NA,Allospecific Control,MTHC,13,5,1,1,12,2,14,T,H,0,1,3,07,127,1,12,3,2,2,M,0,5,1
1759,D17,1312417,MT,15:26,13,NA,4,12,NA,3,LW,D,,3-Jan-24,2024,1,3,0.307692308,0.25,NA,NA,NA,NA,Allospecific Control,MTHC,13,25,9,11,54,20,74,T,H,0,1,3,17,137,1,54,9,9,2,M,7,18,1
1760,D37,1312437,MT,15:28,6,NA,0,1,NA,0,LW,D,,3-Jan-24,2024,1,3,0,0,NA,NA,NA,NA,Allospecific Control,MTHC,13,7,6,7,27,13,40,T,H,0,1,3,37,157,1,27,6,1,2,M,0,7,1
1761,A01,1412101,SH,10:31,17,NA,5,14,NA,2,LW,D,,13-Jan-24,2024,1,13,0.294117647,0.142857143,NA,NA,NA,NA,Conspecific Null,SHH0,14,31,4,12,58,16,74,H,H,1,0,0,01,1,1,58,12,12,3,S,7,24,1.5
1762,A23,1412123,SH,10:32,60,NA,18,43,NA,13,LW,D,,13-Jan-24,2024,1,13,0.3,0.302325581,NA,NA,NA,NA,Conspecific Null,SHH0,14,103,14,29,148,43,191,H,H,1,0,0,23,23,1,148,42,30,3,S,31,72,1.5
1763,A30,1412130,SH,10:33,132,NA,48,151,NA,17,LW,D,,13-Jan-24,2024,1,13,0.363636364,0.112582781,NA,NA,NA,NA,Conspecific Null,SHH0,14,283,39,41,283,80,363,H,H,1,0,0,30,30,1,283,84,134,3,S,65,218,1.5
1764,A40,1412140,SH,10:34,60,NA,22,50,NA,3,LW,D,,13-Jan-24,2024,1,13,0.366666667,0.06,NA,NA,NA,NA,Conspecific Null,SHH0,14,110,20,32,146,52,198,H,H,1,0,0,40,40,1,146,38,47,3,S,25,85,1.5
1765,A13,1412113,SH,10:35,46,NA,11,29,NA,4,LW,D,,13-Jan-24,2024,1,13,0.239130435,0.137931034,NA,NA,NA,NA,Conspecific Null,SHH0,14,75,33,32,123,65,188,H,H,1,0,0,13,13,1,123,35,25,3,S,15,60,1.5
1766,A22,1412122,SH,10:36,151,NA,22,20,NA,4,LW,D,,13-Jan-24,2024,1,13,0.145695364,0.2,NA,NA,NA,NA,Conspecific Null,SHH0,14,171,29,40,501,69,570,H,H,1,0,0,22,22,1,501,129,16,3,S,26,145,1.5
1767,A10,1412110,SH,10:37,0,NA,0,0,NA,0,LW,D,extinct,13-Jan-24,2024,1,13,#DIV/0!,#DIV/0!,NA,NA,NA,NA,Conspecific Null,SHH0,14,0,0,0,120,0,120,H,H,1,0,0,10,10,1,120,0,0,3,S,0,0,1.5
1768,A29,1412129,SH,10:38,55,NA,23,21,NA,8,LW,D,,13-Jan-24,2024,1,13,0.418181818,0.380952381,NA,NA,NA,NA,Conspecific Null,SHH0,14,76,21,52,206,73,279,H,H,1,0,0,29,29,1,206,32,13,3,S,31,45,1.5
1769,A08,1412108,SH,10:39,83,NA,27,28,NA,22,LW,D,,13-Jan-24,2024,1,13,0.325301205,0.785714286,NA,NA,NA,NA,Conspecific Null,SHH0,14,111,46,22,449,68,517,H,H,1,0,0,08,8,1,449,56,6,3,S,49,62,1.5
1770,A12,1412112,SH,10:40,0,NA,0,0,NA,0,LW,D,extinct,13-Jan-24,2024,1,13,#DIV/0!,#DIV/0!,NA,NA,NA,NA,Conspecific Null,SHH0,14,0,0,0,0,0,0,H,H,1,0,0,12,12,1,0,0,0,3,S,0,0,1.5
1771,A28,1412128,SH,10:41,33,NA,7,39,NA,9,LW,D,,13-Jan-24,2024,1,13,0.212121212,0.230769231,NA,NA,NA,NA,Conspecific Control,SHHC,14,72,14,17,89,31,120,H,H,0,0,0,28,28,1,89,26,30,3,S,16,56,1.5
1772,A03,1412103,SH,10:42,64,NA,12,40,NA,4,LW,D,,13-Jan-24,2024,1,13,0.1875,0.1,NA,NA,NA,NA,Allospecific Control,SHTC,14,104,15,22,55,37,92,H,T,0,1,0,03,3,1,55,52,36,3,S,16,88,1.5
1773,A02,1412102,SH,10:43,6,NA,1,11,NA,3,LW,D,,13-Jan-24,2024,1,13,0.166666667,0.272727273,NA,NA,NA,NA,Conspecific Control,SHHC,14,17,3,10,11,13,24,H,H,0,0,0,02,2,1,11,5,8,3,S,4,13,1.5
1774,A07,1412107,SH,10:44,8,NA,0,9,NA,2,LW,D,,13-Jan-24,2024,1,13,0,0.222222222,NA,NA,NA,NA,Conspecific Control,SHHC,14,17,2,4,19,6,25,H,H,0,0,0,07,7,1,19,8,7,3,S,2,15,1.5
1775,A11,1412111,SH,10:45,0,NA,0,0,NA,0,LW,D,extinct,13-Jan-24,2024,1,13,#DIV/0!,#DIV/0!,NA,NA,NA,NA,Conspecific Control,SHHC,14,0,4,6,6,10,16,H,H,0,0,0,11,11,1,6,0,0,3,S,0,0,1.5
1776,A18,1412118,SH,10:46,0,NA,0,0,NA,0,LW,D,extinct,13-Jan-24,2024,1,13,#DIV/0!,#DIV/0!,NA,NA,NA,NA,Conspecific Control,SHHC,14,0,1,2,9,3,12,H,H,0,0,0,18,18,1,9,0,0,3,S,0,0,1.5
1777,A34,1412134,SH,10:47,49,NA,11,20,NA,5,LW,D,,13-Jan-24,2024,1,13,0.224489796,0.25,NA,NA,NA,NA,Conspecific Control,SHHC,14,69,9,10,19,19,38,H,H,0,0,0,34,34,1,19,38,15,3,S,16,53,1.5
1778,A33,1412133,SH,10:48,9,NA,2,10,NA,2,LW,D,,13-Jan-24,2024,1,13,0.222222222,0.2,NA,NA,NA,NA,Conspecific Control,SHHC,14,19,11,15,31,26,57,H,H,0,0,0,33,33,1,31,7,8,3,S,4,15,1.5
1779,A21,1412121,SH,10:49,0,NA,0,0,NA,0,LW,D,extinct,13-Jan-24,2024,1,13,#DIV/0!,#DIV/0!,NA,NA,NA,NA,Conspecific Control,SHHC,14,0,2,1,8,3,11,H,H,0,0,0,21,21,1,8,0,0,3,S,0,0,1.5
1780,A17,1412117,SH,10:50,9,NA,0,8,NA,0,LW,D,,13-Jan-24,2024,1,13,0,0,NA,NA,NA,NA,Conspecific Control,SHHC,14,17,3,7,22,10,32,H,H,0,0,0,17,17,1,22,9,8,3,S,0,17,1.5
1781,A24,1412124,SH,10:51,41,NA,5,34,NA,6,LW,D,,13-Jan-24,2024,1,13,0.12195122,0.176470588,NA,NA,NA,NA,Allospecific Null,SHT0,14,75,26,34,145,60,205,H,T,1,1,0,24,24,1,145,36,28,3,S,11,64,1.5
1782,A15,1412115,SH,10:52,0,NA,0,0,NA,0,LW,D,extinct,13-Jan-24,2024,1,13,#DIV/0!,#DIV/0!,NA,NA,NA,NA,Allospecific Null,SHT0,14,0,20,40,52,60,112,H,T,1,1,0,15,15,1,52,0,0,3,S,0,0,1.5
1783,A04,1412104,SH,10:53,40,NA,2,50,NA,7,LW,D,,13-Jan-24,2024,1,13,0.05,0.14,NA,NA,NA,NA,Allospecific Null,SHT0,14,90,16,19,91,35,126,H,T,1,1,0,04,4,1,91,38,43,3,S,9,81,1.5
1784,A32,1412132,SH,10:54,16,NA,1,4,NA,0,LW,D,,13-Jan-24,2024,1,13,0.0625,0,NA,NA,NA,NA,Allospecific Null,SHT0,14,20,4,15,20,19,39,H,T,1,1,0,32,32,1,20,15,4,3,S,1,19,1.5
1785,A36,1412136,SH,10:55,58,NA,9,50,NA,19,LW,D,,13-Jan-24,2024,1,13,0.155172414,0.38,NA,NA,NA,NA,Allospecific Null,SHT0,14,108,38,29,175,67,242,H,T,1,1,0,36,36,1,175,49,31,3,S,28,80,1.5
1786,A31,1412131,SH,10:56,0,NA,0,0,NA,0,LW,D,extinct,13-Jan-24,2024,1,13,#DIV/0!,#DIV/0!,NA,NA,NA,NA,Allospecific Null,SHT0,14,0,3,3,3,6,9,H,T,1,1,0,31,31,1,3,0,0,3,S,0,0,1.5
1787,A05,1412105,SH,10:57,42,NA,24,15,NA,1,LW,D,,13-Jan-24,2024,1,13,0.571428571,0.066666667,NA,NA,NA,NA,Allospecific Null,SHT0,14,57,30,37,94,67,161,H,T,1,1,0,05,5,1,94,18,14,3,S,25,32,1.5
1788,A39,1412139,SH,10:58,19,NA,1,3,NA,0,LW,D,,13-Jan-24,2024,1,13,0.052631579,0,NA,NA,NA,NA,Allospecific Null,SHT0,14,22,5,2,30,7,37,H,T,1,1,0,39,39,1,30,18,3,3,S,1,21,1.5
1789,A19,1412119,SH,10:59,0,NA,0,0,NA,0,LW,D,extinct,13-Jan-24,2024,1,13,#DIV/0!,#DIV/0!,NA,NA,NA,NA,Allospecific Null,SHT0,14,0,2,2,3,4,7,H,T,1,1,0,19,19,1,3,0,0,3,S,0,0,1.5
1790,A27,1412127,SH,11:00,34,NA,5,47,NA,0,LW,D,,13-Jan-24,2024,1,13,0.147058824,0,NA,NA,NA,NA,Allospecific Null,SHT0,14,81,18,23,91,41,132,H,T,1,1,0,27,27,1,91,29,47,3,S,5,76,1.5
1791,A09,1412109,SH,11:01,0,NA,0,0,NA,0,LW,D,extinct,13-Jan-24,2024,1,13,#DIV/0!,#DIV/0!,NA,NA,NA,NA,Allospecific Control,SHTC,14,0,2,3,3,5,8,H,T,0,1,0,09,9,1,3,0,0,3,S,0,0,1.5
1792,A38,1412138,SH,11:02,1,NA,0,0,NA,0,LW,D,extinct,13-Jan-24,2024,1,13,0,#DIV/0!,NA,NA,NA,NA,Allospecific Control,SHTC,14,1,0,3,3,3,6,H,T,0,1,0,38,38,1,3,1,0,3,S,0,1,1.5
1793,A25,1412125,SH,11:03,11,NA,2,8,NA,2,LW,D,,13-Jan-24,2024,1,13,0.181818182,0.25,NA,NA,NA,NA,Allospecific Control,SHTC,14,19,13,23,19,36,55,H,T,0,1,0,25,25,1,19,9,6,3,S,4,15,1.5
1794,A14,1412114,SH,11:04,3,NA,1,0,NA,0,LW,D,extinct,13-Jan-24,2024,1,13,0.333333333,#DIV/0!,NA,NA,NA,NA,Allospecific Control,SHTC,14,3,0,0,4,0,4,H,T,0,1,0,14,14,1,4,2,0,3,S,1,2,1.5
1795,A26,1412126,SH,11:05,0,NA,0,0,NA,0,LW,D,extinct,13-Jan-24,2024,1,13,#DIV/0!,#DIV/0!,NA,NA,NA,NA,Conspecific Control,SHHC,14,0,0,0,3,0,3,H,H,0,0,0,26,26,1,3,0,0,3,S,0,0,1.5
1796,A37,1412137,SH,11:06,0,NA,0,0,NA,0,LW,D,extinct,13-Jan-24,2024,1,13,#DIV/0!,#DIV/0!,NA,NA,NA,NA,Allospecific Control,SHTC,14,0,0,0,1,0,1,H,T,0,1,0,37,37,1,1,0,0,3,S,0,0,1.5
1797,A20,1412120,SH,11:07,5,NA,2,6,NA,2,LW,D,,13-Jan-24,2024,1,13,0.4,0.333333333,NA,NA,NA,NA,Allospecific Control,SHTC,14,11,2,4,11,6,17,H,T,0,1,0,20,20,1,11,3,4,3,S,4,7,1.5
1798,A06,1412106,SH,11:08,0,NA,1,0,NA,0,LW,D,extinct,13-Jan-24,2024,1,13,#DIV/0!,#DIV/0!,NA,NA,NA,NA,Allospecific Control,SHTC,14,0,0,0,0,0,0,H,T,0,1,0,06,6,1,0,1,0,3,S,1,1,1.5
1799,A16,1412116,SH,11:09,10,NA,4,19,NA,5,LW,D,,13-Jan-24,2024,1,13,0.4,0.263157895,NA,NA,NA,NA,Allospecific Control,SHTC,14,29,8,10,26,18,44,H,T,0,1,0,16,16,1,26,6,14,3,S,9,20,1.5
1800,A35,1412135,SH,11:10,0,NA,0,0,NA,0,LW,D,extinct,13-Jan-24,2024,1,13,#DIV/0!,#DIV/0!,NA,NA,NA,NA,Allospecific Control,SHTC,14,0,0,0,12,0,12,H,T,0,1,0,35,35,1,12,0,0,3,S,0,0,1.5
1801,B01,1412201,ST,11:12,22,NA,5,5,NA,1,LW,D,,13-Jan-24,2024,1,13,0.227272727,0.2,NA,NA,NA,NA,Conspecific Null,STT0,14,27,17,15,162,32,194,T,T,1,0,1,01,41,1,162,17,4,3,S,6,21,1.5
1802,B31,1412231,ST,11:14,333,NA,98,286,NA,103,LW,D,,13-Jan-24,2024,1,13,0.294294294,0.36013986,NA,NA,NA,NA,Conspecific Null,STT0,14,619,36,104,506,140,646,T,T,1,0,1,31,71,1,506,235,183,3,S,201,418,1.5
1803,B09,1412209,ST,11:16,184,NA,54,127,NA,37,LW,D,,13-Jan-24,2024,1,13,0.293478261,0.291338583,NA,NA,NA,NA,Conspecific Null,STT0,14,311,40,52,200,92,292,T,T,1,0,1,09,49,1,200,130,90,3,S,91,220,1.5
1804,B26,1412226,ST,11:18,124,NA,30,179,NA,35,LW,D,,13-Jan-24,2024,1,13,0.241935484,0.195530726,NA,NA,NA,NA,Conspecific Null,STT0,14,303,63,37,298,100,398,T,T,1,0,1,26,66,1,298,94,144,3,S,65,238,1.5
1805,B13,1412213,ST,11:20,22,NA,2,10,NA,0,LW,D,,13-Jan-24,2024,1,13,0.090909091,0,NA,NA,NA,NA,Conspecific Null,STT0,14,32,10,14,88,24,112,T,T,1,0,1,13,53,1,88,20,10,3,S,2,30,1.5
1806,B16,1412216,ST,11:22,57,NA,5,28,NA,12,LW,D,,13-Jan-24,2024,1,13,0.087719298,0.428571429,NA,NA,NA,NA,Conspecific Null,STT0,14,85,9,19,114,28,142,T,T,1,0,1,16,56,1,114,52,16,3,S,17,68,1.5
1807,B14,1412214,ST,11:24,13,NA,2,6,NA,2,LW,D,,13-Jan-24,2024,1,13,0.153846154,0.333333333,NA,NA,NA,NA,Conspecific Null,STT0,14,19,4,8,57,12,69,T,T,1,0,1,14,54,1,57,11,4,3,S,4,15,1.5
1808,B18,1412218,ST,11:26,74,NA,22,45,NA,13,LW,D,,13-Jan-24,2024,1,13,0.297297297,0.288888889,NA,NA,NA,NA,Conspecific Null,STT0,14,119,7,9,64,16,80,T,T,1,0,1,18,58,1,64,52,32,3,S,35,84,1.5
1809,B37,1412237,ST,11:28,67,NA,25,79,NA,21,LW,D,,13-Jan-24,2024,1,13,0.373134328,0.265822785,NA,NA,NA,NA,Conspecific Null,STT0,14,146,16,37,82,53,135,T,T,1,0,1,37,77,1,82,42,58,3,S,46,100,1.5
1810,B30,1412230,ST,11:30,289,NA,70,267,NA,43,LW,D,,13-Jan-24,2024,1,13,0.242214533,0.161048689,NA,NA,NA,NA,Conspecific Null,STT0,14,556,118,107,669,225,894,T,T,1,0,1,30,70,1,669,219,224,3,S,113,443,1.5
1811,B38,1412238,ST,11:32,0,NA,0,0,NA,0,LW,D,extinct,13-Jan-24,2024,1,13,#DIV/0!,#DIV/0!,NA,NA,NA,NA,Conspecific Control,STTC,14,0,0,0,0,0,0,T,T,0,0,1,38,78,1,0,0,0,3,S,0,0,1.5
1812,B33,1412233,ST,11:34,0,NA,0,0,NA,0,LW,D,extinct,13-Jan-24,2024,1,13,#DIV/0!,#DIV/0!,NA,NA,NA,NA,Conspecific Control,STTC,14,0,1,3,4,4,8,T,T,0,0,1,33,73,1,4,0,0,3,S,0,0,1.5
1813,B19,1412219,ST,11:36,0,NA,0,0,NA,0,LW,D,extinct,13-Jan-24,2024,1,13,#DIV/0!,#DIV/0!,NA,NA,NA,NA,Conspecific Control,STTC,14,0,0,0,4,0,4,T,T,0,0,1,19,59,1,4,0,0,3,S,0,0,1.5
1814,B36,1412236,ST,11:38,0,NA,0,0,NA,0,LW,D,extinct,13-Jan-24,2024,1,13,#DIV/0!,#DIV/0!,NA,NA,NA,NA,Conspecific Control,STTC,14,0,1,0,3,1,4,T,T,0,0,1,36,76,1,3,0,0,3,S,0,0,1.5
1815,B10,1412210,ST,11:40,0,NA,0,0,NA,0,LW,D,extinct,13-Jan-24,2024,1,13,#DIV/0!,#DIV/0!,NA,NA,NA,NA,Conspecific Control,STTC,14,0,0,0,0,0,0,T,T,0,0,1,10,50,1,0,0,0,3,S,0,0,1.5
1816,B07,1412207,ST,11:42,12,NA,10,7,NA,4,LW,D,,13-Jan-24,2024,1,13,0.833333333,0.571428571,NA,NA,NA,NA,Conspecific Control,STTC,14,19,2,3,17,5,22,T,T,0,0,1,07,47,1,17,2,3,3,S,14,5,1.5
1817,B08,1412208,ST,11:44,3,NA,3,5,NA,3,LW,D,,13-Jan-24,2024,1,13,1,0.6,NA,NA,NA,NA,Conspecific Control,STTC,14,8,2,3,7,5,12,T,T,0,0,1,08,48,1,7,0,2,3,S,6,2,1.5
1818,B22,1412222,ST,11:46,32,NA,25,22,NA,12,LW,D,,13-Jan-24,2024,1,13,0.78125,0.545454545,NA,NA,NA,NA,Conspecific Control,STTC,14,54,1,2,20,3,23,T,T,0,0,1,22,62,1,20,7,10,3,S,37,17,1.5
1819,B21,1412221,ST,11:48,0,NA,0,0,NA,0,LW,D,extinct,13-Jan-24,2024,1,13,#DIV/0!,#DIV/0!,NA,NA,NA,NA,Conspecific Control,STTC,14,0,1,0,4,1,5,T,T,0,0,1,21,61,1,4,0,0,3,S,0,0,1.5
1820,B17,1412217,ST,11:50,6,NA,4,2,NA,2,LW,D,,13-Jan-24,2024,1,13,0.666666667,1,NA,NA,NA,NA,Conspecific Control,STTC,14,8,1,2,10,3,13,T,T,0,0,1,17,57,1,10,2,0,3,S,6,2,1.5
1821,B28,1412228,ST,11:52,32,NA,3,28,NA,5,LW,D,,13-Jan-24,2024,1,13,0.09375,0.178571429,NA,NA,NA,NA,Allospecific Null,STH0,14,60,32,27,115,59,174,T,H,1,1,1,28,68,1,115,29,23,3,S,8,52,1.5
1822,B24,1412224,ST,11:54,0,NA,0,0,NA,0,LW,D,extinct,13-Jan-24,2024,1,13,#DIV/0!,#DIV/0!,NA,NA,NA,NA,Allospecific Null,STH0,14,0,68,87,356,155,511,T,H,1,1,1,24,64,1,356,0,0,3,S,0,0,1.5
1823,B12,1412212,ST,11:56,126,NA,32,98,NA,24,LW,D,,13-Jan-24,2024,1,13,0.253968254,0.244897959,NA,NA,NA,NA,Allospecific Null,STH0,14,224,58,72,156,130,286,T,H,1,1,1,12,52,1,156,94,74,3,S,56,168,1.5
1824,B25,1412225,ST,11:58,0,NA,0,0,NA,0,LW,D,extinct,13-Jan-24,2024,1,13,#DIV/0!,#DIV/0!,NA,NA,NA,NA,Allospecific Null,STH0,14,0,46,31,294,77,371,T,H,1,1,1,25,65,1,294,0,0,3,S,0,0,1.5
1825,B40,1412240,ST,12:00,68,NA,23,44,NA,26,LW,D,,13-Jan-24,2024,1,13,0.338235294,0.590909091,NA,NA,NA,NA,Allospecific Null,STH0,14,112,22,41,179,63,242,T,H,1,1,1,40,80,1,179,45,18,3,S,49,63,1.5
1826,B39,1412239,ST,12:02,256,NA,80,201,NA,50,LW,D,,13-Jan-24,2024,1,13,0.3125,0.248756219,NA,NA,NA,NA,Allospecific Null,STH0,14,457,83,47,196,130,326,T,H,1,1,1,39,79,1,196,176,151,3,S,130,327,1.5
1827,B29,1412229,ST,12:04,0,NA,0,0,NA,0,LW,D,extinct,13-Jan-24,2024,1,13,#DIV/0!,#DIV/0!,NA,NA,NA,NA,Allospecific Null,STH0,14,0,0,0,0,0,0,T,H,1,1,1,29,69,1,0,0,0,3,S,0,0,1.5
1828,B32,1412232,ST,12:06,2,NA,1,2,NA,0,LW,D,,13-Jan-24,2024,1,13,0.5,0,NA,NA,NA,NA,Allospecific Null,STH0,14,4,6,15,24,21,45,T,H,1,1,1,32,72,1,24,1,2,3,S,1,3,1.5
1829,B23,1412223,ST,12:08,26,NA,20,55,NA,23,LW,D,,13-Jan-24,2024,1,13,0.769230769,0.418181818,NA,NA,NA,NA,Allospecific Null,STH0,14,81,78,142,435,220,655,T,H,1,1,1,23,63,1,435,6,32,3,S,43,38,1.5
1830,B20,1412220,ST,12:10,40,NA,20,37,NA,27,LW,D,,13-Jan-24,2024,1,13,0.5,0.72972973,NA,NA,NA,NA,Allospecific Null,STH0,14,77,21,27,87,48,135,T,H,1,1,1,20,60,1,87,20,10,3,S,47,30,1.5
1831,B02,1412202,ST,12:12,0,NA,0,0,NA,0,LW,D,extinct,13-Jan-24,2024,1,13,#DIV/0!,#DIV/0!,NA,NA,NA,NA,Allospecific Control,STHC,14,0,2,5,8,7,15,T,H,0,1,1,02,42,1,8,0,0,3,S,0,0,1.5
1832,B34,1412234,ST,12:14,13,NA,2,5,NA,2,LW,D,,13-Jan-24,2024,1,13,0.153846154,0.4,NA,NA,NA,NA,Allospecific Control,STHC,14,18,3,8,11,11,22,T,H,0,1,1,34,74,1,11,11,3,3,S,4,14,1.5
1833,B15,1412215,ST,12:16,0,NA,0,0,NA,0,LW,D,extinct,13-Jan-24,2024,1,13,#DIV/0!,#DIV/0!,NA,NA,NA,NA,Allospecific Control,STHC,14,0,0,0,2,0,2,T,H,0,1,1,15,55,1,2,0,0,3,S,0,0,1.5
1834,B27,1412227,ST,12:18,0,NA,0,0,NA,0,LW,D,extinct,13-Jan-24,2024,1,13,#DIV/0!,#DIV/0!,NA,NA,NA,NA,Allospecific Control,STHC,14,0,1,4,2,5,7,T,H,0,1,1,27,67,1,2,0,0,3,S,0,0,1.5
1835,B04,1412204,ST,12:20,15,NA,4,8,NA,1,LW,D,,13-Jan-24,2024,1,13,0.266666667,0.125,NA,NA,NA,NA,Allospecific Control,STHC,14,23,1,2,4,3,7,T,H,0,1,1,04,44,1,4,11,7,3,S,5,18,1.5
1836,B03,1412203,ST,12:22,0,NA,0,0,NA,0,LW,D,extinct,13-Jan-24,2024,1,13,#DIV/0!,#DIV/0!,NA,NA,NA,NA,Allospecific Control,STHC,14,0,2,1,14,3,17,T,H,0,1,1,03,43,1,14,0,0,3,S,0,0,1.5
1837,B06,1412206,ST,12:24,0,NA,0,0,NA,0,LW,D,extinct,13-Jan-24,2024,1,13,#DIV/0!,#DIV/0!,NA,NA,NA,NA,Allospecific Control,STHC,14,0,0,1,1,1,2,T,H,0,1,1,06,46,1,1,0,0,3,S,0,0,1.5
1838,B35,1412235,ST,12:26,0,NA,0,0,NA,0,LW,D,extinct,13-Jan-24,2024,1,13,#DIV/0!,#DIV/0!,NA,NA,NA,NA,Allospecific Control,STHC,14,0,1,1,5,2,7,T,H,0,1,1,35,75,1,5,0,0,3,S,0,0,1.5
1839,B05,1412205,ST,12:28,0,NA,0,0,NA,0,LW,D,extinct,13-Jan-24,2024,1,13,#DIV/0!,#DIV/0!,NA,NA,NA,NA,Allospecific Control,STHC,14,0,1,1,2,2,4,T,H,0,1,1,05,45,1,2,0,0,3,S,0,0,1.5
1840,B11,1412211,ST,13:30,28,NA,5,19,NA,5,LW,D,,13-Jan-24,2024,1,13,0.178571429,0.263157895,NA,NA,NA,NA,Allospecific Control,STHC,14,47,5,4,20,9,29,T,H,0,1,1,11,51,1,20,23,14,3,S,10,37,1.5
1841,C38,1412338,MH,13:31,54,NA,17,6,NA,2,LW,D,,13-Jan-24,2024,1,13,0.314814815,0.333333333,NA,NA,NA,NA,Conspecific Null,MHH0,14,60,18,17,120,35,155,H,H,1,0,2,38,118,1,120,37,4,3,M,19,41,1.5
1842,C20,1412320,MH,13:32,139,NA,37,161,NA,28,LW,D,,13-Jan-24,2024,1,13,0.26618705,0.173913043,NA,NA,NA,NA,Conspecific Null,MHH0,14,300,28,35,181,63,244,H,H,1,0,2,20,100,1,181,102,133,3,M,65,235,1.5
1843,C26,1412326,MH,13:33,0,NA,0,0,NA,0,LW,D,extinct,13-Jan-24,2024,1,13,#DIV/0!,#DIV/0!,NA,NA,NA,NA,Conspecific Null,MHH0,14,0,0,1,5,1,6,H,H,1,0,2,26,106,1,5,0,0,3,M,0,0,1.5
1844,C16,1412316,MH,13:34,27,NA,11,30,NA,13,LW,D,,13-Jan-24,2024,1,13,0.407407407,0.433333333,NA,NA,NA,NA,Conspecific Null,MHH0,14,57,2,48,194,50,244,H,H,1,0,2,16,96,1,194,16,17,3,M,24,33,1.5
1845,C32,1412332,MH,13:35,37,NA,6,16,NA,10,LW,D,,13-Jan-24,2024,1,13,0.162162162,0.625,NA,NA,NA,NA,Conspecific Null,MHH0,14,53,14,14,104,28,132,H,H,1,0,2,32,112,1,104,31,6,3,M,16,37,1.5
1846,C12,1412312,MH,13:36,363,NA,39,175,NA,27,LW,D,,13-Jan-24,2024,1,13,0.107438017,0.154285714,NA,NA,NA,NA,Conspecific Null,MHH0,14,538,100,53,453,153,606,H,H,1,0,2,12,92,1,453,324,148,3,M,66,472,1.5
1847,C18,1412318,MH,13:37,11,NA,1,7,NA,2,LW,D,,13-Jan-24,2024,1,13,0.090909091,0.285714286,NA,NA,NA,NA,Conspecific Null,MHH0,14,18,30,54,197,84,281,H,H,1,0,2,18,98,1,197,10,5,3,M,3,15,1.5
1848,C08,1412308,MH,13:38,2,NA,0,3,NA,0,LW,D,,13-Jan-24,2024,1,13,0,0,NA,NA,NA,NA,Conspecific Null,MHH0,14,5,4,4,23,8,31,H,H,1,0,2,08,88,1,23,2,3,3,M,0,5,1.5
1849,C15,1412315,MH,13:39,0,NA,0,0,NA,0,LW,D,extinct,13-Jan-24,2024,1,13,#DIV/0!,#DIV/0!,NA,NA,NA,NA,Conspecific Null,MHH0,14,0,0,1,0,1,1,H,H,1,0,2,15,95,1,1,0,0,3,M,0,0,1.5
1850,C21,1412321,MH,13:40,297,NA,39,120,NA,42,LW,D,,13-Jan-24,2024,1,13,0.131313131,0.35,NA,NA,NA,NA,Conspecific Null,MHH0,14,417,75,89,616,164,780,H,H,1,0,2,21,101,1,616,258,78,3,M,81,336,1.5
1851,C29,1412329,MH,13:41,10,NA,7,2,NA,1,LW,D,,13-Jan-24,2024,1,13,0.7,0.5,NA,NA,NA,NA,Conspecific Control,MHHC,14,12,3,3,12,6,18,H,H,0,0,2,29,109,1,12,3,1,3,M,8,4,1.5
1852,C22,1412322,MH,13:42,32,NA,20,22,NA,16,LW,D,,13-Jan-24,2024,1,13,0.625,0.727272727,NA,NA,NA,NA,Conspecific Control,MHHC,14,54,9,2,31,11,42,H,H,0,0,2,22,102,1,31,12,6,3,M,36,18,1.5
1853,C09,1412309,MH,13:43,0,NA,0,0,NA,0,LW,D,extinct,13-Jan-24,2024,1,13,#DIV/0!,#DIV/0!,NA,NA,NA,NA,Conspecific Control,MHHC,14,0,1,3,4,4,8,H,H,0,0,2,09,89,1,4,0,0,3,M,0,0,1.5
1854,C13,1412313,MH,13:44,24,NA,3,21,NA,7,LW,D,,13-Jan-24,2024,1,13,0.125,0.333333333,NA,NA,NA,NA,Conspecific Control,MHHC,14,45,3,4,34,7,41,H,H,0,0,2,13,93,1,34,21,14,3,M,10,35,1.5
1855,C03,1412303,MH,13:45,0,NA,0,0,NA,0,LW,D,extinct,13-Jan-24,2024,1,13,#DIV/0!,#DIV/0!,NA,NA,NA,NA,Conspecific Control,MHHC,14,0,0,0,0,0,0,H,H,0,0,2,03,83,1,0,0,0,3,M,0,0,1.5
1856,C14,1412314,MH,13:46,0,NA,0,0,NA,0,LW,D,extinct,13-Jan-24,2024,1,13,#DIV/0!,#DIV/0!,NA,NA,NA,NA,Conspecific Control,MHHC,14,0,0,0,0,0,0,H,H,0,0,2,14,94,1,0,0,0,3,M,0,0,1.5
1857,C37,1412337,MH,13:47,0,NA,0,0,NA,0,LW,D,extinct,13-Jan-24,2024,1,13,#DIV/0!,#DIV/0!,NA,NA,NA,NA,Conspecific Control,MHHC,14,0,1,0,0,1,1,H,H,0,0,2,37,117,1,0,0,0,3,M,0,0,1.5
1858,C25,1412325,MH,13:48,0,NA,0,0,NA,0,LW,D,extinct,13-Jan-24,2024,1,13,#DIV/0!,#DIV/0!,NA,NA,NA,NA,Conspecific Control,MHHC,14,0,1,1,10,2,12,H,H,0,0,2,25,105,1,10,0,0,3,M,0,0,1.5
1859,C05,1412305,MH,13:49,5,NA,0,4,NA,1,LW,D,,13-Jan-24,2024,1,13,0,0.25,NA,NA,NA,NA,Conspecific Control,MHHC,14,9,2,10,15,12,27,H,H,0,0,2,05,85,1,15,5,3,3,M,1,8,1.5
1860,C31,1412331,MH,13:50,2,NA,0,2,NA,0,LW,D,,13-Jan-24,2024,1,13,0,0,NA,NA,NA,NA,Conspecific Control,MHHC,14,4,1,4,24,5,29,H,H,0,0,2,31,111,1,24,2,2,3,M,0,4,1.5
1861,C24,1412324,MH,13:51,3,NA,2,8,NA,2,LW,D,,13-Jan-24,2024,1,13,0.666666667,0.25,NA,NA,NA,NA,Allospecific Null,MHT0,14,11,21,19,44,40,84,H,T,1,1,2,24,104,1,44,1,6,3,M,4,7,1.5
1862,C23,1412323,MH,13:52,20,NA,9,14,NA,0,LW,D,,13-Jan-24,2024,1,13,0.45,0,NA,NA,NA,NA,Allospecific Null,MHT0,14,34,44,55,129,99,228,H,T,1,1,2,23,103,1,129,11,14,3,M,9,25,1.5
1863,C04,1412304,MH,13:53,0,NA,0,0,NA,0,LW,D,extinct,13-Jan-24,2024,1,13,#DIV/0!,#DIV/0!,NA,NA,NA,NA,Allospecific Null,MHT0,14,0,28,31,82,59,141,H,T,1,1,2,04,84,1,82,0,0,3,M,0,0,1.5
1864,C01,1412301,MH,13:54,0,NA,0,0,NA,0,LW,D,extinct,13-Jan-24,2024,1,13,#DIV/0!,#DIV/0!,NA,NA,NA,NA,Allospecific Null,MHT0,14,0,21,11,72,32,104,H,T,1,1,2,01,81,1,72,0,0,3,M,0,0,1.5
1865,C35,1412335,MH,13:55,46,NA,3,21,NA,3,LW,D,,13-Jan-24,2024,1,13,0.065217391,0.142857143,NA,NA,NA,NA,Allospecific Null,MHT0,14,67,22,15,81,37,118,H,T,1,1,2,35,115,1,81,43,18,3,M,6,61,1.5
1866,C27,1412327,MH,14:00,0,NA,0,0,NA,0,LW,D,extinct,13-Jan-24,2024,1,13,#DIV/0!,#DIV/0!,NA,NA,NA,NA,Allospecific Null,MHT0,14,0,12,4,14,16,30,H,T,1,1,2,27,107,1,14,0,0,3,M,0,0,1.5
1867,C19,1412319,MH,14:02,17,NA,10,16,NA,6,LW,D,,13-Jan-24,2024,1,13,0.588235294,0.375,NA,NA,NA,NA,Allospecific Null,MHT0,14,33,10,11,38,21,59,H,T,1,1,2,19,99,1,38,7,10,3,M,16,17,1.5
1868,C06,1412306,MH,14:04,69,NA,22,105,NA,10,LW,D,,13-Jan-24,2024,1,13,0.31884058,0.095238095,NA,NA,NA,NA,Allospecific Null,MHT0,14,174,22,118,207,140,347,H,T,1,1,2,06,86,1,207,47,95,3,M,32,142,1.5
1869,C17,1412317,MH,14:06,76,NA,15,35,NA,12,LW,D,,13-Jan-24,2024,1,13,0.197368421,0.342857143,NA,NA,NA,NA,Allospecific Null,MHT0,14,111,74,132,272,206,478,H,T,1,1,2,17,97,1,272,61,23,3,M,27,84,1.5
1870,C11,1412311,MH,14:08,21,NA,9,37,NA,14,LW,D,,13-Jan-24,2024,1,13,0.428571429,0.378378378,NA,NA,NA,NA,Allospecific Null,MHT0,14,58,21,35,62,56,118,H,T,1,1,2,11,91,1,62,12,23,3,M,23,35,1.5
1871,C36,1412336,MH,14:10,5,NA,2,0,NA,0,LW,D,,13-Jan-24,2024,1,13,0.4,#DIV/0!,NA,NA,NA,NA,Allospecific Control,MHTC,14,5,30,18,65,48,113,H,T,0,1,2,36,116,1,65,3,0,3,M,2,3,1.5
1872,C28,1412328,MH,14:12,0,NA,0,0,NA,0,LW,D,extinct,13-Jan-24,2024,1,13,#DIV/0!,#DIV/0!,NA,NA,NA,NA,Allospecific Control,MHTC,14,0,0,1,3,1,4,H,T,0,1,2,28,108,1,3,0,0,3,M,0,0,1.5
1873,C34,1412334,MH,14:14,8,NA,3,3,NA,0,LW,D,,13-Jan-24,2024,1,13,0.375,0,NA,NA,NA,NA,Allospecific Control,MHTC,14,11,4,4,12,8,20,H,T,0,1,2,34,114,1,12,5,3,3,M,3,8,1.5
1874,C40,1412340,MH,14:16,0,NA,0,0,NA,0,LW,D,extinct,13-Jan-24,2024,1,13,#DIV/0!,#DIV/0!,NA,NA,NA,NA,Allospecific Control,MHTC,14,0,0,0,0,0,0,H,T,0,1,2,40,120,1,0,0,0,3,M,0,0,1.5
1875,C07,1412307,MH,14:18,0,NA,0,0,NA,0,LW,D,extinct,13-Jan-24,2024,1,13,#DIV/0!,#DIV/0!,NA,NA,NA,NA,Allospecific Control,MHTC,14,0,8,8,34,16,50,H,T,0,1,2,07,87,1,34,0,0,3,M,0,0,1.5
1876,C33,1412333,MH,14:20,0,NA,0,0,NA,0,LW,D,extinct,13-Jan-24,2024,1,13,#DIV/0!,#DIV/0!,NA,NA,NA,NA,Allospecific Control,MHTC,14,0,1,2,2,3,5,H,T,0,1,2,33,113,1,2,0,0,3,M,0,0,1.5
1877,C02,1412302,MH,14:22,0,NA,0,0,NA,0,LW,D,extinct,13-Jan-24,2024,1,13,#DIV/0!,#DIV/0!,NA,NA,NA,NA,Allospecific Control,MHTC,14,0,0,0,0,0,0,H,T,0,1,2,02,82,1,0,0,0,3,M,0,0,1.5
1878,C10,1412310,MH,14:24,0,NA,0,0,NA,0,LW,D,extinct,13-Jan-24,2024,1,13,#DIV/0!,#DIV/0!,NA,NA,NA,NA,Allospecific Control,MHTC,14,0,2,1,3,3,6,H,T,0,1,2,10,90,1,3,0,0,3,M,0,0,1.5
1879,C39,1412339,MH,14:26,0,NA,0,0,NA,0,LW,D,extinct,13-Jan-24,2024,1,13,#DIV/0!,#DIV/0!,NA,NA,NA,NA,Allospecific Control,MHTC,14,0,7,9,26,16,42,H,T,0,1,2,39,119,1,26,0,0,3,M,0,0,1.5
1880,C30,1412330,MH,14:28,3,NA,1,10,NA,2,LW,D,,13-Jan-24,2024,1,13,0.333333333,0.2,NA,NA,NA,NA,Allospecific Control,MHTC,14,13,6,11,10,17,27,H,T,0,1,2,30,110,1,10,2,8,3,M,3,10,1.5
1881,D01,1412401,MT,14:30,52,NA,14,49,NA,10,LW,D,,13-Jan-24,2024,1,13,0.269230769,0.204081633,NA,NA,NA,NA,Conspecific Null,MTT0,14,101,10,24,125,34,159,T,T,1,0,3,01,121,1,125,38,39,3,M,24,77,1.5
1882,D29,1412429,MT,14:32,25,NA,7,12,NA,6,LW,D,,13-Jan-24,2024,1,13,0.28,0.5,NA,NA,NA,NA,Conspecific Null,MTT0,14,37,5,7,46,12,58,T,T,1,0,3,29,149,1,46,18,6,3,M,13,24,1.5
1883,D02,1412402,MT,14:34,0,NA,0,0,NA,0,LW,D,extinct,13-Jan-24,2024,1,13,#DIV/0!,#DIV/0!,NA,NA,NA,NA,Conspecific Null,MTT0,14,0,0,1,0,1,1,T,T,1,0,3,02,122,1,1,0,0,3,M,0,0,1.5
1884,D05,1412405,MT,14:36,11,NA,1,16,NA,5,LW,D,,13-Jan-24,2024,1,13,0.090909091,0.3125,NA,NA,NA,NA,Conspecific Null,MTT0,14,27,1,2,47,3,50,T,T,1,0,3,05,125,1,47,10,11,3,M,6,21,1.5
1885,D12,1412412,MT,14:38,66,NA,10,17,NA,7,LW,D,,13-Jan-24,2024,1,13,0.151515152,0.411764706,NA,NA,NA,NA,Conspecific Null,MTT0,14,83,1,2,278,3,281,T,T,1,0,3,12,132,1,278,56,10,3,M,17,66,1.5
1886,D32,1412432,MT,14:40,22,NA,6,19,NA,2,LW,D,,13-Jan-24,2024,1,13,0.272727273,0.105263158,NA,NA,NA,NA,Conspecific Null,MTT0,14,41,3,2,20,5,25,T,T,1,0,3,32,152,1,20,16,17,3,M,8,33,1.5
1887,D40,1412440,MT,14:42,0,NA,0,0,NA,0,LW,D,extinct,13-Jan-24,2024,1,13,#DIV/0!,#DIV/0!,NA,NA,NA,NA,Conspecific Null,MTT0,14,0,4,12,94,16,110,T,T,1,0,3,40,160,1,94,0,0,3,M,0,0,1.5
1888,D21,1412421,MT,14:44,120,NA,48,89,NA,25,LW,D,,13-Jan-24,2024,1,13,0.4,0.280898876,NA,NA,NA,NA,Conspecific Null,MTT0,14,209,20,29,151,49,200,T,T,1,0,3,21,141,1,151,72,64,3,M,73,136,1.5
1889,D08,1412408,MT,14:46,48,NA,14,47,NA,3,LW,D,,13-Jan-24,2024,1,13,0.291666667,0.063829787,NA,NA,NA,NA,Conspecific Null,MTT0,14,95,21,25,119,46,165,T,T,1,0,3,08,128,1,119,34,44,3,M,17,78,1.5
1890,D24,1412424,MT,14:48,60,NA,7,33,NA,9,LW,D,,13-Jan-24,2024,1,13,0.116666667,0.272727273,NA,NA,NA,NA,Conspecific Null,MTT0,14,93,9,12,41,21,62,T,T,1,0,3,24,144,1,41,53,24,3,M,16,77,1.5
1891,D20,1412420,MT,14:50,0,NA,0,0,NA,0,LW,D,extinct,13-Jan-24,2024,1,13,#DIV/0!,#DIV/0!,NA,NA,NA,NA,Conspecific Control,MTTC,14,0,1,2,6,3,9,T,T,0,0,3,20,140,1,6,0,0,3,M,0,0,1.5
1892,D39,1412439,MT,14:52,8,NA,3,19,NA,14,LW,D,,13-Jan-24,2024,1,13,0.375,0.736842105,NA,NA,NA,NA,Conspecific Control,MTTC,14,27,6,7,25,13,38,T,T,0,0,3,39,159,1,25,5,5,3,M,17,10,1.5
1893,D14,1412414,MT,14:54,0,NA,0,0,NA,0,LW,D,extinct,13-Jan-24,2024,1,13,#DIV/0!,#DIV/0!,NA,NA,NA,NA,Conspecific Control,MTTC,14,0,0,0,2,0,2,T,T,0,0,3,14,134,1,2,0,0,3,M,0,0,1.5
1894,D11,1412411,MT,14:56,0,NA,0,0,NA,0,LW,D,extinct,13-Jan-24,2024,1,13,#DIV/0!,#DIV/0!,NA,NA,NA,NA,Conspecific Control,MTTC,14,0,1,2,3,3,6,T,T,0,0,3,11,131,1,3,0,0,3,M,0,0,1.5
1895,D03,1412403,MT,14:58,0,NA,0,0,NA,0,LW,D,extinct,13-Jan-24,2024,1,13,#DIV/0!,#DIV/0!,NA,NA,NA,NA,Conspecific Control,MTTC,14,0,0,0,0,0,0,T,T,0,0,3,03,123,1,0,0,0,3,M,0,0,1.5
1896,D25,1412425,MT,15:00,46,NA,29,32,NA,12,LW,D,,13-Jan-24,2024,1,13,0.630434783,0.375,NA,NA,NA,NA,Conspecific Control,MTTC,14,78,8,22,58,30,88,T,T,0,0,3,25,145,1,58,17,20,3,M,41,37,1.5
1897,D09,1412409,MT,15:02,13,NA,8,7,NA,6,LW,D,,13-Jan-24,2024,1,13,0.615384615,0.857142857,NA,NA,NA,NA,Conspecific Control,MTTC,14,20,2,6,24,8,32,T,T,0,0,3,09,129,1,24,5,1,3,M,14,6,1.5
1898,D26,1412426,MT,15:04,56,NA,2,11,NA,0,LW,D,,13-Jan-24,2024,1,13,0.035714286,0,NA,NA,NA,NA,Conspecific Control,MTTC,14,67,14,16,76,30,106,T,T,0,0,3,26,146,1,76,54,11,3,M,2,65,1.5
1899,D34,1412434,MT,15:06,7,NA,2,5,NA,0,LW,D,,13-Jan-24,2024,1,13,0.285714286,0,NA,NA,NA,NA,Conspecific Control,MTTC,14,12,2,4,15,6,21,T,T,0,0,3,34,154,1,15,5,5,3,M,2,10,1.5
1900,D06,1412406,MT,15:08,0,NA,0,0,NA,0,LW,D,extinct,13-Jan-24,2024,1,13,#DIV/0!,#DIV/0!,NA,NA,NA,NA,Conspecific Control,MTTC,14,0,0,3,6,3,9,T,T,0,0,3,06,126,1,6,0,0,3,M,0,0,1.5
1901,D31,1412431,MT,15:10,4,NA,0,2,NA,0,LW,D,,13-Jan-24,2024,1,13,0,0,NA,NA,NA,NA,Allospecific Null,MTH0,14,6,8,15,51,23,74,T,H,1,1,3,31,151,1,51,4,2,3,M,0,6,1.5
1902,D36,1412436,MT,15:12,0,NA,0,0,NA,0,LW,D,extinct,13-Jan-24,2024,1,13,#DIV/0!,#DIV/0!,NA,NA,NA,NA,Allospecific Null,MTH0,14,0,5,13,18,18,36,T,H,1,1,3,36,156,1,18,0,0,3,M,0,0,1.5
1903,D15,1412415,MT,15:14,99,NA,7,50,NA,11,LW,D,,13-Jan-24,2024,1,13,0.070707071,0.22,NA,NA,NA,NA,Allospecific Null,MTH0,14,149,29,50,230,79,309,T,H,1,1,3,15,135,1,230,92,39,3,M,18,131,1.5
1904,D35,1412435,MT,15:16,0,NA,0,0,NA,0,LW,D,extinct,13-Jan-24,2024,1,13,#DIV/0!,#DIV/0!,NA,NA,NA,NA,Allospecific Null,MTH0,14,0,46,37,248,83,331,T,H,1,1,3,35,155,1,248,0,0,3,M,0,0,1.5
1905,D13,1412413,MT,15:18,0,NA,3,20,NA,6,LW,D,,13-Jan-24,2024,1,13,#DIV/0!,0.3,NA,NA,NA,NA,Allospecific Null,MTH0,14,20,36,24,107,60,167,T,H,1,1,3,13,133,1,107,3,14,3,M,9,17,1.5
1906,D23,1412423,MT,15:20,48,NA,8,80,NA,16,LW,D,,13-Jan-24,2024,1,13,0.166666667,0.2,NA,NA,NA,NA,Allospecific Null,MTH0,14,128,19,58,109,77,186,T,H,1,1,3,23,143,1,109,40,64,3,M,24,104,1.5
1907,D19,1412419,MT,15:22,0,NA,0,5,NA,1,LW,D,extinct,13-Jan-24,2024,1,13,#DIV/0!,0.2,NA,NA,NA,NA,Allospecific Null,MTH0,14,5,2,2,6,4,10,T,H,1,1,3,19,139,1,6,0,4,3,M,1,4,1.5
1908,D30,1412430,MT,15:24,4,NA,0,13,NA,1,LW,D,,13-Jan-24,2024,1,13,0,0.076923077,NA,NA,NA,NA,Allospecific Null,MTH0,14,17,8,8,48,16,64,T,H,1,1,3,30,150,1,48,4,12,3,M,1,16,1.5
1909,D18,1412418,MT,15:26,14,NA,3,32,NA,0,LW,D,,13-Jan-24,2024,1,13,0.214285714,0,NA,NA,NA,NA,Allospecific Null,MTH0,14,46,36,21,91,57,148,T,H,1,1,3,18,138,1,91,11,32,3,M,3,43,1.5
1910,D04,1412404,MT,15:28,0,NA,0,7,NA,3,LW,D,,13-Jan-24,2024,1,13,#DIV/0!,0.428571429,NA,NA,NA,NA,Allospecific Null,MTH0,14,7,1,3,13,4,17,T,H,1,1,3,04,124,1,13,0,4,3,M,3,4,1.5
1911,D27,1412427,MT,15:30,5,NA,0,5,NA,0,LW,D,,13-Jan-24,2024,1,13,0,0,NA,NA,NA,NA,Allospecific Control,MTHC,14,10,2,2,7,4,11,T,H,0,1,3,27,147,1,7,5,5,3,M,0,10,1.5
1912,D33,1412433,MT,15:32,16,NA,2,14,NA,5,LW,D,,13-Jan-24,2024,1,13,0.125,0.357142857,NA,NA,NA,NA,Allospecific Control,MTHC,14,30,0,7,27,7,34,T,H,0,1,3,33,153,1,27,14,9,3,M,7,23,1.5
1913,D28,1412428,MT,15:34,5,NA,0,1,NA,0,LW,D,,13-Jan-24,2024,1,13,0,0,NA,NA,NA,NA,Allospecific Control,MTHC,14,6,2,2,8,4,12,T,H,0,1,3,28,148,1,8,5,1,3,M,0,6,1.5
1914,D38,1412438,MT,15:36,10,NA,5,10,NA,8,LW,D,,13-Jan-24,2024,1,13,0.5,0.8,NA,NA,NA,NA,Allospecific Control,MTHC,14,20,4,7,21,11,32,T,H,0,1,3,38,158,1,21,5,2,3,M,13,7,1.5
1915,D10,1412410,MT,15:38,0,NA,0,0,NA,0,LW,D,extinct,13-Jan-24,2024,1,13,#DIV/0!,#DIV/0!,NA,NA,NA,NA,Allospecific Control,MTHC,14,0,6,2,17,8,25,T,H,0,1,3,10,130,1,17,0,0,3,M,0,0,1.5
1916,D22,1412422,MT,15:40,0,NA,0,0,NA,0,LW,D,extinct,13-Jan-24,2024,1,13,#DIV/0!,#DIV/0!,NA,NA,NA,NA,Allospecific Control,MTHC,14,0,0,0,0,0,0,T,H,0,1,3,22,142,1,0,0,0,3,M,0,0,1.5
1917,D16,1412416,MT,15:42,0,NA,0,0,NA,0,LW,D,extinct,13-Jan-24,2024,1,13,#DIV/0!,#DIV/0!,NA,NA,NA,NA,Allospecific Control,MTHC,14,0,0,0,0,0,0,T,H,0,1,3,16,136,1,0,0,0,3,M,0,0,1.5
1918,D07,1412407,MT,15:44,6,NA,0,0,NA,0,LW,D,extinct,13-Jan-24,2024,1,13,0,#DIV/0!,NA,NA,NA,NA,Allospecific Control,MTHC,14,6,4,6,9,10,19,T,H,0,1,3,07,127,1,9,6,0,3,M,0,6,1.5
1919,D17,1412417,MT,15:46,5,NA,5,10,NA,2,LW,D,,13-Jan-24,2024,1,13,1,0.2,NA,NA,NA,NA,Allospecific Control,MTHC,14,15,12,8,29,20,49,T,H,0,1,3,17,137,1,29,0,8,3,M,7,8,1.5
1920,D37,1412437,MT,15:48,10,NA,0,0,NA,0,LW,D,extinct,13-Jan-24,2024,1,13,0,#DIV/0!,NA,NA,NA,NA,Allospecific Control,MTHC,14,10,3,3,6,6,12,T,H,0,1,3,37,157,1,6,10,0,3,M,0,10,1.5
1921,A01,1512101,SH,09:02,58,NA,14,27,NA,17,LW,D,,23-Jan-24,2024,1,23,0.24137931,0.62962963,NA,NA,NA,NA,Conspecific Null,SHH0,15,85,8,13,49,21,70,H,H,1,0,0,01,1,1,49,44,10,4,S,31,54,2
1922,A23,1512123,SH,09:04,167,NA,42,100,NA,68,LW,D,,23-Jan-24,2024,1,23,0.251497006,0.68,NA,NA,NA,NA,Conspecific Null,SHH0,15,267,31,43,118,74,192,H,H,1,0,0,23,23,1,118,125,32,4,S,110,157,2
1923,A30,1512130,SH,09:06,243,NA,45,114,NA,46,LW,D,,23-Jan-24,2024,1,23,0.185185185,0.403508772,NA,NA,NA,NA,Conspecific Null,SHH0,15,357,32,51,415,83,498,H,H,1,0,0,30,30,1,415,198,68,4,S,91,266,2
1924,A40,1512140,SH,09:08,30,NA,10,56,NA,16,LW,D,,23-Jan-24,2024,1,23,0.333333333,0.285714286,NA,NA,NA,NA,Conspecific Null,SHH0,15,86,36,41,157,77,234,H,H,1,0,0,40,40,1,157,20,40,4,S,26,60,2
1925,A13,1512113,SH,09:10,98,NA,14,65,NA,33,LW,D,,23-Jan-24,2024,1,23,0.142857143,0.507692308,NA,NA,NA,NA,Conspecific Null,SHH0,15,163,65,55,121,120,241,H,H,1,0,0,13,13,1,121,84,32,4,S,47,116,2
1926,A22,1512122,SH,09:12,98,NA,27,120,NA,36,LW,D,,23-Jan-24,2024,1,23,0.275510204,0.3,NA,NA,NA,NA,Conspecific Null,SHH0,15,218,59,64,568,123,691,H,H,1,0,0,22,22,1,568,71,84,4,S,63,155,2
1927,A10,1512110,SH,09:14,0,NA,0,0,NA,0,LW,D,extinct,23-Jan-24,2024,1,23,#DIV/0!,#DIV/0!,NA,NA,NA,NA,Conspecific Null,SHH0,15,0,0,0,150,0,150,H,H,1,0,0,10,10,1,150,0,0,4,S,0,0,2
1928,A29,1512129,SH,09:16,209,NA,16,157,NA,15,LW,D,,23-Jan-24,2024,1,23,0.076555024,0.095541401,NA,NA,NA,NA,Conspecific Null,SHH0,15,366,40,48,181,88,269,H,H,1,0,0,29,29,1,181,193,142,4,S,31,335,2
1929,A08,1512108,SH,09:18,222,NA,82,201,NA,106,LW,D,,23-Jan-24,2024,1,23,0.369369369,0.527363184,NA,NA,NA,NA,Conspecific Null,SHH0,15,423,31,28,470,59,529,H,H,1,0,0,08,8,1,470,140,95,4,S,188,235,2
1930,A12,1512112,SH,09:20,0,NA,0,0,NA,0,LW,D,extinct,23-Jan-24,2024,1,23,#DIV/0!,#DIV/0!,NA,NA,NA,NA,Conspecific Null,SHH0,15,0,0,0,0,0,0,H,H,1,0,0,12,12,1,0,0,0,4,S,0,0,2
1931,A28,1512128,SH,09:22,139,NA,58,78,NA,28,LW,D,,23-Jan-24,2024,1,23,0.417266187,0.358974359,NA,NA,NA,NA,Conspecific Control,SHHC,15,217,20,33,92,53,145,H,H,0,0,0,28,28,1,92,81,50,4,S,86,131,2
1932,A03,1512103,SH,09:24,153,NA,70,112,NA,18,LW,D,,23-Jan-24,2024,1,23,0.45751634,0.160714286,NA,NA,NA,NA,Allospecific Control,SHTC,15,265,24,28,50,52,102,H,T,0,1,0,03,3,1,50,83,94,4,S,88,177,2
1933,A02,1512102,SH,09:26,0,NA,0,0,NA,0,LW,D,extinct,23-Jan-24,2024,1,23,#DIV/0!,#DIV/0!,NA,NA,NA,NA,Conspecific Control,SHHC,15,0,8,9,85,17,102,H,H,0,0,0,02,2,1,85,0,0,4,S,0,0,2
1934,A07,1512107,SH,09:28,12,NA,9,6,NA,4,LW,D,,23-Jan-24,2024,1,23,0.75,0.666666667,NA,NA,NA,NA,Conspecific Control,SHHC,15,18,4,4,12,8,20,H,H,0,0,0,07,7,1,12,3,2,4,S,13,5,2
1935,A11,1512111,SH,09:30,0,NA,0,0,NA,0,LW,D,extinct,23-Jan-24,2024,1,23,#DIV/0!,#DIV/0!,NA,NA,NA,NA,Conspecific Control,SHHC,15,0,0,0,12,0,12,H,H,0,0,0,11,11,1,12,0,0,4,S,0,0,2
1936,A18,1512118,SH,09:32,0,NA,0,0,NA,0,LW,D,extinct,23-Jan-24,2024,1,23,#DIV/0!,#DIV/0!,NA,NA,NA,NA,Conspecific Control,SHHC,15,0,0,0,17,0,17,H,H,0,0,0,18,18,1,17,0,0,4,S,0,0,2
1937,A34,1512134,SH,09:34,12,NA,8,0,NA,0,LW,D,,23-Jan-24,2024,1,23,0.666666667,#DIV/0!,NA,NA,NA,NA,Conspecific Control,SHHC,15,12,12,12,36,24,60,H,H,0,0,0,34,34,1,36,4,0,4,S,8,4,2
1938,A33,1512133,SH,09:36,47,NA,15,29,NA,4,LW,D,,23-Jan-24,2024,1,23,0.319148936,0.137931034,NA,NA,NA,NA,Conspecific Control,SHHC,15,76,28,25,37,53,90,H,H,0,0,0,33,33,1,37,32,25,4,S,19,57,2
1939,A21,1512121,SH,09:38,0,NA,0,0,NA,0,LW,D,extinct,23-Jan-24,2024,1,23,#DIV/0!,#DIV/0!,NA,NA,NA,NA,Conspecific Control,SHHC,15,0,0,0,2,0,2,H,H,0,0,0,21,21,1,2,0,0,4,S,0,0,2
1940,A17,1512117,SH,09:40,29,NA,18,18,NA,11,LW,D,,23-Jan-24,2024,1,23,0.620689655,0.611111111,NA,NA,NA,NA,Conspecific Control,SHHC,15,47,11,15,7,26,33,H,H,0,0,0,17,17,1,7,11,7,4,S,29,18,2
1941,A24,1512124,SH,09:42,79,NA,18,53,NA,6,LW,D,,23-Jan-24,2024,1,23,0.227848101,0.113207547,NA,NA,NA,NA,Allospecific Null,SHT0,15,132,41,39,139,80,219,H,T,1,1,0,24,24,1,139,61,47,4,S,24,108,2
1942,A15,1512115,SH,09:44,0,NA,0,0,NA,0,LW,D,extinct,23-Jan-24,2024,1,23,#DIV/0!,#DIV/0!,NA,NA,NA,NA,Allospecific Null,SHT0,15,0,0,0,58,0,58,H,T,1,1,0,15,15,1,58,0,0,4,S,0,0,2
1943,A04,1512104,SH,09:46,66,NA,5,40,NA,3,LW,D,,23-Jan-24,2024,1,23,0.075757576,0.075,NA,NA,NA,NA,Allospecific Null,SHT0,15,106,23,29,57,52,109,H,T,1,1,0,04,4,1,57,61,37,4,S,8,98,2
1944,A32,1512132,SH,09:48,15,NA,3,8,NA,2,LW,D,,23-Jan-24,2024,1,23,0.2,0.25,NA,NA,NA,NA,Allospecific Null,SHT0,15,23,27,24,5,51,56,H,T,1,1,0,32,32,1,25,12,6,4,S,5,18,2
1945,A36,1512136,SH,09:50,106,NA,20,99,NA,23,LW,D,,23-Jan-24,2024,1,23,0.188679245,0.232323232,NA,NA,NA,NA,Allospecific Null,SHT0,15,205,19,30,189,49,238,H,T,1,1,0,36,36,1,189,86,76,4,S,43,162,2
1946,A31,1512131,SH,09:52,0,NA,0,0,NA,0,LW,D,extinct,23-Jan-24,2024,1,23,#DIV/0!,#DIV/0!,NA,NA,NA,NA,Allospecific Null,SHT0,15,0,0,0,6,0,6,H,T,1,1,0,31,31,1,6,0,0,4,S,0,0,2
1947,A05,1512105,SH,09:54,3,NA,0,0,NA,0,LW,D,,23-Jan-24,2024,1,23,0,#DIV/0!,NA,NA,NA,NA,Allospecific Null,SHT0,15,3,46,60,0,106,106,H,T,1,1,0,05,5,1,1,3,0,4,S,0,3,2
1948,A39,1512139,SH,09:56,40,NA,2,33,NA,11,LW,D,,23-Jan-24,2024,1,23,0.05,0.333333333,NA,NA,NA,NA,Allospecific Null,SHT0,15,73,2,4,23,6,29,H,T,1,1,0,39,39,1,23,38,22,4,S,13,60,2
1949,A19,1512119,SH,09:58,0,NA,0,0,NA,0,LW,D,extinct,23-Jan-24,2024,1,23,#DIV/0!,#DIV/0!,NA,NA,NA,NA,Allospecific Null,SHT0,15,0,0,0,4,0,4,H,T,1,1,0,19,19,1,4,0,0,4,S,0,0,2
1950,A27,1512127,SH,10:00,128,NA,19,103,NA,27,LW,D,,23-Jan-24,2024,1,23,0.1484375,0.262135922,NA,NA,NA,NA,Allospecific Null,SHT0,15,231,29,30,22,59,81,H,T,1,1,0,27,27,1,22,109,76,4,S,46,185,2
1951,A09,1512109,SH,10:02,0,NA,0,0,NA,0,LW,D,extinct,23-Jan-24,2024,1,23,#DIV/0!,#DIV/0!,NA,NA,NA,NA,Allospecific Control,SHTC,15,0,0,0,7,0,7,H,T,0,1,0,09,9,1,7,0,0,4,S,0,0,2
1952,A38,1512138,SH,10:04,0,NA,0,0,NA,0,LW,D,extinct,23-Jan-24,2024,1,23,#DIV/0!,#DIV/0!,NA,NA,NA,NA,Allospecific Control,SHTC,15,0,4,4,0,8,8,H,T,0,1,0,38,38,1,3,0,0,4,S,0,0,2
1953,A25,1512125,SH,10:04,41,NA,7,21,NA,7,LW,D,,23-Jan-24,2024,1,23,0.170731707,0.333333333,NA,NA,NA,NA,Allospecific Control,SHTC,15,62,37,38,0,75,75,H,T,0,1,0,25,25,1,30,34,14,4,S,14,48,2
1954,A14,1512114,SH,10:05,0,NA,0,0,NA,0,LW,D,extinct,23-Jan-24,2024,1,23,#DIV/0!,#DIV/0!,NA,NA,NA,NA,Allospecific Control,SHTC,15,0,0,0,0,0,0,H,T,0,1,0,14,14,1,0,0,0,4,S,0,0,2
1955,A26,1512126,SH,10:06,0,NA,0,0,NA,0,LW,D,extinct,23-Jan-24,2024,1,23,#DIV/0!,#DIV/0!,NA,NA,NA,NA,Conspecific Control,SHHC,15,0,0,0,0,0,0,H,H,0,0,0,26,26,1,0,0,0,4,S,0,0,2
1956,A37,1512137,SH,10:07,0,NA,0,0,NA,0,LW,D,extinct,23-Jan-24,2024,1,23,#DIV/0!,#DIV/0!,NA,NA,NA,NA,Allospecific Control,SHTC,15,0,0,0,0,0,0,H,T,0,1,0,37,37,1,0,0,0,4,S,0,0,2
1957,A20,1512120,SH,10:08,8,NA,2,3,NA,0,LW,D,,23-Jan-24,2024,1,23,0.25,0,NA,NA,NA,NA,Allospecific Control,SHTC,15,11,5,6,2,11,13,H,T,0,1,0,20,20,1,2,6,3,4,S,2,9,2
1958,A06,1512106,SH,10:09,0,NA,0,0,NA,0,LW,D,extinct,23-Jan-24,2024,1,23,#DIV/0!,#DIV/0!,NA,NA,NA,NA,Allospecific Control,SHTC,15,0,0,0,0,0,0,H,T,0,1,0,06,6,1,0,0,0,4,S,0,0,2
1959,A16,1512116,SH,10:10,30,NA,7,29,NA,8,LW,D,,23-Jan-24,2024,1,23,0.233333333,0.275862069,NA,NA,NA,NA,Allospecific Control,SHTC,15,59,13,19,0,32,32,H,T,0,1,0,16,16,1,11,23,21,4,S,15,44,2
1960,A35,1512135,SH,10:11,0,NA,0,0,NA,0,LW,D,extinct,23-Jan-24,2024,1,23,#DIV/0!,#DIV/0!,NA,NA,NA,NA,Allospecific Control,SHTC,15,0,0,0,2,0,2,H,T,0,1,0,35,35,1,2,0,0,4,S,0,0,2
1961,B01,1512201,ST,10:12,19,NA,6,8,NA,2,LW,D,,23-Jan-24,2024,1,23,0.315789474,0.25,NA,NA,NA,NA,Conspecific Null,STT0,15,27,11,22,223,33,256,T,T,1,0,1,01,41,1,223,13,6,4,S,8,19,2
1962,B31,1512231,ST,10:13,287,NA,79,319,NA,108,LW,D,,23-Jan-24,2024,1,23,0.275261324,0.338557994,NA,NA,NA,NA,Conspecific Null,STT0,15,606,103,140,325,243,568,T,T,1,0,1,31,71,1,325,208,211,4,S,187,419,2
1963,B09,1512209,ST,10:14,259,NA,73,111,NA,44,LW,D,,23-Jan-24,2024,1,23,0.281853282,0.396396396,NA,NA,NA,NA,Conspecific Null,STT0,15,370,60,67,95,127,222,T,T,1,0,1,09,49,1,95,186,67,4,S,117,253,2
1964,B26,1512226,ST,10:15,130,NA,45,199,NA,58,LW,D,,23-Jan-24,2024,1,23,0.346153846,0.291457286,NA,NA,NA,NA,Conspecific Null,STT0,15,329,53,50,183,103,286,T,T,1,0,1,26,66,1,183,85,141,4,S,103,226,2
1965,B13,1512213,ST,10:16,26,NA,3,14,NA,0,LW,D,,23-Jan-24,2024,1,23,0.115384615,0,NA,NA,NA,NA,Conspecific Null,STT0,15,40,14,14,113,28,141,T,T,1,0,1,13,53,1,113,23,14,4,S,3,37,2
1966,B16,1512216,ST,10:17,66,NA,6,29,NA,16,LW,D,,23-Jan-24,2024,1,23,0.090909091,0.551724138,NA,NA,NA,NA,Conspecific Null,STT0,15,95,8,12,136,20,156,T,T,1,0,1,16,56,1,136,60,13,4,S,22,73,2
1967,B14,1512214,ST,10:18,22,NA,3,6,NA,3,LW,D,,23-Jan-24,2024,1,23,0.136363636,0.5,NA,NA,NA,NA,Conspecific Null,STT0,15,28,5,8,35,13,48,T,T,1,0,1,14,54,1,35,19,3,4,S,6,22,2
1968,B18,1512218,ST,10:19,90,NA,26,64,NA,17,LW,D,,23-Jan-24,2024,1,23,0.288888889,0.265625,NA,NA,NA,NA,Conspecific Null,STT0,15,154,7,8,58,15,73,T,T,1,0,1,18,58,1,58,64,47,4,S,43,111,2
1969,B37,1512237,ST,10:20,103,NA,34,46,NA,21,LW,D,,23-Jan-24,2024,1,23,0.330097087,0.456521739,NA,NA,NA,NA,Conspecific Null,STT0,15,149,41,44,52,85,137,T,T,1,0,1,37,77,1,52,69,25,4,S,55,94,2
1970,B30,1512230,ST,10:21,440,NA,95,224,NA,58,LW,D,,23-Jan-24,2024,1,23,0.215909091,0.258928571,NA,NA,NA,NA,Conspecific Null,STT0,15,664,101,88,679,189,868,T,T,1,0,1,30,70,1,679,345,166,4,S,153,511,2
1971,B38,1512238,ST,10:22,0,NA,0,0,NA,0,LW,D,extinct,23-Jan-24,2024,1,23,#DIV/0!,#DIV/0!,NA,NA,NA,NA,Conspecific Control,STTC,15,0,0,0,0,0,0,T,T,0,0,1,38,78,1,0,0,0,4,S,0,0,2
1972,B33,1512233,ST,10:23,0,NA,0,0,NA,0,LW,D,extinct,23-Jan-24,2024,1,23,#DIV/0!,#DIV/0!,NA,NA,NA,NA,Conspecific Control,STTC,15,0,48,67,0,115,115,T,T,0,0,1,33,73,1,78,0,0,4,S,0,0,2
1973,B19,1512219,ST,10:24,0,NA,0,0,NA,0,LW,D,extinct,23-Jan-24,2024,1,23,#DIV/0!,#DIV/0!,NA,NA,NA,NA,Conspecific Control,STTC,15,0,0,0,0,0,0,T,T,0,0,1,19,59,1,0,0,0,4,S,0,0,2
1974,B36,1512236,ST,10:25,0,NA,0,0,NA,0,LW,D,extinct,23-Jan-24,2024,1,23,#DIV/0!,#DIV/0!,NA,NA,NA,NA,Conspecific Control,STTC,15,0,0,0,0,0,0,T,T,0,0,1,36,76,1,0,0,0,4,S,0,0,2
1975,B10,1512210,ST,10:26,0,NA,0,0,NA,0,LW,D,extinct,23-Jan-24,2024,1,23,#DIV/0!,#DIV/0!,NA,NA,NA,NA,Conspecific Control,STTC,15,0,0,0,14,0,14,T,T,0,0,1,10,50,1,14,0,0,4,S,0,0,2
1976,B07,1512207,ST,10:27,11,NA,7,11,NA,5,LW,D,,23-Jan-24,2024,1,23,0.636363636,0.454545455,NA,NA,NA,NA,Conspecific Control,STTC,15,22,2,3,51,5,56,T,T,0,0,1,07,47,1,51,4,6,4,S,12,10,2
1977,B08,1512208,ST,10:28,4,NA,3,7,NA,2,LW,D,,23-Jan-24,2024,1,23,0.75,0.285714286,NA,NA,NA,NA,Conspecific Control,STTC,15,11,3,5,101,8,109,T,T,0,0,1,08,48,1,101,1,5,4,S,5,6,2
1978,B22,1512222,ST,10:29,46,NA,26,23,NA,12,LW,D,,23-Jan-24,2024,1,23,0.565217391,0.52173913,NA,NA,NA,NA,Conspecific Control,STTC,15,69,1,1,34,2,36,T,T,0,0,1,22,62,1,34,20,11,4,S,38,31,2
1979,B21,1512221,ST,10:30,0,NA,0,0,NA,0,LW,D,extinct,23-Jan-24,2024,1,23,#DIV/0!,#DIV/0!,NA,NA,NA,NA,Conspecific Control,STTC,15,0,0,0,13,0,13,T,T,0,0,1,21,61,1,13,0,0,4,S,0,0,2
1980,B17,1512217,ST,10:31,6,NA,5,1,NA,1,LW,D,,23-Jan-24,2024,1,23,0.833333333,1,NA,NA,NA,NA,Conspecific Control,STTC,15,7,2,2,22,4,26,T,T,0,0,1,17,57,1,22,1,0,4,S,6,1,2
1981,B28,1512228,ST,10:32,49,NA,3,45,NA,10,LW,D,,23-Jan-24,2024,1,23,0.06122449,0.222222222,NA,NA,NA,NA,Allospecific Null,STH0,15,94,37,33,41,70,111,T,H,1,1,1,28,68,1,41,46,35,4,S,13,81,2
1982,B24,1512224,ST,10:33,0,NA,0,0,NA,0,LW,D,extinct,23-Jan-24,2024,1,23,#DIV/0!,#DIV/0!,NA,NA,NA,NA,Allospecific Null,STH0,15,0,26,130,0,156,156,T,H,1,1,1,24,64,1,120,0,0,4,S,0,0,2
1983,B12,1512212,ST,10:34,139,NA,55,104,NA,35,LW,D,,23-Jan-24,2024,1,23,0.395683453,0.336538462,NA,NA,NA,NA,Allospecific Null,STH0,15,243,47,62,82,109,191,T,H,1,1,1,12,52,1,82,84,69,4,S,90,153,2
1984,B25,1512225,ST,10:35,0,NA,0,0,NA,0,LW,D,extinct,23-Jan-24,2024,1,23,#DIV/0!,#DIV/0!,NA,NA,NA,NA,Allospecific Null,STH0,15,0,42,43,0,85,85,T,H,1,1,1,25,65,1,64,0,0,4,S,0,0,2
1985,B40,1512240,ST,10:36,78,NA,38,63,NA,50,LW,D,,23-Jan-24,2024,1,23,0.487179487,0.793650794,NA,NA,NA,NA,Allospecific Null,STH0,15,141,32,35,145,67,212,T,H,1,1,1,40,80,1,145,40,13,4,S,88,53,2
1986,B39,1512239,ST,10:37,331,NA,130,341,NA,79,LW,D,,23-Jan-24,2024,1,23,0.392749245,0.231671554,NA,NA,NA,NA,Allospecific Null,STH0,15,672,52,63,12,115,127,T,H,1,1,1,39,79,1,12,201,262,4,S,209,463,2
1987,B29,1512229,ST,10:38,0,NA,0,0,NA,0,LW,D,extinct,23-Jan-24,2024,1,23,#DIV/0!,#DIV/0!,NA,NA,NA,NA,Allospecific Null,STH0,15,0,0,0,0,0,0,T,H,1,1,1,29,69,1,0,0,0,4,S,0,0,2
1988,B32,1512232,ST,10:40,3,NA,1,2,NA,0,LW,D,,23-Jan-24,2024,1,23,0.333333333,0,NA,NA,NA,NA,Allospecific Null,STH0,15,5,5,26,19,31,50,T,H,1,1,1,32,72,1,19,2,2,4,S,1,4,2
1989,B23,1512223,ST,10:42,34,NA,23,76,NA,27,LW,D,,23-Jan-24,2024,1,23,0.676470588,0.355263158,NA,NA,NA,NA,Allospecific Null,STH0,15,110,161,196,170,357,527,T,H,1,1,1,23,63,1,170,11,49,4,S,50,60,2
1990,B20,1512220,ST,10:44,44,NA,21,42,NA,42,LW,D,,23-Jan-24,2024,1,23,0.477272727,1,NA,NA,NA,NA,Allospecific Null,STH0,15,86,14,31,21,45,66,T,H,1,1,1,20,60,1,21,23,0,4,S,63,23,2
1991,B02,1512202,ST,10:46,0,NA,0,0,NA,0,LW,D,extinct,23-Jan-24,2024,1,23,#DIV/0!,#DIV/0!,NA,NA,NA,NA,Allospecific Control,STHC,15,0,0,0,10,0,10,T,H,0,1,1,02,42,1,10,0,0,4,S,0,0,2
1992,B34,1512234,ST,10:48,18,NA,3,8,NA,4,LW,D,,23-Jan-24,2024,1,23,0.166666667,0.5,NA,NA,NA,NA,Allospecific Control,STHC,15,26,6,8,3,14,17,T,H,0,1,1,34,74,1,3,15,4,4,S,7,19,2
1993,B15,1512215,ST,10:50,0,NA,0,0,NA,0,LW,D,extinct,23-Jan-24,2024,1,23,#DIV/0!,#DIV/0!,NA,NA,NA,NA,Allospecific Control,STHC,15,0,0,0,0,0,0,T,H,0,1,1,15,55,1,0,0,0,4,S,0,0,2
1994,B27,1512227,ST,10:52,0,NA,0,0,NA,0,LW,D,extinct,23-Jan-24,2024,1,23,#DIV/0!,#DIV/0!,NA,NA,NA,NA,Allospecific Control,STHC,15,0,4,5,0,9,9,T,H,0,1,1,27,67,1,1,0,0,4,S,0,0,2
1995,B04,1512204,ST,10:54,16,NA,5,11,NA,1,LW,D,,23-Jan-24,2024,1,23,0.3125,0.090909091,NA,NA,NA,NA,Allospecific Control,STHC,15,27,0,1,0,1,1,T,H,0,1,1,04,44,1,1,11,10,4,S,6,21,2
1996,B03,1512203,ST,10:56,0,NA,0,0,NA,0,LW,D,extinct,23-Jan-24,2024,1,23,#DIV/0!,#DIV/0!,NA,NA,NA,NA,Allospecific Control,STHC,15,0,2,1,2,3,5,T,H,0,1,1,03,43,1,2,0,0,4,S,0,0,2
1997,B06,1512206,ST,10:58,0,NA,0,0,NA,0,LW,D,extinct,23-Jan-24,2024,1,23,#DIV/0!,#DIV/0!,NA,NA,NA,NA,Allospecific Control,STHC,15,0,0,0,0,0,0,T,H,0,1,1,06,46,1,0,0,0,4,S,0,0,2
1998,B35,1512235,ST,11:00,0,NA,0,0,NA,0,LW,D,extinct,23-Jan-24,2024,1,23,#DIV/0!,#DIV/0!,NA,NA,NA,NA,Allospecific Control,STHC,15,0,1,1,3,2,5,T,H,0,1,1,35,75,1,3,0,0,4,S,0,0,2
1999,B05,1512205,ST,11:02,0,NA,0,0,NA,0,LW,D,extinct,23-Jan-24,2024,1,23,#DIV/0!,#DIV/0!,NA,NA,NA,NA,Allospecific Control,STHC,15,0,0,1,0,1,1,T,H,0,1,1,05,45,1,1,0,0,4,S,0,0,2
2000,B11,1512211,ST,11:04,31,NA,10,31,NA,8,LW,D,,23-Jan-24,2024,1,23,0.322580645,0.258064516,NA,NA,NA,NA,Allospecific Control,STHC,15,62,7,5,0,12,12,T,H,0,1,1,11,51,1,4,21,23,4,S,18,44,2
2001,C38,1512338,MH,11:06,22,NA,10,8,NA,0,LW,D,,23-Jan-24,2024,1,23,0.454545455,0,NA,NA,NA,NA,Conspecific Null,MHH0,15,30,5,6,154,11,165,H,H,1,0,2,38,118,1,154,12,8,4,M,10,20,2
2002,C20,1512320,MH,11:08,73,NA,21,42,NA,33,LW,D,,23-Jan-24,2024,1,23,0.287671233,0.785714286,NA,NA,NA,NA,Conspecific Null,MHH0,15,115,42,39,124,81,205,H,H,1,0,2,20,100,1,124,52,9,4,M,54,61,2
2003,C26,1512326,MH,11:10,0,NA,0,0,NA,0,LW,D,extinct,23-Jan-24,2024,1,23,#DIV/0!,#DIV/0!,NA,NA,NA,NA,Conspecific Null,MHH0,15,0,1,1,2,2,4,H,H,1,0,2,26,106,1,2,0,0,4,M,0,0,2
2004,C16,1512316,MH,11:12,38,NA,10,32,NA,16,LW,D,,23-Jan-24,2024,1,23,0.263157895,0.5,NA,NA,NA,NA,Conspecific Null,MHH0,15,70,47,51,189,98,287,H,H,1,0,2,16,96,1,189,28,16,4,M,26,44,2
2005,C32,1512332,MH,11:14,22,NA,10,25,NA,16,LW,D,,23-Jan-24,2024,1,23,0.454545455,0.64,NA,NA,NA,NA,Conspecific Null,MHH0,15,47,3,7,102,10,112,H,H,1,0,2,32,112,1,102,12,9,4,M,26,21,2
2006,C12,1512312,MH,11:16,271,NA,56,304,NA,44,LW,D,,23-Jan-24,2024,1,23,0.206642066,0.144736842,NA,NA,NA,NA,Conspecific Null,MHH0,15,575,28,41,675,69,744,H,H,1,0,2,12,92,1,675,215,260,4,M,100,475,2
2007,C18,1512318,MH,11:18,1,NA,1,18,NA,5,LW,D,,23-Jan-24,2024,1,23,1,0.277777778,NA,NA,NA,NA,Conspecific Null,MHH0,15,19,15,49,211,64,275,H,H,1,0,2,18,98,1,211,0,13,4,M,6,13,2
2008,C08,1512308,MH,11:20,2,NA,0,5,NA,0,LW,D,,23-Jan-24,2024,1,23,0,0,NA,NA,NA,NA,Conspecific Null,MHH0,15,7,5,3,16,8,24,H,H,1,0,2,08,88,1,16,2,5,4,M,0,7,2
2009,C15,1512315,MH,11:22,0,NA,0,0,NA,0,LW,D,extinct,23-Jan-24,2024,1,23,#DIV/0!,#DIV/0!,NA,NA,NA,NA,Conspecific Null,MHH0,15,0,1,1,0,2,2,H,H,1,0,2,15,95,1,2,0,0,4,M,0,0,2
2010,C21,1512321,MH,11:24,322,NA,54,91,NA,21,LW,D,,23-Jan-24,2024,1,23,0.167701863,0.230769231,NA,NA,NA,NA,Conspecific Null,MHH0,15,413,61,69,392,130,522,H,H,1,0,2,21,101,1,392,268,70,4,M,75,338,2
2011,C29,1512329,MH,11:26,0,NA,0,2,NA,2,LW,D,,23-Jan-24,2024,1,23,#DIV/0!,1,NA,NA,NA,NA,Conspecific Control,MHHC,15,2,5,4,68,9,77,H,H,0,0,2,29,109,1,68,0,0,4,M,2,0,2
2012,C22,1512322,MH,11:28,105,NA,43,92,NA,29,LW,D,,23-Jan-24,2024,1,23,0.40952381,0.315217391,NA,NA,NA,NA,Conspecific Control,MHHC,15,197,1,1,157,2,159,H,H,0,0,2,22,102,1,157,62,63,4,M,72,125,2
2013,C09,1512309,MH,11:30,0,NA,0,0,NA,0,LW,D,extinct,23-Jan-24,2024,1,23,#DIV/0!,#DIV/0!,NA,NA,NA,NA,Conspecific Control,MHHC,15,0,0,3,10,3,13,H,H,0,0,2,09,89,1,10,0,0,4,M,0,0,2
2014,C13,1512313,MH,11:32,11,NA,4,24,NA,5,LW,D,,23-Jan-24,2024,1,23,0.363636364,0.208333333,NA,NA,NA,NA,Conspecific Control,MHHC,15,35,4,3,44,7,51,H,H,0,0,2,13,93,1,44,7,19,4,M,9,26,2
2015,C03,1512303,MH,11:34,0,NA,0,0,NA,0,LW,D,extinct,23-Jan-24,2024,1,23,#DIV/0!,#DIV/0!,NA,NA,NA,NA,Conspecific Control,MHHC,15,0,0,0,0,0,0,H,H,0,0,2,03,83,1,0,0,0,4,M,0,0,2
2016,C14,1512314,MH,11:36,0,NA,0,0,NA,0,LW,D,extinct,23-Jan-24,2024,1,23,#DIV/0!,#DIV/0!,NA,NA,NA,NA,Conspecific Control,MHHC,15,0,0,0,0,0,0,H,H,0,0,2,14,94,1,0,0,0,4,M,0,0,2
2017,C37,1512337,MH,11:38,0,NA,0,0,NA,0,LW,D,extinct,23-Jan-24,2024,1,23,#DIV/0!,#DIV/0!,NA,NA,NA,NA,Conspecific Control,MHHC,15,0,0,0,7,0,7,H,H,0,0,2,37,117,1,7,0,0,4,M,0,0,2
2018,C25,1512325,MH,11:40,0,NA,0,0,NA,0,LW,D,extinct,23-Jan-24,2024,1,23,#DIV/0!,#DIV/0!,NA,NA,NA,NA,Conspecific Control,MHHC,15,0,0,1,73,1,74,H,H,0,0,2,25,105,1,73,0,0,4,M,0,0,2
2019,C05,1512305,MH,11:42,5,NA,0,7,NA,0,LW,D,,23-Jan-24,2024,1,23,0,0,NA,NA,NA,NA,Conspecific Control,MHHC,15,12,6,12,8,18,26,H,H,0,0,2,05,85,1,8,5,7,4,M,0,12,2
2020,C31,1512331,MH,11:44,3,NA,0,5,NA,0,LW,D,,23-Jan-24,2024,1,23,0,0,NA,NA,NA,NA,Conspecific Control,MHHC,15,8,3,3,72,6,78,H,H,0,0,2,31,111,1,72,3,5,4,M,0,8,2
2021,C24,1512324,MH,11:46,3,NA,1,5,NA,2,LW,D,,23-Jan-24,2024,1,23,0.333333333,0.4,NA,NA,NA,NA,Allospecific Null,MHT0,15,8,15,20,13,35,48,H,T,1,1,2,24,104,1,13,2,3,4,M,3,5,2
2022,C23,1512323,MH,11:48,15,NA,2,12,NA,0,LW,D,,23-Jan-24,2024,1,23,0.133333333,0,NA,NA,NA,NA,Allospecific Null,MHT0,15,27,91,109,0,200,200,H,T,1,1,2,23,103,1,57,13,12,4,M,2,25,2
2023,C04,1512304,MH,11:50,0,NA,0,0,NA,0,LW,D,extinct,23-Jan-24,2024,1,23,#DIV/0!,#DIV/0!,NA,NA,NA,NA,Allospecific Null,MHT0,15,0,44,38,0,82,82,H,T,1,1,2,04,84,1,78,0,0,4,M,0,0,2
2024,C01,1512301,MH,11:52,0,NA,0,0,NA,0,LW,D,extinct,23-Jan-24,2024,1,23,#DIV/0!,#DIV/0!,NA,NA,NA,NA,Allospecific Null,MHT0,15,0,0,0,26,0,26,H,T,1,1,2,01,81,1,26,0,0,4,M,0,0,2
2025,C35,1512335,MH,11:54,68,NA,22,48,NA,16,LW,D,,23-Jan-24,2024,1,23,0.323529412,0.333333333,NA,NA,NA,NA,Allospecific Null,MHT0,15,116,11,21,114,32,146,H,T,1,1,2,35,115,1,114,46,32,4,M,38,78,2
2026,C27,1512327,MH,11:56,0,NA,0,0,NA,0,LW,D,extinct,23-Jan-24,2024,1,23,#DIV/0!,#DIV/0!,NA,NA,NA,NA,Allospecific Null,MHT0,15,0,0,0,19,0,19,H,T,1,1,2,27,107,1,19,0,0,4,M,0,0,2
2027,C19,1512319,MH,11:58,37,NA,23,15,NA,14,LW,D,,23-Jan-24,2024,1,23,0.621621622,0.933333333,NA,NA,NA,NA,Allospecific Null,MHT0,15,52,7,16,25,23,48,H,T,1,1,2,19,99,1,25,14,1,4,M,37,15,2
2028,C06,1512306,MH,12:00,68,NA,53,50,NA,20,LW,D,,23-Jan-24,2024,1,23,0.779411765,0.4,NA,NA,NA,NA,Allospecific Null,MHT0,15,118,53,153,195,206,401,H,T,1,1,2,06,86,1,195,15,30,4,M,73,45,2
2029,C17,1512317,MH,12:02,71,NA,29,23,NA,23,LW,D,,23-Jan-24,2024,1,23,0.408450704,1,NA,NA,NA,NA,Allospecific Null,MHT0,15,94,79,154,212,233,445,H,T,1,1,2,17,97,1,212,42,0,4,M,52,42,2
2030,C11,1512311,MH,12:04,18,NA,7,24,NA,17,LW,D,,23-Jan-24,2024,1,23,0.388888889,0.708333333,NA,NA,NA,NA,Allospecific Null,MHT0,15,42,20,43,36,63,99,H,T,1,1,2,11,91,1,36,11,7,4,M,24,18,2
2031,C36,1512336,MH,12:06,0,NA,0,0,NA,0,LW,D,extinct,23-Jan-24,2024,1,23,#DIV/0!,#DIV/0!,NA,NA,NA,NA,Allospecific Control,MHTC,15,0,15,20,42,35,77,H,T,0,1,2,36,116,1,42,0,0,4,M,0,0,2
2032,C28,1512328,MH,12:08,0,NA,0,0,NA,0,LW,D,extinct,23-Jan-24,2024,1,23,#DIV/0!,#DIV/0!,NA,NA,NA,NA,Allospecific Control,MHTC,15,0,0,0,4,0,4,H,T,0,1,2,28,108,1,4,0,0,4,M,0,0,2
2033,C34,1512334,MH,12:10,0,NA,0,2,NA,0,LW,D,,23-Jan-24,2024,1,23,#DIV/0!,0,NA,NA,NA,NA,Allospecific Control,MHTC,15,2,3,5,6,8,14,H,T,0,1,2,34,114,1,6,0,2,4,M,0,2,2
2034,C40,1512340,MH,12:12,0,NA,0,0,NA,0,LW,D,extinct,23-Jan-24,2024,1,23,#DIV/0!,#DIV/0!,NA,NA,NA,NA,Allospecific Control,MHTC,15,0,0,0,0,0,0,H,T,0,1,2,40,120,1,0,0,0,4,M,0,0,2
2035,C07,1512307,MH,12:14,0,NA,0,0,NA,0,LW,D,extinct,23-Jan-24,2024,1,23,#DIV/0!,#DIV/0!,NA,NA,NA,NA,Allospecific Control,MHTC,15,0,0,0,12,0,12,H,T,0,1,2,07,87,1,12,0,0,4,M,0,0,2
2036,C33,1512333,MH,12:16,0,NA,0,0,NA,0,LW,D,extinct,23-Jan-24,2024,1,23,#DIV/0!,#DIV/0!,NA,NA,NA,NA,Allospecific Control,MHTC,15,0,2,3,0,5,5,H,T,0,1,2,33,113,1,5,0,0,4,M,0,0,2
2037,C02,1512302,MH,12:18,0,NA,0,0,NA,0,LW,D,extinct,23-Jan-24,2024,1,23,#DIV/0!,#DIV/0!,NA,NA,NA,NA,Allospecific Control,MHTC,15,0,0,0,0,0,0,H,T,0,1,2,02,82,1,0,0,0,4,M,0,0,2
2038,C10,1512310,MH,12:20,0,NA,0,0,NA,0,LW,D,extinct,23-Jan-24,2024,1,23,#DIV/0!,#DIV/0!,NA,NA,NA,NA,Allospecific Control,MHTC,15,0,1,1,2,2,4,H,T,0,1,2,10,90,1,2,0,0,4,M,0,0,2
2039,C39,1512339,MH,12:22,0,NA,0,0,NA,0,LW,D,extinct,23-Jan-24,2024,1,23,#DIV/0!,#DIV/0!,NA,NA,NA,NA,Allospecific Control,MHTC,15,0,9,9,0,18,18,H,T,0,1,2,39,119,1,9,0,0,4,M,0,0,2
2040,C30,1512330,MH,12:24,3,NA,2,0,NA,2,LW,D,,23-Jan-24,2024,1,23,0.666666667,#DIV/0!,NA,NA,NA,NA,Allospecific Control,MHTC,15,3,10,12,0,22,22,H,T,0,1,2,30,110,1,4,1,2,4,M,4,3,2
2041,D01,1512401,MT,12:26,225,NA,39,218,NA,28,LW,D,,23-Jan-24,2024,1,23,0.173333333,0.128440367,NA,NA,NA,NA,Conspecific Null,MTT0,15,443,23,21,133,44,177,T,T,1,0,3,01,121,1,133,186,190,4,M,67,376,2
2042,D29,1512429,MT,12:28,70,NA,23,64,NA,14,LW,D,,23-Jan-24,2024,1,23,0.328571429,0.21875,NA,NA,NA,NA,Conspecific Null,MTT0,15,134,8,6,45,14,59,T,T,1,0,3,29,149,1,45,47,50,4,M,37,97,2
2043,D02,1512402,MT,12:30,0,NA,0,0,NA,0,LW,D,extinct,23-Jan-24,2024,1,23,#DIV/0!,#DIV/0!,NA,NA,NA,NA,Conspecific Null,MTT0,15,0,0,0,0,0,0,T,T,1,0,3,02,122,1,0,0,0,4,M,0,0,2
2044,D05,1512405,MT,12:32,31,NA,1,45,NA,0,LW,D,,23-Jan-24,2024,1,23,0.032258065,0,NA,NA,NA,NA,Conspecific Null,MTT0,15,76,2,2,59,4,63,T,T,1,0,3,05,125,1,59,30,45,4,M,1,75,2
2045,D12,1512412,MT,12:34,132,NA,0,34,NA,14,LW,D,,23-Jan-24,2024,1,23,0,0.411764706,NA,NA,NA,NA,Conspecific Null,MTT0,15,166,3,3,254,6,260,T,T,1,0,3,12,132,1,254,132,20,4,M,14,152,2
2046,D32,1512432,MT,12:36,26,NA,12,30,NA,2,LW,D,,23-Jan-24,2024,1,23,0.461538462,0.066666667,NA,NA,NA,NA,Conspecific Null,MTT0,15,56,1,1,13,2,15,T,T,1,0,3,32,152,1,13,14,28,4,M,14,42,2
2047,D40,1512440,MT,12:38,0,NA,0,0,NA,0,LW,D,extinct,23-Jan-24,2024,1,23,#DIV/0!,#DIV/0!,NA,NA,NA,NA,Conspecific Null,MTT0,15,0,0,0,11,0,11,T,T,1,0,3,40,160,1,11,0,0,4,M,0,0,2
2048,D21,1512421,MT,12:40,192,NA,35,214,NA,50,LW,D,,23-Jan-24,2024,1,23,0.182291667,0.23364486,NA,NA,NA,NA,Conspecific Null,MTT0,15,406,34,36,73,70,143,T,T,1,0,3,21,141,1,73,157,164,4,M,85,321,2
2049,D08,1512408,MT,12:42,45,NA,6,38,NA,5,LW,D,,23-Jan-24,2024,1,23,0.133333333,0.131578947,NA,NA,NA,NA,Conspecific Null,MTT0,15,83,18,21,80,39,119,T,T,1,0,3,08,128,1,80,39,33,4,M,11,72,2
2050,D24,1512424,MT,12:44,96,NA,28,53,NA,25,LW,D,,23-Jan-24,2024,1,23,0.291666667,0.471698113,NA,NA,NA,NA,Conspecific Null,MTT0,15,149,6,10,42,16,58,T,T,1,0,3,24,144,1,42,68,28,4,M,53,96,2
2051,D20,1512420,MT,12:46,0,NA,0,0,NA,0,LW,D,extinct,23-Jan-24,2024,1,23,#DIV/0!,#DIV/0!,NA,NA,NA,NA,Conspecific Control,MTTC,15,0,1,1,17,2,19,T,T,0,0,3,20,140,1,17,0,0,4,M,0,0,2
2052,D39,1512439,MT,12:48,19,NA,7,23,NA,11,LW,D,,23-Jan-24,2024,1,23,0.368421053,0.47826087,NA,NA,NA,NA,Conspecific Control,MTTC,15,42,9,11,48,20,68,T,T,0,0,3,39,159,1,48,12,12,4,M,18,24,2
2053,D14,1512414,MT,12:50,0,NA,0,0,NA,0,LW,D,extinct,23-Jan-24,2024,1,23,#DIV/0!,#DIV/0!,NA,NA,NA,NA,Conspecific Control,MTTC,15,0,0,0,8,0,8,T,T,0,0,3,14,134,1,8,0,0,4,M,0,0,2
2054,D11,1512411,MT,12:52,0,NA,0,0,NA,0,LW,D,extinct,23-Jan-24,2024,1,23,#DIV/0!,#DIV/0!,NA,NA,NA,NA,Conspecific Control,MTTC,15,0,3,3,0,6,6,T,T,0,0,3,11,131,1,0,0,0,4,M,0,0,2
2055,D03,1512403,MT,12:54,0,NA,0,0,NA,0,LW,D,extinct,23-Jan-24,2024,1,23,#DIV/0!,#DIV/0!,NA,NA,NA,NA,Conspecific Control,MTTC,15,0,0,0,0,0,0,T,T,0,0,3,03,123,1,0,0,0,4,M,0,0,2
2056,D25,1512425,MT,12:56,110,NA,35,77,NA,19,LW,D,,23-Jan-24,2024,1,23,0.318181818,0.246753247,NA,NA,NA,NA,Conspecific Control,MTTC,15,187,17,22,93,39,132,T,T,0,0,3,25,145,1,93,75,58,4,M,54,133,2
2057,D09,1512409,MT,12:58,31,NA,16,20,NA,5,LW,D,,23-Jan-24,2024,1,23,0.516129032,0.25,NA,NA,NA,NA,Conspecific Control,MTTC,15,51,3,5,51,8,59,T,T,0,0,3,09,129,1,51,15,15,4,M,21,30,2
2058,D26,1512426,MT,13:00,40,NA,10,26,NA,8,LW,D,,23-Jan-24,2024,1,23,0.25,0.307692308,NA,NA,NA,NA,Conspecific Control,MTTC,15,66,17,19,97,36,133,T,T,0,0,3,26,146,1,97,30,18,4,M,18,48,2
2059,D34,1512434,MT,13:02,6,NA,3,14,NA,3,LW,D,,23-Jan-24,2024,1,23,0.5,0.214285714,NA,NA,NA,NA,Conspecific Control,MTTC,15,20,5,5,54,10,64,T,T,0,0,3,34,154,1,54,3,11,4,M,6,14,2
2060,D06,1512406,MT,13:04,0,NA,0,0,NA,0,LW,D,extinct,23-Jan-24,2024,1,23,#DIV/0!,#DIV/0!,NA,NA,NA,NA,Conspecific Control,MTTC,15,0,0,0,0,0,0,T,T,0,0,3,06,126,1,0,0,0,4,M,0,0,2
2061,D31,1512431,MT,14:05,6,NA,0,0,NA,0,LW,D,,23-Jan-24,2024,1,23,0,#DIV/0!,NA,NA,NA,NA,Allospecific Null,MTH0,15,6,13,20,104,33,137,T,H,1,1,3,31,151,1,104,6,0,4,M,0,6,2
2062,D36,1512436,MT,14:08,0,NA,0,0,NA,0,LW,D,extinct,23-Jan-24,2024,1,23,#DIV/0!,#DIV/0!,NA,NA,NA,NA,Allospecific Null,MTH0,15,0,1,1,4,2,6,T,H,1,1,3,36,156,1,4,0,0,4,M,0,0,2
2063,D15,1512415,MT,14:11,138,NA,39,80,NA,18,LW,D,,23-Jan-24,2024,1,23,0.282608696,0.225,NA,NA,NA,NA,Allospecific Null,MTH0,15,218,40,67,462,107,569,T,H,1,1,3,15,135,1,462,99,62,4,M,57,161,2
2064,D35,1512435,MT,14:14,0,NA,0,0,NA,0,LW,D,,23-Jan-24,2024,1,23,#DIV/0!,#DIV/0!,NA,NA,NA,NA,Allospecific Null,MTH0,15,0,40,36,405,76,481,T,H,1,1,3,35,155,1,405,0,0,4,M,0,0,2
2065,D13,1512413,MT,14:17,0,NA,0,0,NA,0,LW,D,extinct,23-Jan-24,2024,1,23,#DIV/0!,#DIV/0!,NA,NA,NA,NA,Allospecific Null,MTH0,15,0,2,2,288,4,292,T,H,1,1,3,13,133,1,288,0,0,4,M,0,0,2
2066,D23,1512423,MT,14:20,134,NA,35,123,NA,45,LW,D,,23-Jan-24,2024,1,23,0.26119403,0.365853659,NA,NA,NA,NA,Allospecific Null,MTH0,15,257,46,65,215,111,326,T,H,1,1,3,23,143,1,215,99,78,4,M,80,177,2
2067,D19,1512419,MT,14:23,0,NA,0,0,NA,0,LW,D,extinct,23-Jan-24,2024,1,23,#DIV/0!,#DIV/0!,NA,NA,NA,NA,Allospecific Null,MTH0,15,0,1,2,5,3,8,T,H,1,1,3,19,139,1,5,0,0,4,M,0,0,2
2068,D30,1512430,MT,14:26,11,NA,2,0,NA,0,LW,D,,23-Jan-24,2024,1,23,0.181818182,#DIV/0!,NA,NA,NA,NA,Allospecific Null,MTH0,15,11,10,10,130,20,150,T,H,1,1,3,30,150,1,130,9,0,4,M,2,9,2
2069,D18,1512418,MT,14:29,66,NA,16,77,NA,27,LW,D,,23-Jan-24,2024,1,23,0.242424242,0.350649351,NA,NA,NA,NA,Allospecific Null,MTH0,15,143,15,17,253,32,285,T,H,1,1,3,18,138,1,253,50,50,4,M,43,100,2
2070,D04,1512404,MT,14:32,0,NA,0,0,NA,0,LW,D,extinct,23-Jan-24,2024,1,23,#DIV/0!,#DIV/0!,NA,NA,NA,NA,Allospecific Null,MTH0,15,0,1,1,13,2,15,T,H,1,1,3,04,124,1,13,0,0,4,M,0,0,2
2071,D27,1512427,MT,14:35,4,NA,0,10,NA,0,LW,D,,23-Jan-24,2024,1,23,0,0,NA,NA,NA,NA,Allospecific Control,MTHC,15,14,3,3,7,6,13,T,H,0,1,3,27,147,1,7,4,10,4,M,0,14,2
2072,D33,1512433,MT,14:38,38,NA,3,28,NA,4,LW,D,,23-Jan-24,2024,1,23,0.078947368,0.142857143,NA,NA,NA,NA,Allospecific Control,MTHC,15,66,5,9,15,14,29,T,H,0,1,3,33,153,1,15,35,24,4,M,7,59,2
2073,D28,1512428,MT,14:41,2,NA,0,2,NA,0,LW,D,,23-Jan-24,2024,1,23,0,0,NA,NA,NA,NA,Allospecific Control,MTHC,15,4,2,2,2,4,6,T,H,0,1,3,28,148,1,2,2,2,4,M,0,4,2
2074,D38,1512438,MT,14:44,24,NA,14,16,NA,10,LW,D,,23-Jan-24,2024,1,23,0.583333333,0.625,NA,NA,NA,NA,Allospecific Control,MTHC,15,40,5,7,8,12,20,T,H,0,1,3,38,158,1,8,10,6,4,M,24,16,2
2075,D10,1512410,MT,14:47,0,NA,0,0,NA,0,LW,D,extinct,23-Jan-24,2024,1,23,#DIV/0!,#DIV/0!,NA,NA,NA,NA,Allospecific Control,MTHC,15,0,0,0,7,0,7,T,H,0,1,3,10,130,1,7,0,0,4,M,0,0,2
2076,D22,1512422,MT,14:50,0,NA,0,0,NA,0,LW,D,extinct,23-Jan-24,2024,1,23,#DIV/0!,#DIV/0!,NA,NA,NA,NA,Allospecific Control,MTHC,15,0,0,0,0,0,0,T,H,0,1,3,22,142,1,0,0,0,4,M,0,0,2
2077,D16,1512416,MT,14:53,0,NA,0,0,NA,0,LW,D,extinct,23-Jan-24,2024,1,23,#DIV/0!,#DIV/0!,NA,NA,NA,NA,Allospecific Control,MTHC,15,0,0,0,0,0,0,T,H,0,1,3,16,136,1,0,0,0,4,M,0,0,2
2078,D07,1512407,MT,14:56,10,NA,0,0,NA,0,LW,D,extinct,23-Jan-24,2024,1,23,0,#DIV/0!,NA,NA,NA,NA,Allospecific Control,MTHC,15,10,0,0,11,0,11,T,H,0,1,3,07,127,1,11,10,0,4,M,0,10,2
2079,D17,1512417,MT,14:59,14,NA,0,5,NA,4,LW,D,,23-Jan-24,2024,1,23,0,0.8,NA,NA,NA,NA,Allospecific Control,MTHC,15,19,13,11,22,24,46,T,H,0,1,3,17,137,1,22,14,1,4,M,4,15,2
2080,D37,1512437,MT,15:02,0,NA,0,0,NA,0,LW,D,extinct,23-Jan-24,2024,1,23,#DIV/0!,#DIV/0!,NA,NA,NA,NA,Allospecific Control,MTHC,15,0,1,1,0,2,2,T,H,0,1,3,37,157,1,1,0,0,4,M,0,0,2
2081,A01,1612101,SH,09:02,65,NA,21,13,NA,11,LW,D,,1-Feb-24,2024,2,1,0.323076923,0.846153846,NA,NA,NA,NA,Conspecific Null,SHH0,16,78,4,12,46,16,62,H,H,1,0,0,01,1,1,46,49,3,5,S,32,52,2.5
2082,A23,1612123,SH,09:04,166,NA,57,152,NA,88,LW,D,,1-Feb-24,2024,2,1,0.343373494,0.578947368,NA,NA,NA,NA,Conspecific Null,SHH0,16,318,40,50,102,90,192,H,H,1,0,0,23,23,1,102,116,84,5,S,145,200,2.5
2083,A30,1612130,SH,09:06,371,NA,62,182,NA,76,LW,D,,1-Feb-24,2024,2,1,0.167115903,0.417582418,NA,NA,NA,NA,Conspecific Null,SHH0,16,553,39,57,1022,96,1118,H,H,1,0,0,30,30,1,1022,322,124,5,S,138,446,2.5
2084,A40,1612140,SH,09:08,69,NA,11,60,NA,32,LW,D,,1-Feb-24,2024,2,1,0.15942029,0.533333333,NA,NA,NA,NA,Conspecific Null,SHH0,16,129,52,38,185,90,275,H,H,1,0,0,40,40,1,185,57,40,5,S,43,97,2.5
2085,A13,1612113,SH,09:10,15,NA,3,16,NA,4,LW,D,,1-Feb-24,2024,2,1,0.2,0.25,NA,NA,NA,NA,Conspecific Null,SHH0,16,31,68,50,239,118,357,H,H,1,0,0,13,13,1,239,13,13,5,S,7,26,2.5
2086,A22,1612122,SH,09:12,190,NA,35,96,NA,56,LW,D,,1-Feb-24,2024,2,1,0.184210526,0.583333333,NA,NA,NA,NA,Conspecific Null,SHH0,16,286,38,19,924,57,981,H,H,1,0,0,22,22,1,924,156,56,5,S,91,212,2.5
2087,A10,1612110,SH,09:14,0,NA,0,0,NA,0,LW,D,extinct,1-Feb-24,2024,2,1,#DIV/0!,#DIV/0!,NA,NA,NA,NA,Conspecific Null,SHH0,16,0,0,0,29,0,29,H,H,1,0,0,10,10,1,29,0,0,5,S,0,0,2.5
2088,A29,1612129,SH,09:16,351,NA,16,156,NA,15,LW,D,,1-Feb-24,2024,2,1,0.045584046,0.096153846,NA,NA,NA,NA,Conspecific Null,SHH0,16,507,32,69,293,101,394,H,H,1,0,0,29,29,1,293,337,142,5,S,31,479,2.5
2089,A08,1612108,SH,09:18,149,NA,56,235,NA,159,LW,D,,1-Feb-24,2024,2,1,0.375838926,0.676595745,NA,NA,NA,NA,Conspecific Null,SHH0,16,384,30,28,658,58,716,H,H,1,0,0,08,8,1,658,100,73,5,S,215,173,2.5
2090,A12,1612112,SH,09:20,0,NA,0,0,NA,0,LW,D,extinct,1-Feb-24,2024,2,1,#DIV/0!,#DIV/0!,NA,NA,NA,NA,Conspecific Null,SHH0,16,0,0,0,0,0,0,H,H,1,0,0,12,12,1,0,0,0,5,S,0,0,2.5
2091,A28,1612128,SH,09:22,146,NA,0,69,NA,0,LW,D,,1-Feb-24,2024,2,1,0,0,NA,NA,NA,NA,Conspecific Control,SHHC,16,215,11,29,111,40,151,H,H,0,0,0,28,28,1,111,100,48,5,S,0,148,2.5
2092,A03,1612103,SH,09:24,148,NA,0,76,NA,0,LW,D,,1-Feb-24,2024,2,1,0,0,NA,NA,NA,NA,Allospecific Control,SHTC,16,224,20,35,0,55,55,H,T,0,1,0,03,3,1,19,84,65,5,S,0,149,2.5
2093,A02,1612102,SH,09:26,0,NA,0,0,NA,0,LW,D,extinct,1-Feb-24,2024,2,1,#DIV/0!,#DIV/0!,NA,NA,NA,NA,Conspecific Control,SHHC,16,0,2,3,32,5,37,H,H,0,0,0,02,2,1,32,0,0,5,S,0,0,2.5
2094,A07,1612107,SH,09:28,7,NA,0,6,NA,0,LW,D,,1-Feb-24,2024,2,1,0,0,NA,NA,NA,NA,Conspecific Control,SHHC,16,13,5,7,5,12,17,H,H,0,0,0,07,7,1,5,3,3,5,S,0,6,2.5
2095,A11,1612111,SH,09:30,0,NA,0,0,NA,0,LW,D,extinct,1-Feb-24,2024,2,1,#DIV/0!,#DIV/0!,NA,NA,NA,NA,Conspecific Control,SHHC,16,0,0,0,15,0,15,H,H,0,0,0,11,11,1,15,0,0,5,S,0,0,2.5
2096,A18,1612118,SH,09:32,0,NA,0,0,NA,0,LW,D,extinct,1-Feb-24,2024,2,1,#DIV/0!,#DIV/0!,NA,NA,NA,NA,Conspecific Control,SHHC,16,0,0,0,30,0,30,H,H,0,0,0,18,18,1,30,0,0,5,S,0,0,2.5
2097,A34,1612134,SH,09:34,18,NA,0,0,NA,0,LW,D,,1-Feb-24,2024,2,1,0,#DIV/0!,NA,NA,NA,NA,Conspecific Control,SHHC,16,18,12,2,48,14,62,H,H,0,0,0,34,34,1,48,11,0,5,S,0,11,2.5
2098,A33,1612133,SH,09:36,49,NA,0,21,NA,0,LW,D,,1-Feb-24,2024,2,1,0,0,NA,NA,NA,NA,Conspecific Control,SHHC,16,70,28,29,66,57,123,H,H,0,0,0,33,33,1,66,35,15,5,S,0,50,2.5
2099,A21,1612121,SH,09:38,0,NA,0,0,NA,0,LW,D,extinct,1-Feb-24,2024,2,1,#DIV/0!,#DIV/0!,NA,NA,NA,NA,Conspecific Control,SHHC,16,0,0,0,0,0,0,H,H,0,0,0,21,21,1,0,0,0,5,S,0,0,2.5
2100,A17,1612117,SH,09:40,37,NA,0,13,NA,0,LW,D,,1-Feb-24,2024,2,1,0,0,NA,NA,NA,NA,Conspecific Control,SHHC,16,50,7,18,18,25,43,H,H,0,0,0,17,17,1,18,12,3,5,S,0,15,2.5
2101,A24,1612124,SH,09:42,54,NA,16,63,NA,8,LW,D,,1-Feb-24,2024,2,1,0.296296296,0.126984127,NA,NA,NA,NA,Allospecific Null,SHT0,16,117,37,28,27,65,92,H,T,1,1,0,24,24,1,27,42,56,5,S,24,98,2.5
2102,A15,1612115,SH,09:44,0,NA,0,0,NA,0,LW,D,extinct,1-Feb-24,2024,2,1,#DIV/0!,#DIV/0!,NA,NA,NA,NA,Allospecific Null,SHT0,16,0,0,0,48,0,48,H,T,1,1,0,15,15,1,48,0,0,5,S,0,0,2.5
2103,A04,1612104,SH,09:46,56,NA,6,32,NA,4,LW,D,,1-Feb-24,2024,2,1,0.107142857,0.125,NA,NA,NA,NA,Allospecific Null,SHT0,16,88,23,22,119,45,164,H,T,1,1,0,04,4,1,119,52,29,5,S,10,81,2.5
2104,A32,1612132,SH,09:48,0,NA,0,0,NA,0,LW,D,extinct,1-Feb-24,2024,2,1,#DIV/0!,#DIV/0!,NA,NA,NA,NA,Allospecific Null,SHT0,16,0,31,38,0,69,69,H,T,1,1,0,32,32,1,51,0,0,5,S,0,0,2.5
2105,A36,1612136,SH,09:50,47,NA,23,110,NA,16,LW,D,,1-Feb-24,2024,2,1,0.489361702,0.145454545,NA,NA,NA,NA,Allospecific Null,SHT0,16,157,10,16,164,26,190,H,T,1,1,0,36,36,1,164,26,94,5,S,39,120,2.5
2106,A31,1612131,SH,09:52,0,NA,0,0,NA,0,LW,D,extinct,1-Feb-24,2024,2,1,#DIV/0!,#DIV/0!,NA,NA,NA,NA,Allospecific Null,SHT0,16,0,0,0,4,0,4,H,T,1,1,0,31,31,1,4,0,0,5,S,0,0,2.5
2107,A05,1612105,SH,09:54,4,NA,0,0,NA,0,LW,D,,1-Feb-24,2024,2,1,0,#DIV/0!,NA,NA,NA,NA,Allospecific Null,SHT0,16,4,44,66,0,110,110,H,T,1,1,0,05,5,1,49,4,0,5,S,0,4,2.5
2108,A39,1612139,SH,09:56,61,NA,2,43,NA,9,LW,D,,1-Feb-24,2024,2,1,0.032786885,0.209302326,NA,NA,NA,NA,Allospecific Null,SHT0,16,104,1,5,44,6,50,H,T,1,1,0,39,39,1,44,59,35,5,S,11,94,2.5
2109,A19,1612119,SH,09:58,0,NA,0,0,NA,0,LW,D,extinct,1-Feb-24,2024,2,1,#DIV/0!,#DIV/0!,NA,NA,NA,NA,Allospecific Null,SHT0,16,0,0,0,2,0,2,H,T,1,1,0,19,19,1,2,0,0,5,S,0,0,2.5
2110,A27,1612127,SH,10:00,148,NA,21,128,NA,20,LW,D,,1-Feb-24,2024,2,1,0.141891892,0.15625,NA,NA,NA,NA,Allospecific Null,SHT0,16,276,8,17,76,25,101,H,T,1,1,0,27,27,1,76,123,103,5,S,41,226,2.5
2111,A09,1612109,SH,10:02,0,NA,0,0,NA,0,LW,D,extinct,1-Feb-24,2024,2,1,#DIV/0!,#DIV/0!,NA,NA,NA,NA,Allospecific Control,SHTC,16,0,0,0,8,0,8,H,T,0,1,0,09,9,1,8,0,0,5,S,0,0,2.5
2112,A38,1612138,SH,10:04,0,NA,0,0,NA,0,LW,D,extinct,1-Feb-24,2024,2,1,#DIV/0!,#DIV/0!,NA,NA,NA,NA,Allospecific Control,SHTC,16,0,3,4,0,7,7,H,T,0,1,0,38,38,1,0,0,0,5,S,0,0,2.5
2113,A25,1612125,SH,10:04,42,NA,0,21,NA,0,LW,D,,1-Feb-24,2024,2,1,0,0,NA,NA,NA,NA,Allospecific Control,SHTC,16,63,30,37,0,67,67,H,T,0,1,0,25,25,1,35,38,16,5,S,0,54,2.5
2114,A14,1612114,SH,10:05,0,NA,0,0,NA,0,LW,D,extinct,1-Feb-24,2024,2,1,#DIV/0!,#DIV/0!,NA,NA,NA,NA,Allospecific Control,SHTC,16,0,0,0,0,0,0,H,T,0,1,0,14,14,1,0,0,0,5,S,0,0,2.5
2115,A26,1612126,SH,10:06,0,NA,0,0,NA,0,LW,D,extinct,1-Feb-24,2024,2,1,#DIV/0!,#DIV/0!,NA,NA,NA,NA,Conspecific Control,SHHC,16,0,0,0,0,0,0,H,H,0,0,0,26,26,1,0,0,0,5,S,0,0,2.5
2116,A37,1612137,SH,10:07,0,NA,0,0,NA,0,LW,D,extinct,1-Feb-24,2024,2,1,#DIV/0!,#DIV/0!,NA,NA,NA,NA,Allospecific Control,SHTC,16,0,0,0,0,0,0,H,T,0,1,0,37,37,1,0,0,0,5,S,0,0,2.5
2117,A20,1612120,SH,10:08,1,NA,0,0,NA,0,LW,D,extinct,1-Feb-24,2024,2,1,0,#DIV/0!,NA,NA,NA,NA,Allospecific Control,SHTC,16,1,4,9,1,13,14,H,T,0,1,0,20,20,1,1,0,0,5,S,0,0,2.5
2118,A06,1612106,SH,10:09,0,NA,0,0,NA,0,LW,D,extinct,1-Feb-24,2024,2,1,#DIV/0!,#DIV/0!,NA,NA,NA,NA,Allospecific Control,SHTC,16,0,0,0,0,0,0,H,T,0,1,0,06,6,1,0,0,0,5,S,0,0,2.5
2119,A16,1612116,SH,10:10,50,NA,0,53,NA,0,LW,D,,1-Feb-24,2024,2,1,0,0,NA,NA,NA,NA,Allospecific Control,SHTC,16,103,12,11,6,23,29,H,T,0,1,0,16,16,1,6,43,45,5,S,0,88,2.5
2120,A35,1612135,SH,10:11,0,NA,0,0,NA,0,LW,D,extinct,1-Feb-24,2024,2,1,#DIV/0!,#DIV/0!,NA,NA,NA,NA,Allospecific Control,SHTC,16,0,0,0,2,0,2,H,T,0,1,0,35,35,1,2,0,0,5,S,0,0,2.5
2121,B01,1612201,ST,10:12,22,NA,7,6,NA,2,LW,D,,1-Feb-24,2024,2,1,0.318181818,0.333333333,NA,NA,NA,NA,Conspecific Null,STT0,16,28,12,20,376,32,408,T,T,1,0,1,01,41,1,296,16,4,5,S,9,20,2.5
2122,B31,1612231,ST,10:13,24,NA,16,423,NA,78,LW,D,,1-Feb-24,2024,2,1,0.666666667,0.184397163,NA,NA,NA,NA,Conspecific Null,STT0,16,447,122,94,275,216,491,T,T,1,0,1,31,71,1,244,14,349,5,S,94,363,2.5
2123,B09,1612209,ST,10:14,271,NA,42,128,NA,37,LW,D,,1-Feb-24,2024,2,1,0.15498155,0.2890625,NA,NA,NA,NA,Conspecific Null,STT0,16,399,56,42,111,98,209,T,T,1,0,1,09,49,1,108,229,89,5,S,79,318,2.5
2124,B26,1612226,ST,10:15,168,NA,42,156,NA,43,LW,D,,1-Feb-24,2024,2,1,0.25,0.275641026,NA,NA,NA,NA,Conspecific Null,STT0,16,324,81,42,595,123,718,T,T,1,0,1,26,66,1,444,129,112,5,S,85,241,2.5
2125,B13,1612213,ST,10:16,3,NA,5,0,NA,0,LW,D,extinct,1-Feb-24,2024,2,1,1.666666667,#DIV/0!,NA,NA,NA,NA,Conspecific Null,STT0,16,3,4,15,193,19,212,T,T,1,0,1,13,53,1,140,0,0,5,S,5,0,2.5
2126,B16,1612216,ST,10:17,57,NA,5,32,NA,18,LW,D,,1-Feb-24,2024,2,1,0.087719298,0.5625,NA,NA,NA,NA,Conspecific Null,STT0,16,89,8,11,331,19,350,T,T,1,0,1,16,56,1,188,52,18,5,S,23,70,2.5
2127,B14,1612214,ST,10:18,15,NA,3,5,NA,4,LW,D,,1-Feb-24,2024,2,1,0.2,0.8,NA,NA,NA,NA,Conspecific Null,STT0,16,20,5,5,55,10,65,T,T,1,0,1,14,54,1,52,12,2,5,S,7,14,2.5
2128,B18,1612218,ST,10:19,102,NA,34,66,NA,19,LW,D,,1-Feb-24,2024,2,1,0.333333333,0.287878788,NA,NA,NA,NA,Conspecific Null,STT0,16,168,4,4,92,8,100,T,T,1,0,1,18,58,1,86,75,49,5,S,53,124,2.5
2129,B37,1612237,ST,10:20,78,NA,36,77,NA,30,LW,D,,1-Feb-24,2024,2,1,0.461538462,0.38961039,NA,NA,NA,NA,Conspecific Null,STT0,16,155,49,31,0,80,80,T,T,1,0,1,37,77,1,4,42,57,5,S,66,99,2.5
2130,B30,1612230,ST,10:21,367,NA,137,202,NA,65,LW,D,,1-Feb-24,2024,2,1,0.373297003,0.321782178,NA,NA,NA,NA,Conspecific Null,STT0,16,569,123,73,959,196,1155,T,T,1,0,1,30,70,1,655,263,145,5,S,202,408,2.5
2131,B38,1612238,ST,10:22,0,NA,0,0,NA,0,LW,D,extinct,1-Feb-24,2024,2,1,#DIV/0!,#DIV/0!,NA,NA,NA,NA,Conspecific Control,STTC,16,0,0,0,0,0,0,T,T,0,0,1,38,78,1,0,0,0,5,S,0,0,2.5
2132,B33,1612233,ST,10:23,0,NA,0,0,NA,0,LW,D,extinct,1-Feb-24,2024,2,1,#DIV/0!,#DIV/0!,NA,NA,NA,NA,Conspecific Control,STTC,16,0,22,45,0,67,67,T,T,0,0,1,33,73,1,59,0,0,5,S,0,0,2.5
2133,B19,1612219,ST,10:24,0,NA,0,0,NA,0,LW,D,extinct,1-Feb-24,2024,2,1,#DIV/0!,#DIV/0!,NA,NA,NA,NA,Conspecific Control,STTC,16,0,0,0,0,0,0,T,T,0,0,1,19,59,1,0,0,0,5,S,0,0,2.5
2134,B36,1612236,ST,10:25,0,NA,0,0,NA,0,LW,D,extinct,1-Feb-24,2024,2,1,#DIV/0!,#DIV/0!,NA,NA,NA,NA,Conspecific Control,STTC,16,0,0,0,0,0,0,T,T,0,0,1,36,76,1,0,0,0,5,S,0,0,2.5
2135,B10,1612210,ST,10:26,0,NA,0,0,NA,0,LW,D,extinct,1-Feb-24,2024,2,1,#DIV/0!,#DIV/0!,NA,NA,NA,NA,Conspecific Control,STTC,16,0,0,0,3,0,3,T,T,0,0,1,10,50,1,3,0,0,5,S,0,0,2.5
2136,B07,1612207,ST,10:27,6,NA,0,18,NA,0,LW,D,,1-Feb-24,2024,2,1,0,0,NA,NA,NA,NA,Conspecific Control,STTC,16,24,2,2,68,4,72,T,T,0,0,1,07,47,1,61,5,14,5,S,0,19,2.5
2137,B08,1612208,ST,10:28,4,NA,0,10,NA,0,LW,D,,1-Feb-24,2024,2,1,0,0,NA,NA,NA,NA,Conspecific Control,STTC,16,14,2,3,219,5,224,T,T,0,0,1,08,48,1,170,0,8,5,S,0,8,2.5
2138,B22,1612222,ST,10:29,79,NA,0,26,NA,0,LW,D,,1-Feb-24,2024,2,1,0,0,NA,NA,NA,NA,Conspecific Control,STTC,16,105,0,1,35,1,36,T,T,0,0,1,22,62,1,24,55,14,5,S,0,69,2.5
2139,B21,1612221,ST,10:30,0,NA,0,0,NA,0,LW,D,extinct,1-Feb-24,2024,2,1,#DIV/0!,#DIV/0!,NA,NA,NA,NA,Conspecific Control,STTC,16,0,0,0,3,0,3,T,T,0,0,1,21,61,1,3,0,0,5,S,0,0,2.5
2140,B17,1612217,ST,10:31,3,NA,0,2,NA,0,LW,D,,1-Feb-24,2024,2,1,0,0,NA,NA,NA,NA,Conspecific Control,STTC,16,5,2,2,75,4,79,T,T,0,0,1,17,57,1,42,0,0,5,S,0,0,2.5
2141,B28,1612228,ST,10:32,52,NA,2,49,NA,9,LW,D,,1-Feb-24,2024,2,1,0.038461538,0.183673469,NA,NA,NA,NA,Allospecific Null,STH0,16,101,27,38,0,65,65,T,H,1,1,1,28,68,1,31,50,40,5,S,11,90,2.5
2142,B24,1612224,ST,10:33,0,NA,0,0,NA,0,LW,D,extinct,1-Feb-24,2024,2,1,#DIV/0!,#DIV/0!,NA,NA,NA,NA,Allospecific Null,STH0,16,0,15,35,0,50,50,T,H,1,1,1,24,64,1,25,0,0,5,S,0,0,2.5
2143,B12,1612212,ST,10:34,169,NA,47,86,NA,45,LW,D,,1-Feb-24,2024,2,1,0.278106509,0.523255814,NA,NA,NA,NA,Allospecific Null,STH0,16,255,64,47,0,111,111,T,H,1,1,1,12,52,1,74,128,46,5,S,92,174,2.5
2144,B25,1612225,ST,10:35,0,NA,0,0,NA,0,LW,D,extinct,1-Feb-24,2024,2,1,#DIV/0!,#DIV/0!,NA,NA,NA,NA,Allospecific Null,STH0,16,0,12,12,0,24,24,T,H,1,1,1,25,65,1,9,0,0,5,S,0,0,2.5
2145,B40,1612240,ST,10:36,60,NA,30,116,NA,39,LW,D,,1-Feb-24,2024,2,1,0.5,0.336206897,NA,NA,NA,NA,Allospecific Null,STH0,16,176,20,53,145,73,218,T,H,1,1,1,40,80,1,145,38,77,5,S,69,115,2.5
2146,B39,1612239,ST,10:37,465,NA,220,234,NA,82,LW,D,,1-Feb-24,2024,2,1,0.47311828,0.35042735,NA,NA,NA,NA,Allospecific Null,STH0,16,699,44,91,0,135,135,T,H,1,1,1,39,79,1,76,255,152,5,S,302,407,2.5
2147,B29,1612229,ST,10:38,0,NA,0,0,NA,0,LW,D,extinct,1-Feb-24,2024,2,1,#DIV/0!,#DIV/0!,NA,NA,NA,NA,Allospecific Null,STH0,16,0,0,0,0,0,0,T,H,1,1,1,29,69,1,0,0,0,5,S,0,0,2.5
2148,B32,1612232,ST,10:40,5,NA,1,2,NA,0,LW,D,,1-Feb-24,2024,2,1,0.2,0,NA,NA,NA,NA,Allospecific Null,STH0,16,7,7,11,38,18,56,T,H,1,1,1,32,72,1,38,4,2,5,S,1,6,2.5
2149,B23,1612223,ST,10:42,24,NA,21,128,NA,16,LW,D,,1-Feb-24,2024,2,1,0.875,0.125,NA,NA,NA,NA,Allospecific Null,STH0,16,152,141,116,32,257,289,T,H,1,1,1,23,63,1,32,6,112,5,S,37,118,2.5
2150,B20,1612220,ST,10:44,46,NA,24,23,NA,45,LW,D,,1-Feb-24,2024,2,1,0.52173913,1.956521739,NA,NA,NA,NA,Allospecific Null,STH0,16,69,12,45,20,57,77,T,H,1,1,1,20,60,1,20,17,22,5,S,69,39,2.5
2151,B02,1612202,ST,10:46,0,NA,0,0,NA,0,LW,D,extinct,1-Feb-24,2024,2,1,#DIV/0!,#DIV/0!,NA,NA,NA,NA,Allospecific Control,STHC,16,0,0,0,8,0,8,T,H,0,1,1,02,42,1,8,0,0,5,S,0,0,2.5
2152,B34,1612234,ST,10:48,24,NA,0,7,NA,3,LW,D,,1-Feb-24,2024,2,1,0,0.428571429,NA,NA,NA,NA,Allospecific Control,STHC,16,31,4,6,0,10,10,T,H,0,1,1,34,74,1,0,21,4,5,S,3,25,2.5
2153,B15,1612215,ST,10:50,0,NA,0,0,NA,0,LW,D,extinct,1-Feb-24,2024,2,1,#DIV/0!,#DIV/0!,NA,NA,NA,NA,Allospecific Control,STHC,16,0,0,0,0,0,0,T,H,0,1,1,15,55,1,0,0,0,5,S,0,0,2.5
2154,B27,1612227,ST,10:52,0,NA,0,0,NA,0,LW,D,extinct,1-Feb-24,2024,2,1,#DIV/0!,#DIV/0!,NA,NA,NA,NA,Allospecific Control,STHC,16,0,3,9,0,12,12,T,H,0,1,1,27,67,1,3,0,0,5,S,0,0,2.5
2155,B04,1612204,ST,10:54,5,NA,0,11,NA,1,LW,D,,1-Feb-24,2024,2,1,0,0.090909091,NA,NA,NA,NA,Allospecific Control,STHC,16,16,0,1,0,1,1,T,H,0,1,1,04,44,1,1,0,10,5,S,1,10,2.5
2156,B03,1612203,ST,10:56,0,NA,0,0,NA,0,LW,D,extinct,1-Feb-24,2024,2,1,#DIV/0!,#DIV/0!,NA,NA,NA,NA,Allospecific Control,STHC,16,0,2,1,3,3,6,T,H,0,1,1,03,43,1,3,0,0,5,S,0,0,2.5
2157,B06,1612206,ST,10:58,0,NA,0,0,NA,0,LW,D,extinct,1-Feb-24,2024,2,1,#DIV/0!,#DIV/0!,NA,NA,NA,NA,Allospecific Control,STHC,16,0,0,0,0,0,0,T,H,0,1,1,06,46,1,0,0,0,5,S,0,0,2.5
2158,B35,1612235,ST,11:00,0,NA,0,0,NA,0,LW,D,extinct,1-Feb-24,2024,2,1,#DIV/0!,#DIV/0!,NA,NA,NA,NA,Allospecific Control,STHC,16,0,1,1,0,2,2,T,H,0,1,1,35,75,1,1,0,0,5,S,0,0,2.5
2159,B05,1612205,ST,11:02,0,NA,0,0,NA,0,LW,D,extinct,1-Feb-24,2024,2,1,#DIV/0!,#DIV/0!,NA,NA,NA,NA,Allospecific Control,STHC,16,0,0,2,0,2,2,T,H,0,1,1,05,45,1,2,0,0,5,S,0,0,2.5
2160,B11,1612211,ST,11:04,35,NA,0,35,NA,30,LW,D,,1-Feb-24,2024,2,1,0,0.857142857,NA,NA,NA,NA,Allospecific Control,STHC,16,70,2,4,0,6,6,T,H,0,1,1,11,51,1,4,23,5,5,S,30,28,2.5
2161,C38,1612338,MH,11:06,28,NA,16,7,NA,0,LW,D,,1-Feb-24,2024,2,1,0.571428571,0,NA,NA,NA,NA,Conspecific Null,MHH0,16,35,4,6,179,10,189,H,H,1,0,2,38,118,1,179,16,7,5,M,16,23,2.5
2162,C20,1612320,MH,11:08,69,NA,24,46,NA,36,LW,D,,1-Feb-24,2024,2,1,0.347826087,0.782608696,NA,NA,NA,NA,Conspecific Null,MHH0,16,115,44,32,8,76,84,H,H,1,0,2,20,100,1,8,48,10,5,M,60,58,2.5
2163,C26,1612326,MH,11:10,0,NA,0,0,NA,0,LW,D,extinct,1-Feb-24,2024,2,1,#DIV/0!,#DIV/0!,NA,NA,NA,NA,Conspecific Null,MHH0,16,0,1,1,1,2,3,H,H,1,0,2,26,106,1,1,0,0,5,M,0,0,2.5
2164,C16,1612316,MH,11:12,45,NA,29,14,NA,15,LW,D,,1-Feb-24,2024,2,1,0.644444444,1.071428571,NA,NA,NA,NA,Conspecific Null,MHH0,16,59,43,35,139,78,217,H,H,1,0,2,16,96,1,139,26,1,5,M,44,27,2.5
2165,C32,1612332,MH,11:14,22,NA,14,10,NA,20,LW,D,,1-Feb-24,2024,2,1,0.636363636,2,NA,NA,NA,NA,Conspecific Null,MHH0,16,32,3,10,93,13,106,H,H,1,0,2,32,112,1,93,13,10,5,M,34,23,2.5
2166,C12,1612312,MH,11:16,445,NA,177,279,NA,51,LW,D,,1-Feb-24,2024,2,1,0.397752809,0.182795699,NA,NA,NA,NA,Conspecific Null,MHH0,16,724,15,59,452,74,526,H,H,1,0,2,12,92,1,452,314,228,5,M,228,542,2.5
2167,C18,1612318,MH,11:18,2,NA,1,4,NA,2,2,2,,1-Feb-24,2024,2,1,0.5,0.5,NA,NA,NA,NA,Conspecific Null,MHH0,16,6,10,20,277,30,307,H,H,1,0,2,18,98,1,277,1,2,5,M,3,3,2.5
2168,C08,1612308,MH,11:20,2,NA,0,7,NA,0,LW,D,,1-Feb-24,2024,2,1,0,0,NA,NA,NA,NA,Conspecific Null,MHH0,16,9,5,2,18,7,25,H,H,1,0,2,08,88,1,18,2,7,5,M,0,9,2.5
2169,C15,1612315,MH,11:22,0,NA,0,0,NA,0,LW,D,extinct,1-Feb-24,2024,2,1,#DIV/0!,#DIV/0!,NA,NA,NA,NA,Conspecific Null,MHH0,16,0,0,0,0,0,0,H,H,1,0,2,15,95,1,0,0,0,5,M,0,0,2.5
2170,C21,1612321,MH,11:24,343,NA,71,111,NA,25,LW,D,,1-Feb-24,2024,2,1,0.206997085,0.225225225,NA,NA,NA,NA,Conspecific Null,MHH0,16,454,95,128,148,223,371,H,H,1,0,2,21,101,1,148,287,86,5,M,96,373,2.5
2171,C29,1612329,MH,11:26,0,NA,0,3,NA,2,LW,D,,1-Feb-24,2024,2,1,#DIV/0!,0.666666667,NA,NA,NA,NA,Conspecific Control,MHHC,16,3,2,3,43,5,48,H,H,0,0,2,29,109,1,43,0,1,5,M,2,1,2.5
2172,C22,1612322,MH,11:28,157,NA,0,72,NA,27,LW,D,,1-Feb-24,2024,2,1,0,0.375,NA,NA,NA,NA,Conspecific Control,MHHC,16,229,1,2,75,3,78,H,H,0,0,2,22,102,1,75,124,45,5,M,27,169,2.5
2173,C09,1612309,MH,11:30,0,NA,0,0,NA,0,LW,D,extinct,1-Feb-24,2024,2,1,#DIV/0!,#DIV/0!,NA,NA,NA,NA,Conspecific Control,MHHC,16,0,0,0,10,0,10,H,H,0,0,2,09,89,1,10,0,0,5,M,0,0,2.5
2174,C13,1612313,MH,11:32,11,NA,0,11,NA,4,LW,D,,1-Feb-24,2024,2,1,0,0.363636364,NA,NA,NA,NA,Conspecific Control,MHHC,16,22,4,3,66,7,73,H,H,0,0,2,13,93,1,66,9,7,5,M,4,16,2.5
2175,C03,1612303,MH,11:34,0,NA,0,0,NA,0,LW,D,extinct,1-Feb-24,2024,2,1,#DIV/0!,#DIV/0!,NA,NA,NA,NA,Conspecific Control,MHHC,16,0,0,0,0,0,0,H,H,0,0,2,03,83,1,0,0,0,5,M,0,0,2.5
2176,C14,1612314,MH,11:36,0,NA,0,0,NA,0,LW,D,extinct,1-Feb-24,2024,2,1,#DIV/0!,#DIV/0!,NA,NA,NA,NA,Conspecific Control,MHHC,16,0,0,0,0,0,0,H,H,0,0,2,14,94,1,0,0,0,5,M,0,0,2.5
2177,C37,1612337,MH,11:38,0,NA,0,0,NA,0,LW,D,extinct,1-Feb-24,2024,2,1,#DIV/0!,#DIV/0!,NA,NA,NA,NA,Conspecific Control,MHHC,16,0,0,0,7,0,7,H,H,0,0,2,37,117,1,7,0,0,5,M,0,0,2.5
2178,C25,1612325,MH,11:40,0,NA,0,0,NA,0,LW,D,extinct,1-Feb-24,2024,2,1,#DIV/0!,#DIV/0!,NA,NA,NA,NA,Conspecific Control,MHHC,16,0,0,1,2,1,3,H,H,0,0,2,25,105,1,2,0,0,5,M,0,0,2.5
2179,C05,1612305,MH,11:42,5,NA,0,8,NA,0,LW,D,,1-Feb-24,2024,2,1,0,0,NA,NA,NA,NA,Conspecific Control,MHHC,16,13,5,11,0,16,16,H,H,0,0,2,05,85,1,0,5,8,5,M,0,13,2.5
2180,C31,1612331,MH,11:44,4,NA,0,3,NA,0,LW,D,,1-Feb-24,2024,2,1,0,0,NA,NA,NA,NA,Conspecific Control,MHHC,16,7,2,3,10,5,15,H,H,0,0,2,31,111,1,10,4,3,5,M,0,7,2.5
2181,C24,1612324,MH,11:46,4,NA,1,6,NA,2,LW,D,,1-Feb-24,2024,2,1,0.25,0.333333333,NA,NA,NA,NA,Allospecific Null,MHT0,16,10,8,26,0,34,34,H,T,1,1,2,24,104,1,10,3,4,5,M,3,7,2.5
2182,C23,1612323,MH,11:48,7,NA,3,0,NA,0,LW,D,extinct,1-Feb-24,2024,2,1,0.428571429,#DIV/0!,NA,NA,NA,NA,Allospecific Null,MHT0,16,7,111,86,0,197,197,H,T,1,1,2,23,103,1,99,4,0,5,M,3,4,2.5
2183,C04,1612304,MH,11:50,0,NA,0,0,NA,0,LW,D,extinct,1-Feb-24,2024,2,1,#DIV/0!,#DIV/0!,NA,NA,NA,NA,Allospecific Null,MHT0,16,0,7,3,0,10,10,H,T,1,1,2,04,84,1,7,0,0,5,M,0,0,2.5
2184,C01,1612301,MH,11:52,0,NA,0,0,NA,0,LW,D,extinct,1-Feb-24,2024,2,1,#DIV/0!,#DIV/0!,NA,NA,NA,NA,Allospecific Null,MHT0,16,0,0,0,8,0,8,H,T,1,1,2,01,81,1,8,0,0,5,M,0,0,2.5
2185,C35,1612335,MH,11:54,60,NA,20,79,NA,14,LW,D,,1-Feb-24,2024,2,1,0.333333333,0.17721519,NA,NA,NA,NA,Allospecific Null,MHT0,16,139,10,24,45,34,79,H,T,1,1,2,35,115,1,45,41,65,5,M,34,106,2.5
2186,C27,1612327,MH,11:56,0,NA,0,0,NA,0,LW,D,extinct,1-Feb-24,2024,2,1,#DIV/0!,#DIV/0!,NA,NA,NA,NA,Allospecific Null,MHT0,16,0,0,0,4,0,4,H,T,1,1,2,27,107,1,4,0,0,5,M,0,0,2.5
2187,C19,1612319,MH,11:58,45,NA,16,13,NA,9,LW,D,,1-Feb-24,2024,2,1,0.355555556,0.692307692,NA,NA,NA,NA,Allospecific Null,MHT0,16,58,6,14,9,20,29,H,T,1,1,2,19,99,1,9,29,4,5,M,25,33,2.5
2188,C06,1612306,MH,12:00,100,NA,57,43,NA,18,LW,D,,1-Feb-24,2024,2,1,0.57,0.418604651,NA,NA,NA,NA,Allospecific Null,MHT0,16,143,78,124,0,202,202,H,T,1,1,2,06,86,1,103,47,25,5,M,75,72,2.5
2189,C17,1612317,MH,12:02,74,NA,46,15,NA,15,LW,D,,1-Feb-24,2024,2,1,0.621621622,1,NA,NA,NA,NA,Allospecific Null,MHT0,16,89,56,153,87,209,296,H,T,1,1,2,17,97,1,87,41,0,5,M,61,41,2.5
2190,C11,1612311,MH,12:04,20,NA,10,32,NA,20,LW,D,,1-Feb-24,2024,2,1,0.5,0.625,NA,NA,NA,NA,Allospecific Null,MHT0,16,52,28,24,0,52,52,H,T,1,1,2,11,91,1,0,11,12,5,M,30,23,2.5
2191,C36,1612336,MH,12:06,0,NA,0,0,NA,0,LW,D,extinct,1-Feb-24,2024,2,1,#DIV/0!,#DIV/0!,NA,NA,NA,NA,Allospecific Control,MHTC,16,0,16,12,0,28,28,H,T,0,1,2,36,116,1,17,0,0,5,M,0,0,2.5
2192,C28,1612328,MH,12:08,0,NA,0,0,NA,0,LW,D,extinct,1-Feb-24,2024,2,1,#DIV/0!,#DIV/0!,NA,NA,NA,NA,Allospecific Control,MHTC,16,0,0,0,5,0,5,H,T,0,1,2,28,108,1,5,0,0,5,M,0,0,2.5
2193,C34,1612334,MH,12:10,0,NA,0,0,NA,0,LW,D,extinct,1-Feb-24,2024,2,1,#DIV/0!,#DIV/0!,NA,NA,NA,NA,Allospecific Control,MHTC,16,0,4,5,7,9,16,H,T,0,1,2,34,114,1,7,0,0,5,M,0,0,2.5
2194,C40,1612340,MH,12:12,0,NA,0,0,NA,0,LW,D,extinct,1-Feb-24,2024,2,1,#DIV/0!,#DIV/0!,NA,NA,NA,NA,Allospecific Control,MHTC,16,0,0,0,0,0,0,H,T,0,1,2,40,120,1,0,0,0,5,M,0,0,2.5
2195,C07,1612307,MH,12:14,0,NA,0,0,NA,0,LW,D,extinct,1-Feb-24,2024,2,1,#DIV/0!,#DIV/0!,NA,NA,NA,NA,Allospecific Control,MHTC,16,0,0,0,10,0,10,H,T,0,1,2,07,87,1,10,0,0,5,M,0,0,2.5
2196,C33,1612333,MH,12:16,0,NA,0,0,NA,0,LW,D,extinct,1-Feb-24,2024,2,1,#DIV/0!,#DIV/0!,NA,NA,NA,NA,Allospecific Control,MHTC,16,0,3,4,0,7,7,H,T,0,1,2,33,113,1,7,0,0,5,M,0,0,2.5
2197,C02,1612302,MH,12:18,0,NA,0,0,NA,0,LW,D,extinct,1-Feb-24,2024,2,1,#DIV/0!,#DIV/0!,NA,NA,NA,NA,Allospecific Control,MHTC,16,0,0,0,0,0,0,H,T,0,1,2,02,82,1,0,0,0,5,M,0,0,2.5
2198,C10,1612310,MH,12:20,0,NA,0,0,NA,0,LW,D,extinct,1-Feb-24,2024,2,1,#DIV/0!,#DIV/0!,NA,NA,NA,NA,Allospecific Control,MHTC,16,0,1,1,2,2,4,H,T,0,1,2,10,90,1,2,0,0,5,M,0,0,2.5
2199,C39,1612339,MH,12:22,0,NA,0,0,NA,0,LW,D,extinct,1-Feb-24,2024,2,1,#DIV/0!,#DIV/0!,NA,NA,NA,NA,Allospecific Control,MHTC,16,0,1,1,6,2,8,H,T,0,1,2,39,119,1,6,0,0,5,M,0,0,2.5
2200,C30,1612330,MH,12:24,3,NA,0,2,NA,2,LW,D,,1-Feb-24,2024,2,1,0,1,NA,NA,NA,NA,Allospecific Control,MHTC,16,5,6,13,0,19,19,H,T,0,1,2,30,110,1,11,1,0,5,M,2,1,2.5
2201,D01,1612401,MT,12:26,177,NA,40,197,NA,39,LW,D,,1-Feb-24,2024,2,1,0.225988701,0.197969543,NA,NA,NA,NA,Conspecific Null,MTT0,16,374,29,17,302,46,348,T,T,1,0,3,01,121,1,213,145,166,5,M,79,311,2.5
2202,D29,1612429,MT,12:28,78,NA,14,51,NA,13,LW,D,,1-Feb-24,2024,2,1,0.179487179,0.254901961,NA,NA,NA,NA,Conspecific Null,MTT0,16,129,8,3,73,11,84,T,T,1,0,3,29,149,1,59,64,41,5,M,27,105,2.5
2203,D02,1612402,MT,12:30,0,NA,0,0,NA,0,LW,D,extinct,1-Feb-24,2024,2,1,#DIV/0!,#DIV/0!,NA,NA,NA,NA,Conspecific Null,MTT0,16,0,0,0,0,0,0,T,T,1,0,3,02,122,1,0,0,0,5,M,0,0,2.5
2204,D05,1612405,MT,12:32,48,NA,2,36,NA,0,LW,D,,1-Feb-24,2024,2,1,0.041666667,0,NA,NA,NA,NA,Conspecific Null,MTT0,16,84,2,2,176,4,180,T,T,1,0,3,05,125,1,129,46,36,5,M,2,82,2.5
2205,D12,1612412,MT,12:34,116,NA,0,46,NA,15,LW,D,,1-Feb-24,2024,2,1,0,0.326086957,NA,NA,NA,NA,Conspecific Null,MTT0,16,162,4,5,263,9,272,T,T,1,0,3,12,132,1,257,116,34,5,M,15,150,2.5
2206,D32,1612432,MT,12:36,15,NA,11,26,NA,3,LW,D,,1-Feb-24,2024,2,1,0.733333333,0.115384615,NA,NA,NA,NA,Conspecific Null,MTT0,16,41,1,1,10,2,12,T,T,1,0,3,32,152,1,9,5,24,5,M,14,29,2.5
2207,D40,1612440,MT,12:38,0,NA,0,0,NA,0,LW,D,extinct,1-Feb-24,2024,2,1,#DIV/0!,#DIV/0!,NA,NA,NA,NA,Conspecific Null,MTT0,16,0,0,0,5,0,5,T,T,1,0,3,40,160,1,4,0,0,5,M,0,0,2.5
2208,D21,1612421,MT,12:40,198,NA,50,269,NA,66,LW,D,,1-Feb-24,2024,2,1,0.252525253,0.24535316,NA,NA,NA,NA,Conspecific Null,MTT0,16,467,44,26,102,70,172,T,T,1,0,3,21,141,1,74,138,210,5,M,116,348,2.5
2209,D08,1612408,MT,12:42,22,NA,7,48,NA,6,LW,D,,1-Feb-24,2024,2,1,0.318181818,0.125,NA,NA,NA,NA,Conspecific Null,MTT0,16,70,11,43,82,54,136,T,T,1,0,3,08,128,1,63,16,43,5,M,13,59,2.5
2210,D24,1612424,MT,12:44,139,NA,27,71,NA,16,LW,D,,1-Feb-24,2024,2,1,0.194244604,0.225352113,NA,NA,NA,NA,Conspecific Null,MTT0,16,210,7,15,22,22,44,T,T,1,0,3,24,144,1,21,124,56,5,M,43,180,2.5
2211,D20,1612420,MT,12:46,0,NA,0,0,NA,0,LW,D,extinct,1-Feb-24,2024,2,1,#DIV/0!,#DIV/0!,NA,NA,NA,NA,Conspecific Control,MTTC,16,0,1,1,28,2,30,T,T,0,0,3,20,140,1,18,0,0,5,M,0,0,2.5
2212,D39,1612439,MT,12:48,30,NA,0,23,NA,0,LW,D,,1-Feb-24,2024,2,1,0,0,NA,NA,NA,NA,Conspecific Control,MTTC,16,53,6,12,39,18,57,T,T,0,0,3,39,159,1,25,25,16,5,M,0,41,2.5
2213,D14,1612414,MT,12:50,0,NA,0,0,NA,0,LW,D,extinct,1-Feb-24,2024,2,1,#DIV/0!,#DIV/0!,NA,NA,NA,NA,Conspecific Control,MTTC,16,0,0,0,12,0,12,T,T,0,0,3,14,134,1,9,0,0,5,M,0,0,2.5
2214,D11,1612411,MT,12:52,0,NA,0,0,NA,0,LW,D,extinct,1-Feb-24,2024,2,1,#DIV/0!,#DIV/0!,NA,NA,NA,NA,Conspecific Control,MTTC,16,0,3,3,5,6,11,T,T,0,0,3,11,131,1,2,0,0,5,M,0,0,2.5
2215,D03,1612403,MT,12:54,0,NA,0,0,NA,0,LW,D,extinct,1-Feb-24,2024,2,1,#DIV/0!,#DIV/0!,NA,NA,NA,NA,Conspecific Control,MTTC,16,0,0,0,0,0,0,T,T,0,0,3,03,123,1,0,0,0,5,M,0,0,2.5
2216,D25,1612425,MT,12:56,120,NA,0,84,NA,0,LW,D,,1-Feb-24,2024,2,1,0,0,NA,NA,NA,NA,Conspecific Control,MTTC,16,204,37,26,46,63,109,T,T,0,0,3,25,145,1,48,84,64,5,M,0,148,2.5
2217,D09,1612409,MT,12:58,37,NA,0,8,NA,0,LW,D,,1-Feb-24,2024,2,1,0,0,NA,NA,NA,NA,Conspecific Control,MTTC,16,45,2,9,103,11,114,T,T,0,0,3,09,129,1,68,18,4,5,M,0,22,2.5
2218,D26,1612426,MT,13:00,33,NA,0,10,NA,0,LW,D,,1-Feb-24,2024,2,1,0,0,NA,NA,NA,NA,Conspecific Control,MTTC,16,43,20,14,182,34,216,T,T,0,0,3,26,146,1,82,25,1,5,M,0,26,2.5
2219,D34,1612434,MT,13:02,14,NA,0,21,NA,0,LW,D,,1-Feb-24,2024,2,1,0,0,NA,NA,NA,NA,Conspecific Control,MTTC,16,35,5,4,58,9,67,T,T,0,0,3,34,154,1,59,10,19,5,M,0,29,2.5
2220,D06,1612406,MT,13:04,0,NA,0,0,NA,0,LW,D,extinct,1-Feb-24,2024,2,1,#DIV/0!,#DIV/0!,NA,NA,NA,NA,Conspecific Control,MTTC,16,0,0,0,0,0,0,T,T,0,0,3,06,126,1,0,0,0,5,M,0,0,2.5
2221,D31,1612431,MT,14:05,5,NA,0,0,NA,0,LW,D,,1-Feb-24,2024,2,1,0,#DIV/0!,NA,NA,NA,NA,Allospecific Null,MTH0,16,5,13,10,144,23,167,T,H,1,1,3,31,151,1,144,5,0,5,M,0,5,2.5
2222,D36,1612436,MT,14:08,0,NA,0,0,NA,0,LW,D,extinct,1-Feb-24,2024,2,1,#DIV/0!,#DIV/0!,NA,NA,NA,NA,Allospecific Null,MTH0,16,0,1,1,3,2,5,T,H,1,1,3,36,156,1,3,0,0,5,M,0,0,2.5
2223,D15,1612415,MT,14:11,149,NA,34,112,NA,24,LW,D,,1-Feb-24,2024,2,1,0.228187919,0.214285714,NA,NA,NA,NA,Allospecific Null,MTH0,16,261,28,54,725,82,807,T,H,1,1,3,15,135,1,725,116,98,5,M,58,214,2.5
2224,D35,1612435,MT,14:14,0,NA,0,0,NA,0,LW,D,,1-Feb-24,2024,2,1,#DIV/0!,#DIV/0!,NA,NA,NA,NA,Allospecific Null,MTH0,16,0,48,23,770,71,841,T,H,1,1,3,35,155,1,770,0,0,5,M,0,0,2.5
2225,D13,1612413,MT,14:17,0,NA,0,0,NA,0,LW,D,extinct,1-Feb-24,2024,2,1,#DIV/0!,#DIV/0!,NA,NA,NA,NA,Allospecific Null,MTH0,16,0,2,1,0,3,3,T,H,1,1,3,13,133,1,2,0,0,5,M,0,0,2.5
2226,D23,1612423,MT,14:20,52,NA,43,104,NA,49,LW,D,,1-Feb-24,2024,2,1,0.826923077,0.471153846,NA,NA,NA,NA,Allospecific Null,MTH0,16,156,8,79,251,87,338,T,H,1,1,3,23,143,1,251,21,58,5,M,92,79,2.5
2227,D19,1612419,MT,14:23,0,NA,0,0,NA,0,LW,D,extinct,1-Feb-24,2024,2,1,#DIV/0!,#DIV/0!,NA,NA,NA,NA,Allospecific Null,MTH0,16,0,1,2,6,3,9,T,H,1,1,3,19,139,1,6,0,0,5,M,0,0,2.5
2228,D30,1612430,MT,14:26,8,NA,3,0,NA,0,LW,D,,1-Feb-24,2024,2,1,0.375,#DIV/0!,NA,NA,NA,NA,Allospecific Null,MTH0,16,8,7,6,123,13,136,T,H,1,1,3,30,150,1,123,6,0,5,M,3,6,2.5
2229,D18,1612418,MT,14:29,80,NA,15,144,NA,31,LW,D,,1-Feb-24,2024,2,1,0.1875,0.215277778,NA,NA,NA,NA,Allospecific Null,MTH0,16,224,7,10,307,17,324,T,H,1,1,3,18,138,1,307,68,113,5,M,46,181,2.5
2230,D04,1612404,MT,14:32,0,NA,0,0,NA,0,LW,D,extinct,1-Feb-24,2024,2,1,#DIV/0!,#DIV/0!,NA,NA,NA,NA,Allospecific Null,MTH0,16,0,1,2,1,3,4,T,H,1,1,3,04,124,1,1,0,0,5,M,0,0,2.5
2231,D27,1612427,MT,14:35,4,NA,0,9,NA,0,LW,D,,1-Feb-24,2024,2,1,0,0,NA,NA,NA,NA,Allospecific Control,MTHC,16,13,4,4,10,8,18,T,H,0,1,3,27,147,1,10,4,9,5,M,0,13,2.5
2232,D33,1612433,MT,14:38,53,NA,0,19,NA,0,LW,D,,1-Feb-24,2024,2,1,0,0,NA,NA,NA,NA,Allospecific Control,MTHC,16,72,8,6,8,14,22,T,H,0,1,3,33,153,1,8,49,15,5,M,0,64,2.5
2233,D28,1612428,MT,14:41,1,NA,0,1,NA,0,LW,D,,1-Feb-24,2024,2,1,0,0,NA,NA,NA,NA,Allospecific Control,MTHC,16,2,2,2,4,4,8,T,H,0,1,3,28,148,1,4,1,1,5,M,0,2,2.5
2234,D38,1612438,MT,14:44,20,NA,0,14,NA,0,LW,D,,1-Feb-24,2024,2,1,0,0,NA,NA,NA,NA,Allospecific Control,MTHC,16,34,4,7,23,11,34,T,H,0,1,3,38,158,1,23,5,1,5,M,0,6,2.5
2235,D10,1612410,MT,14:47,0,NA,0,0,NA,0,LW,D,extinct,1-Feb-24,2024,2,1,#DIV/0!,#DIV/0!,NA,NA,NA,NA,Allospecific Control,MTHC,16,0,0,0,14,0,14,T,H,0,1,3,10,130,1,14,0,0,5,M,0,0,2.5
2236,D22,1612422,MT,14:50,0,NA,0,0,NA,0,LW,D,extinct,1-Feb-24,2024,2,1,#DIV/0!,#DIV/0!,NA,NA,NA,NA,Allospecific Control,MTHC,16,0,0,0,0,0,0,T,H,0,1,3,22,142,1,0,0,0,5,M,0,0,2.5
2237,D16,1612416,MT,14:53,0,NA,0,0,NA,0,LW,D,extinct,1-Feb-24,2024,2,1,#DIV/0!,#DIV/0!,NA,NA,NA,NA,Allospecific Control,MTHC,16,0,0,0,0,0,0,T,H,0,1,3,16,136,1,0,0,0,5,M,0,0,2.5
2238,D07,1612407,MT,14:56,8,NA,0,0,NA,0,LW,D,extinct,1-Feb-24,2024,2,1,0,#DIV/0!,NA,NA,NA,NA,Allospecific Control,MTHC,16,8,0,0,4,0,4,T,H,0,1,3,07,127,1,4,8,0,5,M,0,8,2.5
2239,D17,1612417,MT,14:59,22,NA,0,8,NA,0,LW,D,,1-Feb-24,2024,2,1,0,0,NA,NA,NA,NA,Allospecific Control,MTHC,16,30,10,8,52,18,70,T,H,0,1,3,17,137,1,52,22,6,5,M,0,28,2.5
2240,D37,1612437,MT,15:02,0,NA,0,0,NA,0,LW,D,extinct,1-Feb-24,2024,2,1,#DIV/0!,#DIV/0!,NA,NA,NA,NA,Allospecific Control,MTHC,16,0,1,1,0,2,2,T,H,0,1,3,37,157,1,2,0,0,5,M,0,0,2.5
2241,A01,1712101,SH,10:02,94,NA,26,34,NA,34,LW,D,,11-Feb-24,2024,2,11,0.276595745,1,NA,NA,NA,NA,Conspecific Null,SHH0,17,128,3,12,184,15,199,H,H,1,0,0,01,1,1,184,73,3,6,S,60,76,3
2242,A23,1712123,SH,10:04,277,NA,130,166,NA,80,LW,D,,11-Feb-24,2024,2,11,0.469314079,0.481927711,NA,NA,NA,NA,Conspecific Null,SHH0,17,443,46,60,830,106,936,H,H,1,0,0,23,23,1,830,161,101,6,S,210,262,3
2243,A30,1712130,SH,10:06,171,NA,20,159,NA,55,LW,D,,11-Feb-24,2024,2,11,0.116959064,0.34591195,NA,NA,NA,NA,Conspecific Null,SHH0,17,330,37,72,513,109,622,H,H,1,0,0,30,30,1,513,150,106,6,S,75,256,3
2244,A40,1712140,SH,10:08,8,NA,1,3,NA,2,LW,D,,11-Feb-24,2024,2,11,0.125,0.666666667,NA,NA,NA,NA,Conspecific Null,SHH0,17,11,32,37,60,69,129,H,H,1,0,0,40,40,1,60,7,2,6,S,3,9,3
2245,A13,1712113,SH,10:10,0,NA,0,0,NA,0,LW,D,extinct,11-Feb-24,2024,2,11,#DIV/0!,#DIV/0!,NA,NA,NA,NA,Conspecific Null,SHH0,17,0,35,66,24,101,125,H,H,1,0,0,13,13,1,24,0,0,6,S,0,0,3
2246,A22,1712122,SH,10:12,368,NA,60,427,NA,102,LW,D,,11-Feb-24,2024,2,11,0.163043478,0.238875878,NA,NA,NA,NA,Conspecific Null,SHH0,17,795,52,64,397,116,513,H,H,1,0,0,22,22,1,397,315,260,6,S,162,575,3
2247,A10,1712110,SH,10:14,0,NA,0,0,NA,0,LW,D,extinct,11-Feb-24,2024,2,11,#DIV/0!,#DIV/0!,NA,NA,NA,NA,Conspecific Null,SHH0,17,0,0,0,0,0,0,H,H,1,0,0,10,10,1,0,0,0,6,S,0,0,3
2248,A29,1712129,SH,10:16,424,NA,13,221,NA,27,LW,D,,11-Feb-24,2024,2,11,0.030660377,0.122171946,NA,NA,NA,NA,Conspecific Null,SHH0,17,645,21,41,843,62,905,H,H,1,0,0,29,29,1,843,414,198,6,S,40,612,3
2249,A08,1712108,SH,10:18,60,NA,37,58,NA,33,LW,D,,11-Feb-24,2024,2,11,0.616666667,0.568965517,NA,NA,NA,NA,Conspecific Null,SHH0,17,118,16,33,161,49,210,H,H,1,0,0,08,8,1,161,33,24,6,S,70,57,3
2250,A12,1712112,SH,10:20,0,NA,0,0,NA,0,LW,D,extinct,11-Feb-24,2024,2,11,#DIV/0!,#DIV/0!,NA,NA,NA,NA,Conspecific Null,SHH0,17,0,0,0,0,0,0,H,H,1,0,0,12,12,1,0,0,0,6,S,0,0,3
2251,A28,1712128,SH,10:22,56,NA,0,24,NA,0,LW,D,,11-Feb-24,2024,2,11,0,0,NA,NA,NA,NA,Conspecific Control,SHHC,17,80,11,28,157,39,196,H,H,0,0,0,28,28,1,157,42,16,6,S,0,58,3
2252,A03,1712103,SH,10:24,189,NA,0,80,NA,0,LW,D,,11-Feb-24,2024,2,11,0,0,NA,NA,NA,NA,Allospecific Control,SHTC,17,269,27,31,203,58,261,H,T,0,1,0,03,3,1,203,123,66,6,S,0,189,3
2253,A02,1712102,SH,10:26,0,NA,0,0,NA,0,LW,D,extinct,11-Feb-24,2024,2,11,#DIV/0!,#DIV/0!,NA,NA,NA,NA,Conspecific Control,SHHC,17,0,0,0,0,0,0,H,H,0,0,0,02,2,1,0,0,0,6,S,0,0,3
2254,A07,1712107,SH,10:28,12,NA,0,6,NA,0,LW,D,,11-Feb-24,2024,2,11,0,0,NA,NA,NA,NA,Conspecific Control,SHHC,17,18,4,5,3,9,12,H,H,0,0,0,07,7,1,3,6,3,6,S,0,9,3
2255,A11,1712111,SH,10:30,0,NA,0,0,NA,0,LW,D,extinct,11-Feb-24,2024,2,11,#DIV/0!,#DIV/0!,NA,NA,NA,NA,Conspecific Control,SHHC,17,0,0,0,0,0,0,H,H,0,0,0,11,11,1,0,0,0,6,S,0,0,3
2256,A18,1712118,SH,10:32,0,NA,0,0,NA,0,LW,D,extinct,11-Feb-24,2024,2,11,#DIV/0!,#DIV/0!,NA,NA,NA,NA,Conspecific Control,SHHC,17,0,0,0,0,0,0,H,H,0,0,0,18,18,1,0,0,0,6,S,0,0,3
2257,A34,1712134,SH,10:34,11,NA,0,5,NA,0,LW,D,,11-Feb-24,2024,2,11,0,0,NA,NA,NA,NA,Conspecific Control,SHHC,17,16,1,3,27,4,31,H,H,0,0,0,34,34,1,27,7,5,6,S,0,12,3
2258,A33,1712133,SH,10:36,39,NA,0,25,NA,0,LW,D,,11-Feb-24,2024,2,11,0,0,NA,NA,NA,NA,Conspecific Control,SHHC,17,64,35,42,14,77,91,H,H,0,0,0,33,33,1,14,29,18,6,S,0,47,3
2259,A21,1712121,SH,10:38,0,NA,0,0,NA,0,LW,D,extinct,11-Feb-24,2024,2,11,#DIV/0!,#DIV/0!,NA,NA,NA,NA,Conspecific Control,SHHC,17,0,0,0,0,0,0,H,H,0,0,0,21,21,1,0,0,0,6,S,0,0,3
2260,A17,1712117,SH,10:40,60,NA,0,52,NA,0,LW,D,,11-Feb-24,2024,2,11,0,0,NA,NA,NA,NA,Conspecific Control,SHHC,17,112,8,11,91,19,110,H,H,0,0,0,17,17,1,91,28,17,6,S,0,45,3
2261,A24,1712124,SH,10:42,185,NA,46,153,NA,18,LW,D,,11-Feb-24,2024,2,11,0.248648649,0.117647059,NA,NA,NA,NA,Allospecific Null,SHT0,17,338,14,23,514,37,551,H,T,1,1,0,24,24,1,514,148,137,6,S,64,285,3
2262,A15,1712115,SH,10:44,0,NA,0,0,NA,0,LW,D,extinct,11-Feb-24,2024,2,11,#DIV/0!,#DIV/0!,NA,NA,NA,NA,Allospecific Null,SHT0,17,0,0,0,0,0,0,H,T,1,1,0,15,15,1,0,0,0,6,S,0,0,3
2263,A04,1712104,SH,10:46,59,NA,6,42,NA,5,LW,D,,11-Feb-24,2024,2,11,0.101694915,0.119047619,NA,NA,NA,NA,Allospecific Null,SHT0,17,101,23,36,164,59,223,H,T,1,1,0,04,4,1,164,54,38,6,S,11,92,3
2264,A32,1712132,SH,10:48,0,NA,0,0,NA,0,LW,D,extinct,11-Feb-24,2024,2,11,#DIV/0!,#DIV/0!,NA,NA,NA,NA,Allospecific Null,SHT0,17,0,37,46,0,83,83,H,T,1,1,0,32,32,1,43,0,0,6,S,0,0,3
2265,A36,1712136,SH,10:50,21,NA,9,23,NA,2,LW,D,,11-Feb-24,2024,2,11,0.428571429,0.086956522,NA,NA,NA,NA,Allospecific Null,SHT0,17,44,16,16,45,32,77,H,T,1,1,0,36,36,1,45,13,20,6,S,11,33,3
2266,A31,1712131,SH,10:52,6,NA,0,5,NA,0,LW,D,extinct,11-Feb-24,2024,2,11,0,0,NA,NA,NA,NA,Allospecific Null,SHT0,17,11,0,0,12,0,12,H,T,1,1,0,31,31,1,12,6,5,6,S,0,11,3
2267,A05,1712105,SH,10:54,9,NA,0,3,NA,0,LW,D,,11-Feb-24,2024,2,11,0,0,NA,NA,NA,NA,Allospecific Null,SHT0,17,12,55,74,0,129,129,H,T,1,1,0,05,5,1,16,9,3,6,S,0,12,3
2268,A39,1712139,SH,10:56,47,NA,1,21,NA,5,LW,D,,11-Feb-24,2024,2,11,0.021276596,0.238095238,NA,NA,NA,NA,Allospecific Null,SHT0,17,68,10,14,80,24,104,H,T,1,1,0,39,39,1,80,46,17,6,S,6,63,3
2269,A19,1712119,SH,10:58,0,NA,0,0,NA,0,LW,D,extinct,11-Feb-24,2024,2,11,#DIV/0!,#DIV/0!,NA,NA,NA,NA,Allospecific Null,SHT0,17,0,0,0,0,0,0,H,T,1,1,0,19,19,1,0,0,0,6,S,0,0,3
2270,A27,1712127,SH,11:00,79,NA,19,17,NA,4,LW,D,,11-Feb-24,2024,2,11,0.240506329,0.235294118,NA,NA,NA,NA,Allospecific Null,SHT0,17,96,7,11,135,18,153,H,T,1,1,0,27,27,1,135,63,14,6,S,23,77,3
2271,A09,1712109,SH,11:02,0,NA,0,0,NA,0,LW,D,extinct,11-Feb-24,2024,2,11,#DIV/0!,#DIV/0!,NA,NA,NA,NA,Allospecific Control,SHTC,17,0,0,0,0,0,0,H,T,0,1,0,09,9,1,0,0,0,6,S,0,0,3
2272,A38,1712138,SH,11:04,0,NA,0,0,NA,0,LW,D,extinct,11-Feb-24,2024,2,11,#DIV/0!,#DIV/0!,NA,NA,NA,NA,Allospecific Control,SHTC,17,0,2,4,5,6,11,H,T,0,1,0,38,38,1,5,0,0,6,S,0,0,3
2273,A25,1712125,SH,11:06,67,NA,0,79,NA,0,LW,D,,11-Feb-24,2024,2,11,0,0,NA,NA,NA,NA,Allospecific Control,SHTC,17,146,31,42,268,73,341,H,T,0,1,0,25,25,1,268,60,62,6,S,0,122,3
2274,A14,1712114,SH,11:08,0,NA,0,0,NA,0,LW,D,extinct,11-Feb-24,2024,2,11,#DIV/0!,#DIV/0!,NA,NA,NA,NA,Allospecific Control,SHTC,17,0,0,0,0,0,0,H,T,0,1,0,14,14,1,0,0,0,6,S,0,0,3
2275,A26,1712126,SH,11:10,0,NA,0,0,NA,0,LW,D,extinct,11-Feb-24,2024,2,11,#DIV/0!,#DIV/0!,NA,NA,NA,NA,Conspecific Control,SHHC,17,0,0,0,0,0,0,H,H,0,0,0,26,26,1,0,0,0,6,S,0,0,3
2276,A37,1712137,SH,11:12,0,NA,0,0,NA,0,LW,D,extinct,11-Feb-24,2024,2,11,#DIV/0!,#DIV/0!,NA,NA,NA,NA,Allospecific Control,SHTC,17,0,0,0,0,0,0,H,T,0,1,0,37,37,1,0,0,0,6,S,0,0,3
2277,A20,1712120,SH,11:14,0,NA,0,0,NA,0,LW,D,extinct,11-Feb-24,2024,2,11,#DIV/0!,#DIV/0!,NA,NA,NA,NA,Allospecific Control,SHTC,17,0,4,0,0,4,4,H,T,0,1,0,20,20,1,0,0,0,6,S,0,0,3
2278,A06,1712106,SH,11:16,0,NA,0,0,NA,0,LW,D,extinct,11-Feb-24,2024,2,11,#DIV/0!,#DIV/0!,NA,NA,NA,NA,Allospecific Control,SHTC,17,0,0,0,0,0,0,H,T,0,1,0,06,6,1,0,0,0,6,S,0,0,3
2279,A16,1712116,SH,11:18,51,NA,0,78,NA,0,LW,D,,11-Feb-24,2024,2,11,0,0,NA,NA,NA,NA,Allospecific Control,SHTC,17,129,14,20,193,34,227,H,T,0,1,0,16,16,1,193,43,66,6,S,0,109,3
2280,A35,1712135,SH,11:20,0,NA,0,0,NA,0,LW,D,extinct,11-Feb-24,2024,2,11,#DIV/0!,#DIV/0!,NA,NA,NA,NA,Allospecific Control,SHTC,17,0,0,0,0,0,0,H,T,0,1,0,35,35,1,0,0,0,6,S,0,0,3
2281,B01,1712201,ST,11:22,13,NA,4,4,NA,2,LW,D,,11-Feb-24,2024,2,11,0.307692308,0.5,NA,NA,NA,NA,Conspecific Null,STT0,17,17,16,13,34,29,63,T,T,1,0,1,01,41,1,30,10,2,6,S,6,12,3
2282,B31,1712231,ST,11:24,18,NA,8,37,NA,6,LW,D,,11-Feb-24,2024,2,11,0.444444444,0.162162162,NA,NA,NA,NA,Conspecific Null,STT0,17,55,39,92,233,131,364,T,T,1,0,1,31,71,1,104,11,31,6,S,14,42,3
2283,B09,1712209,ST,11:26,78,NA,14,40,NA,14,LW,D,,11-Feb-24,2024,2,11,0.179487179,0.35,NA,NA,NA,NA,Conspecific Null,STT0,17,118,36,41,227,77,304,T,T,1,0,1,09,49,1,148,67,29,6,S,28,96,3
2284,B26,1712226,ST,11:28,191,NA,60,84,NA,26,LW,D,,11-Feb-24,2024,2,11,0.314136126,0.30952381,NA,NA,NA,NA,Conspecific Null,STT0,17,275,47,49,981,96,1077,T,T,1,0,1,26,66,1,1008,153,57,6,S,86,210,3
2285,B13,1712213,ST,11:30,0,NA,0,0,NA,0,LW,D,extinct,11-Feb-24,2024,2,11,#DIV/0!,#DIV/0!,NA,NA,NA,NA,Conspecific Null,STT0,17,0,4,21,0,25,25,T,T,1,0,1,13,53,1,17,0,0,6,S,0,0,3
2286,B16,1712216,ST,11:32,145,NA,12,95,NA,52,LW,D,,11-Feb-24,2024,2,11,0.082758621,0.547368421,NA,NA,NA,NA,Conspecific Null,STT0,17,240,7,11,194,18,212,T,T,1,0,1,16,56,1,123,130,51,6,S,64,181,3
2287,B14,1712214,ST,11:34,20,NA,5,14,NA,10,LW,D,,11-Feb-24,2024,2,11,0.25,0.714285714,NA,NA,NA,NA,Conspecific Null,STT0,17,34,5,4,53,9,62,T,T,1,0,1,14,54,1,44,16,6,6,S,15,22,3
2288,B18,1712218,ST,11:36,163,NA,68,192,NA,68,LW,D,,11-Feb-24,2024,2,11,0.417177914,0.354166667,NA,NA,NA,NA,Conspecific Null,STT0,17,355,4,3,506,7,513,T,T,1,0,1,18,58,1,301,107,150,6,S,136,257,3
2289,B37,1712237,ST,11:38,169,NA,65,261,NA,74,LW,D,,11-Feb-24,2024,2,11,0.384615385,0.283524904,NA,NA,NA,NA,Conspecific Null,STT0,17,430,24,29,191,53,244,T,T,1,0,1,37,77,1,129,114,197,6,S,139,311,3
2290,B30,1712230,ST,11:40,1,NA,0,1,NA,0,LW,D,,11-Feb-24,2024,2,11,0,0,NA,NA,NA,NA,Conspecific Null,STT0,17,2,23,57,856,80,936,T,T,1,0,1,30,70,1,670,1,1,6,S,0,2,3
2291,B38,1712238,ST,11:42,10,NA,0,17,NA,0,LW,D,extinct,11-Feb-24,2024,2,11,0,0,NA,NA,NA,NA,Conspecific Control,STTC,17,27,0,0,16,0,16,T,T,0,0,1,38,78,1,18,10,17,6,S,0,27,3
2292,B33,1712233,ST,11:44,0,NA,0,0,NA,0,LW,D,extinct,11-Feb-24,2024,2,11,#DIV/0!,#DIV/0!,NA,NA,NA,NA,Conspecific Control,STTC,17,0,0,0,0,0,0,T,T,0,0,1,33,73,1,0,0,0,6,S,0,0,3
2293,B19,1712219,ST,11:46,0,NA,0,0,NA,0,LW,D,extinct,11-Feb-24,2024,2,11,#DIV/0!,#DIV/0!,NA,NA,NA,NA,Conspecific Control,STTC,17,0,0,0,0,0,0,T,T,0,0,1,19,59,1,0,0,0,6,S,0,0,3
2294,B36,1712236,ST,11:48,0,NA,0,0,NA,0,LW,D,extinct,11-Feb-24,2024,2,11,#DIV/0!,#DIV/0!,NA,NA,NA,NA,Conspecific Control,STTC,17,0,0,0,0,0,0,T,T,0,0,1,36,76,1,0,0,0,6,S,0,0,3
2295,B10,1712210,ST,11:50,0,NA,0,0,NA,0,LW,D,extinct,11-Feb-24,2024,2,11,#DIV/0!,#DIV/0!,NA,NA,NA,NA,Conspecific Control,STTC,17,0,0,0,0,0,0,T,T,0,0,1,10,50,1,0,0,0,6,S,0,0,3
2296,B07,1712207,ST,11:52,113,NA,0,4,NA,0,LW,D,,11-Feb-24,2024,2,11,0,0,NA,NA,NA,NA,Conspecific Control,STTC,17,117,2,2,82,4,86,T,T,0,0,1,07,47,1,110,96,3,6,S,0,99,3
2297,B08,1712208,ST,11:54,21,NA,0,14,NA,0,LW,D,,11-Feb-24,2024,2,11,0,0,NA,NA,NA,NA,Conspecific Control,STTC,17,35,2,3,63,5,68,T,T,0,0,1,08,48,1,56,1,12,6,S,0,13,3
2298,B22,1712222,ST,11:56,60,NA,0,131,NA,0,LW,D,,11-Feb-24,2024,2,11,0,0,NA,NA,NA,NA,Conspecific Control,STTC,17,191,0,1,410,1,411,T,T,0,0,1,22,62,1,351,44,61,6,S,0,105,3
2299,B21,1712221,ST,11:58,0,NA,0,0,NA,0,LW,D,extinct,11-Feb-24,2024,2,11,#DIV/0!,#DIV/0!,NA,NA,NA,NA,Conspecific Control,STTC,17,0,0,0,0,0,0,T,T,0,0,1,21,61,1,0,0,0,6,S,0,0,3
2300,B17,1712217,ST,12:00,12,NA,0,14,NA,0,LW,D,,11-Feb-24,2024,2,11,0,0,NA,NA,NA,NA,Conspecific Control,STTC,17,26,2,2,32,4,36,T,T,0,0,1,17,57,1,31,2,3,6,S,0,5,3
2301,B28,1712228,ST,12:02,25,NA,1,26,NA,7,LW,D,,11-Feb-24,2024,2,11,0.04,0.269230769,NA,NA,NA,NA,Allospecific Null,STH0,17,51,16,27,55,43,98,T,H,1,1,1,28,68,1,55,24,22,6,S,8,46,3
2302,B24,1712224,ST,12:04,0,NA,0,0,NA,0,LW,D,extinct,11-Feb-24,2024,2,11,#DIV/0!,#DIV/0!,NA,NA,NA,NA,Allospecific Null,STH0,17,0,1,0,1,1,2,T,H,1,1,1,24,64,1,1,0,0,6,S,0,0,3
2303,B12,1712212,ST,12:06,199,NA,73,118,NA,38,LW,D,,11-Feb-24,2024,2,11,0.366834171,0.322033898,NA,NA,NA,NA,Allospecific Null,STH0,17,317,69,28,474,97,571,T,H,1,1,1,12,52,1,474,144,68,6,S,111,212,3
2304,B25,1712225,ST,12:08,0,NA,0,0,NA,0,LW,D,extinct,11-Feb-24,2024,2,11,#DIV/0!,#DIV/0!,NA,NA,NA,NA,Allospecific Null,STH0,17,0,3,1,0,4,4,T,H,1,1,1,25,65,1,1,0,0,6,S,0,0,3
2305,B40,1712240,ST,12:10,81,NA,43,126,NA,65,LW,D,,11-Feb-24,2024,2,11,0.530864198,0.515873016,NA,NA,NA,NA,Allospecific Null,STH0,17,207,28,39,106,67,173,T,H,1,1,1,40,80,1,106,49,81,6,S,108,130,3
2306,B39,1712239,ST,12:12,206,NA,167,206,NA,132,LW,D,,11-Feb-24,2024,2,11,0.810679612,0.640776699,NA,NA,NA,NA,Allospecific Null,STH0,17,412,37,65,371,102,473,T,H,1,1,1,39,79,1,371,83,119,6,S,299,202,3
2307,B29,1712229,ST,12:14,0,NA,0,0,NA,0,LW,D,extinct,11-Feb-24,2024,2,11,#DIV/0!,#DIV/0!,NA,NA,NA,NA,Allospecific Null,STH0,17,0,0,0,0,0,0,T,H,1,1,1,29,69,1,0,0,0,6,S,0,0,3
2308,B32,1712232,ST,12:16,14,NA,2,20,NA,0,LW,D,,11-Feb-24,2024,2,11,0.142857143,0,NA,NA,NA,NA,Allospecific Null,STH0,17,34,10,13,47,23,70,T,H,1,1,1,32,72,1,47,12,20,6,S,2,32,3
2309,B23,1712223,ST,12:18,22,NA,21,2,NA,0,LW,D,,11-Feb-24,2024,2,11,0.954545455,0,NA,NA,NA,NA,Allospecific Null,STH0,17,24,149,127,0,276,276,T,H,1,1,1,23,63,1,152,6,2,6,S,21,8,3
2310,B20,1712220,ST,12:20,28,NA,15,31,NA,89,LW,D,,11-Feb-24,2024,2,11,0.535714286,2.870967742,NA,NA,NA,NA,Allospecific Null,STH0,17,59,14,48,84,62,146,T,H,1,1,1,20,60,1,84,13,28,6,S,104,41,3
2311,B02,1712202,ST,12:22,0,NA,0,0,NA,0,LW,D,extinct,11-Feb-24,2024,2,11,#DIV/0!,#DIV/0!,NA,NA,NA,NA,Allospecific Control,STHC,17,0,0,0,0,0,0,T,H,0,1,1,02,42,1,0,0,0,6,S,0,0,3
2312,B34,1712234,ST,12:24,10,NA,0,7,NA,0,LW,D,,11-Feb-24,2024,2,11,0,0,NA,NA,NA,NA,Allospecific Control,STHC,17,17,3,16,0,19,19,T,H,0,1,1,34,74,1,18,8,4,6,S,0,12,3
2313,B15,1712215,ST,12:26,0,NA,0,0,NA,0,LW,D,extinct,11-Feb-24,2024,2,11,#DIV/0!,#DIV/0!,NA,NA,NA,NA,Allospecific Control,STHC,17,0,0,0,0,0,0,T,H,0,1,1,15,55,1,0,0,0,6,S,0,0,3
2314,B27,1712227,ST,12:28,0,NA,0,0,NA,0,LW,D,extinct,11-Feb-24,2024,2,11,#DIV/0!,#DIV/0!,NA,NA,NA,NA,Allospecific Control,STHC,17,0,0,0,0,0,0,T,H,0,1,1,27,67,1,0,0,0,6,S,0,0,3
2315,B04,1712204,ST,12:30,4,NA,0,3,NA,0,LW,D,,11-Feb-24,2024,2,11,0,0,NA,NA,NA,NA,Allospecific Control,STHC,17,7,1,2,9,3,12,T,H,0,1,1,04,44,1,9,0,3,6,S,0,3,3
2316,B03,1712203,ST,12:32,0,NA,0,0,NA,0,LW,D,extinct,11-Feb-24,2024,2,11,#DIV/0!,#DIV/0!,NA,NA,NA,NA,Allospecific Control,STHC,17,0,3,1,0,4,4,T,H,0,1,1,03,43,1,4,0,0,6,S,0,0,3
2317,B06,1712206,ST,12:34,0,NA,0,0,NA,0,LW,D,extinct,11-Feb-24,2024,2,11,#DIV/0!,#DIV/0!,NA,NA,NA,NA,Allospecific Control,STHC,17,0,0,0,0,0,0,T,H,0,1,1,06,46,1,0,0,0,6,S,0,0,3
2318,B35,1712235,ST,12:36,0,NA,0,0,NA,0,LW,D,extinct,11-Feb-24,2024,2,11,#DIV/0!,#DIV/0!,NA,NA,NA,NA,Allospecific Control,STHC,17,0,0,0,0,0,0,T,H,0,1,1,35,75,1,0,0,0,6,S,0,0,3
2319,B05,1712205,ST,12:38,4,NA,0,3,NA,0,LW,D,extinct,11-Feb-24,2024,2,11,0,0,NA,NA,NA,NA,Allospecific Control,STHC,17,7,0,0,0,0,0,T,H,0,1,1,05,45,1,0,4,3,6,S,0,7,3
2320,B11,1712211,ST,12:40,59,NA,0,11,NA,0,LW,D,,11-Feb-24,2024,2,11,0,0,NA,NA,NA,NA,Allospecific Control,STHC,17,70,2,0,105,2,107,T,H,0,1,1,11,51,1,105,42,1,6,S,0,43,3
2321,C38,1712338,MH,12:42,127,NA,56,30,NA,0,LW,D,,11-Feb-24,2024,2,11,0.440944882,0,NA,NA,NA,NA,Conspecific Null,MHH0,17,157,2,8,152,10,162,H,H,1,0,2,38,118,1,152,68,30,6,M,56,98,3
2322,C20,1712320,MH,12:44,0,NA,0,0,NA,0,LW,D,,11-Feb-24,2024,2,11,#DIV/0!,#DIV/0!,NA,NA,NA,NA,Conspecific Null,MHH0,17,0,30,30,0,60,60,H,H,1,0,2,20,100,1,21,0,0,6,M,0,0,3
2323,C26,1712326,MH,12:46,0,NA,0,0,NA,0,LW,D,extinct,11-Feb-24,2024,2,11,#DIV/0!,#DIV/0!,NA,NA,NA,NA,Conspecific Null,MHH0,17,0,1,1,0,2,2,H,H,1,0,2,26,106,1,2,0,0,6,M,0,0,3
2324,C16,1712316,MH,12:48,80,NA,32,78,NA,80,LW,D,,11-Feb-24,2024,2,11,0.4,1.025641026,NA,NA,NA,NA,Conspecific Null,MHH0,17,158,33,32,329,65,394,H,H,1,0,2,16,96,1,329,53,1,6,M,112,54,3
2325,C32,1712332,MH,12:50,127,NA,102,82,NA,205,LW,D,,11-Feb-24,2024,2,11,0.803149606,2.5,NA,NA,NA,NA,Conspecific Null,MHH0,17,209,3,7,311,10,321,H,H,1,0,2,32,112,1,311,61,112,6,M,307,173,3
2326,C12,1712312,MH,12:52,335,NA,143,151,NA,28,LW,D,,11-Feb-24,2024,2,11,0.426865672,0.185430464,NA,NA,NA,NA,Conspecific Null,MHH0,17,486,20,41,200,61,261,H,H,1,0,2,12,92,1,200,216,127,6,M,171,343,3
2327,C18,1712318,MH,12:54,55,NA,37,33,NA,19,LW,D,,11-Feb-24,2024,2,11,0.672727273,0.575757576,NA,NA,NA,NA,Conspecific Null,MHH0,17,88,11,26,145,37,182,H,H,1,0,2,18,98,1,145,28,18,6,M,56,46,3
2328,C08,1712308,MH,12:56,0,NA,0,0,NA,0,LW,D,extinct,11-Feb-24,2024,2,11,#DIV/0!,#DIV/0!,NA,NA,NA,NA,Conspecific Null,MHH0,17,0,4,2,3,6,9,H,H,1,0,2,08,88,1,3,0,0,6,M,0,0,3
2329,C15,1712315,MH,12:58,0,NA,0,0,NA,0,LW,D,extinct,11-Feb-24,2024,2,11,#DIV/0!,#DIV/0!,NA,NA,NA,NA,Conspecific Null,MHH0,17,0,0,0,0,0,0,H,H,1,0,2,15,95,1,0,0,0,6,M,0,0,3
2330,C21,1712321,MH,13:00,663,NA,116,125,NA,52,LW,D,,11-Feb-24,2024,2,11,0.174962293,0.416,NA,NA,NA,NA,Conspecific Null,MHH0,17,788,37,59,1032,96,1128,H,H,1,0,2,21,101,1,1032,568,96,6,M,168,664,3
2331,C29,1712329,MH,13:02,5,NA,0,2,NA,0,LW,D,,11-Feb-24,2024,2,11,0,0,NA,NA,NA,NA,Conspecific Control,MHHC,17,7,2,2,27,4,31,H,H,0,0,2,29,109,1,27,5,1,6,M,0,6,3
2332,C22,1712322,MH,14:00,6,NA,0,3,NA,0,LW,D,,11-Feb-24,2024,2,11,0,0,NA,NA,NA,NA,Conspecific Control,MHHC,17,9,1,2,20,3,23,H,H,0,0,2,22,102,1,20,5,2,6,M,0,7,3
2333,C09,1712309,MH,14:02,0,NA,0,0,NA,0,LW,D,extinct,11-Feb-24,2024,2,11,#DIV/0!,#DIV/0!,NA,NA,NA,NA,Conspecific Control,MHHC,17,0,0,0,0,0,0,H,H,0,0,2,09,89,1,0,0,0,6,M,0,0,3
2334,C13,1712313,MH,14:03,5,NA,0,5,NA,0,LW,D,,11-Feb-24,2024,2,11,0,0,NA,NA,NA,NA,Conspecific Control,MHHC,17,10,5,3,17,8,25,H,H,0,0,2,13,93,1,17,4,3,6,M,0,7,3
2335,C03,1712303,MH,14:04,0,NA,0,0,NA,0,LW,D,extinct,11-Feb-24,2024,2,11,#DIV/0!,#DIV/0!,NA,NA,NA,NA,Conspecific Control,MHHC,17,0,0,0,0,0,0,H,H,0,0,2,03,83,1,0,0,0,6,M,0,0,3
2336,C14,1712314,MH,14:05,0,NA,0,0,NA,0,LW,D,extinct,11-Feb-24,2024,2,11,#DIV/0!,#DIV/0!,NA,NA,NA,NA,Conspecific Control,MHHC,17,0,0,0,0,0,0,H,H,0,0,2,14,94,1,0,0,0,6,M,0,0,3
2337,C37,1712337,MH,14:06,0,NA,0,0,NA,0,LW,D,extinct,11-Feb-24,2024,2,11,#DIV/0!,#DIV/0!,NA,NA,NA,NA,Conspecific Control,MHHC,17,0,0,0,0,0,0,H,H,0,0,2,37,117,1,0,0,0,6,M,0,0,3
2338,C25,1712325,MH,14:07,0,NA,0,0,NA,0,LW,D,extinct,11-Feb-24,2024,2,11,#DIV/0!,#DIV/0!,NA,NA,NA,NA,Conspecific Control,MHHC,17,0,0,1,1,1,2,H,H,0,0,2,25,105,1,1,0,0,6,M,0,0,3
2339,C05,1712305,MH,14:08,11,NA,0,10,NA,0,LW,D,,11-Feb-24,2024,2,11,0,0,NA,NA,NA,NA,Conspecific Control,MHHC,17,21,6,12,16,18,34,H,H,0,0,2,05,85,1,16,11,10,6,M,0,21,3
2340,C31,1712331,MH,14:09,14,NA,0,5,NA,0,LW,D,,11-Feb-24,2024,2,11,0,0,NA,NA,NA,NA,Conspecific Control,MHHC,17,19,3,3,49,6,55,H,H,0,0,2,31,111,1,49,14,5,6,M,0,19,3
2341,C24,1712324,MH,14:10,11,NA,3,17,NA,5,LW,D,,11-Feb-24,2024,2,11,0.272727273,0.294117647,NA,NA,NA,NA,Allospecific Null,MHT0,17,28,26,33,80,59,139,H,T,1,1,2,24,104,1,80,8,11,6,M,8,19,3
2342,C23,1712323,MH,14:11,0,NA,0,0,NA,0,LW,D,extinct,11-Feb-24,2024,2,11,#DIV/0!,#DIV/0!,NA,NA,NA,NA,Allospecific Null,MHT0,17,0,75,85,0,160,160,H,T,1,1,2,23,103,1,76,0,0,6,M,0,0,3
2343,C04,1712304,MH,14:12,0,NA,0,0,NA,0,LW,D,extinct,11-Feb-24,2024,2,11,#DIV/0!,#DIV/0!,NA,NA,NA,NA,Allospecific Null,MHT0,17,0,5,3,0,8,8,H,T,1,1,2,04,84,1,4,0,0,6,M,0,0,3
2344,C01,1712301,MH,14:13,0,NA,0,0,NA,0,LW,D,extinct,11-Feb-24,2024,2,11,#DIV/0!,#DIV/0!,NA,NA,NA,NA,Allospecific Null,MHT0,17,0,0,0,0,0,0,H,T,1,1,2,01,81,1,0,0,0,6,M,0,0,3
2345,C35,1712335,MH,14:14,98,NA,46,44,NA,10,LW,D,,11-Feb-24,2024,2,11,0.469387755,0.227272727,NA,NA,NA,NA,Allospecific Null,MHT0,17,142,23,31,239,54,293,H,T,1,1,2,35,115,1,239,61,38,6,M,56,99,3
2346,C27,1712327,MH,14:15,0,NA,0,0,NA,0,LW,D,extinct,11-Feb-24,2024,2,11,#DIV/0!,#DIV/0!,NA,NA,NA,NA,Allospecific Null,MHT0,17,0,0,0,0,0,0,H,T,1,1,2,27,107,1,0,0,0,6,M,0,0,3
2347,C19,1712319,MH,14:16,0,NA,0,0,NA,0,LW,D,,11-Feb-24,2024,2,11,#DIV/0!,#DIV/0!,NA,NA,NA,NA,Allospecific Null,MHT0,17,0,7,13,7,20,27,H,T,1,1,2,19,99,1,7,0,0,6,M,0,0,3
2348,C06,1712306,MH,14:17,67,NA,15,15,NA,10,LW,D,,11-Feb-24,2024,2,11,0.223880597,0.666666667,NA,NA,NA,NA,Allospecific Null,MHT0,17,82,86,136,26,222,248,H,T,1,1,2,06,86,1,26,47,8,6,M,25,55,3
2349,C17,1712317,MH,14:18,0,NA,0,0,NA,0,LW,D,extinct,11-Feb-24,2024,2,11,#DIV/0!,#DIV/0!,NA,NA,NA,NA,Allospecific Null,MHT0,17,0,52,159,0,211,211,H,T,1,1,2,17,97,1,3,0,0,6,M,0,0,3
2350,C11,1712311,MH,14:19,45,NA,18,20,NA,21,LW,D,,11-Feb-24,2024,2,11,0.4,1.05,NA,NA,NA,NA,Allospecific Null,MHT0,17,65,24,16,103,40,143,H,T,1,1,2,11,91,1,103,23,6,6,M,39,29,3
2351,C36,1712336,MH,14:20,0,NA,0,0,NA,0,LW,D,extinct,11-Feb-24,2024,2,11,#DIV/0!,#DIV/0!,NA,NA,NA,NA,Allospecific Control,MHTC,17,0,1,2,0,3,3,H,T,0,1,2,36,116,1,3,0,0,6,M,0,0,3
2352,C28,1712328,MH,14:21,0,NA,0,0,NA,0,LW,D,extinct,11-Feb-24,2024,2,11,#DIV/0!,#DIV/0!,NA,NA,NA,NA,Allospecific Control,MHTC,17,0,0,0,0,0,0,H,T,0,1,2,28,108,1,0,0,0,6,M,0,0,3
2353,C34,1712334,MH,14:22,0,NA,0,0,NA,0,LW,D,extinct,11-Feb-24,2024,2,11,#DIV/0!,#DIV/0!,NA,NA,NA,NA,Allospecific Control,MHTC,17,0,4,6,14,10,24,H,T,0,1,2,34,114,1,14,0,0,6,M,0,0,3
2354,C40,1712340,MH,14:23,0,NA,0,0,NA,0,LW,D,extinct,11-Feb-24,2024,2,11,#DIV/0!,#DIV/0!,NA,NA,NA,NA,Allospecific Control,MHTC,17,0,0,0,0,0,0,H,T,0,1,2,40,120,1,0,0,0,6,M,0,0,3
2355,C07,1712307,MH,14:24,0,NA,0,0,NA,0,LW,D,extinct,11-Feb-24,2024,2,11,#DIV/0!,#DIV/0!,NA,NA,NA,NA,Allospecific Control,MHTC,17,0,0,0,0,0,0,H,T,0,1,2,07,87,1,0,0,0,6,M,0,0,3
2356,C33,1712333,MH,14:25,0,NA,0,0,NA,0,LW,D,extinct,11-Feb-24,2024,2,11,#DIV/0!,#DIV/0!,NA,NA,NA,NA,Allospecific Control,MHTC,17,0,0,0,0,0,0,H,T,0,1,2,33,113,1,0,0,0,6,M,0,0,3
2357,C02,1712302,MH,14:26,0,NA,0,0,NA,0,LW,D,extinct,11-Feb-24,2024,2,11,#DIV/0!,#DIV/0!,NA,NA,NA,NA,Allospecific Control,MHTC,17,0,0,0,0,0,0,H,T,0,1,2,02,82,1,0,0,0,6,M,0,0,3
2358,C10,1712310,MH,14:27,0,NA,0,0,NA,0,LW,D,extinct,11-Feb-24,2024,2,11,#DIV/0!,#DIV/0!,NA,NA,NA,NA,Allospecific Control,MHTC,17,0,0,0,0,0,0,H,T,0,1,2,10,90,1,0,0,0,6,M,0,0,3
2359,C39,1712339,MH,14:28,0,NA,0,0,NA,0,LW,D,extinct,11-Feb-24,2024,2,11,#DIV/0!,#DIV/0!,NA,NA,NA,NA,Allospecific Control,MHTC,17,0,0,0,0,0,0,H,T,0,1,2,39,119,1,0,0,0,6,M,0,0,3
2360,C30,1712330,MH,14:29,11,NA,0,4,NA,0,LW,D,,11-Feb-24,2024,2,11,0,0,NA,NA,NA,NA,Allospecific Control,MHTC,17,15,5,9,26,14,40,H,T,0,1,2,30,110,1,26,4,0,6,M,0,4,3
2361,D01,1712401,MT,14:30,165,NA,29,179,NA,27,LW,D,,11-Feb-24,2024,2,11,0.175757576,0.150837989,NA,NA,NA,NA,Conspecific Null,MTT0,17,344,29,12,239,41,280,T,T,1,0,3,01,121,1,213,136,156,6,M,56,292,3
2362,D29,1712429,MT,14:31,186,NA,51,145,NA,48,LW,D,,11-Feb-24,2024,2,11,0.274193548,0.331034483,NA,NA,NA,NA,Conspecific Null,MTT0,17,331,6,2,263,8,271,T,T,1,0,3,29,149,1,218,145,111,6,M,99,256,3
2363,D02,1712402,MT,14:32,0,NA,0,0,NA,0,LW,D,extinct,11-Feb-24,2024,2,11,#DIV/0!,#DIV/0!,NA,NA,NA,NA,Conspecific Null,MTT0,17,0,0,0,0,0,0,T,T,1,0,3,02,122,1,0,0,0,6,M,0,0,3
2364,D05,1712405,MT,14:33,61,NA,2,49,NA,0,LW,D,,11-Feb-24,2024,2,11,0.032786885,0,NA,NA,NA,NA,Conspecific Null,MTT0,17,110,3,2,89,5,94,T,T,1,0,3,05,125,1,93,59,49,6,M,2,108,3
2365,D12,1712412,MT,14:34,164,NA,0,204,NA,73,LW,D,,11-Feb-24,2024,2,11,0,0.357843137,NA,NA,NA,NA,Conspecific Null,MTT0,17,368,4,5,136,9,145,T,T,1,0,3,12,132,1,118,164,150,6,M,73,314,3
2366,D32,1712432,MT,14:35,7,NA,4,8,NA,1,LW,D,,11-Feb-24,2024,2,11,0.571428571,0.125,NA,NA,NA,NA,Conspecific Null,MTT0,17,15,1,1,11,2,13,T,T,1,0,3,32,152,1,7,3,7,6,M,5,10,3
2367,D40,1712440,MT,14:36,0,NA,0,0,NA,0,LW,D,extinct,11-Feb-24,2024,2,11,#DIV/0!,#DIV/0!,NA,NA,NA,NA,Conspecific Null,MTT0,17,0,0,0,0,0,0,T,T,1,0,3,40,160,1,0,0,0,6,M,0,0,3
2368,D21,1712421,MT,14:37,143,NA,60,89,NA,27,LW,D,,11-Feb-24,2024,2,11,0.41958042,0.303370787,NA,NA,NA,NA,Conspecific Null,MTT0,17,232,50,24,245,74,319,T,T,1,0,3,21,141,1,306,103,69,6,M,87,172,3
2369,D08,1712408,MT,14:38,26,NA,8,25,NA,2,LW,D,,11-Feb-24,2024,2,11,0.307692308,0.08,NA,NA,NA,NA,Conspecific Null,MTT0,17,51,15,56,256,71,327,T,T,1,0,3,08,128,1,144,19,23,6,M,10,42,3
2370,D24,1712424,MT,14:39,216,NA,19,165,NA,26,LW,D,,11-Feb-24,2024,2,11,0.087962963,0.157575758,NA,NA,NA,NA,Conspecific Null,MTT0,17,381,6,20,1498,26,1524,T,T,1,0,3,24,144,1,1256,193,137,6,M,45,330,3
2371,D20,1712420,MT,14:40,0,NA,0,0,NA,0,LW,D,extinct,11-Feb-24,2024,2,11,#DIV/0!,#DIV/0!,NA,NA,NA,NA,Conspecific Control,MTTC,17,0,0,0,0,0,0,T,T,0,0,3,20,140,1,0,0,0,6,M,0,0,3
2372,D39,1712439,MT,14:41,64,NA,0,13,NA,0,LW,D,,11-Feb-24,2024,2,11,0,0,NA,NA,NA,NA,Conspecific Control,MTTC,17,77,4,12,188,16,204,T,T,0,0,3,39,159,1,132,57,9,6,M,0,66,3
2373,D14,1712414,MT,14:42,0,NA,0,0,NA,0,LW,D,extinct,11-Feb-24,2024,2,11,#DIV/0!,#DIV/0!,NA,NA,NA,NA,Conspecific Control,MTTC,17,0,0,0,0,0,0,T,T,0,0,3,14,134,1,0,0,0,6,M,0,0,3
2374,D11,1712411,MT,14:43,0,NA,0,0,NA,0,LW,D,extinct,11-Feb-24,2024,2,11,#DIV/0!,#DIV/0!,NA,NA,NA,NA,Conspecific Control,MTTC,17,0,1,0,0,1,1,T,T,0,0,3,11,131,1,1,0,0,6,M,0,0,3
2375,D03,1712403,MT,14:44,0,NA,0,0,NA,0,LW,D,extinct,11-Feb-24,2024,2,11,#DIV/0!,#DIV/0!,NA,NA,NA,NA,Conspecific Control,MTTC,17,0,0,0,0,0,0,T,T,0,0,3,03,123,1,0,0,0,6,M,0,0,3
2376,D25,1712425,MT,14:45,132,NA,0,201,NA,0,LW,D,,11-Feb-24,2024,2,11,0,0,NA,NA,NA,NA,Conspecific Control,MTTC,17,333,36,28,264,64,328,T,T,0,0,3,25,145,1,257,91,152,6,M,0,243,3
2377,D09,1712409,MT,14:46,8,NA,0,5,NA,0,LW,D,,11-Feb-24,2024,2,11,0,0,NA,NA,NA,NA,Conspecific Control,MTTC,17,13,2,13,8,15,23,T,T,0,0,3,09,129,1,10,4,3,6,M,0,7,3
2378,D26,1712426,MT,14:47,45,NA,0,40,NA,0,LW,D,,11-Feb-24,2024,2,11,0,0,NA,NA,NA,NA,Conspecific Control,MTTC,17,85,12,11,57,23,80,T,T,0,0,3,26,146,1,45,36,2,6,M,0,38,3
2379,D34,1712434,MT,14:48,34,NA,0,1,NA,0,LW,D,,11-Feb-24,2024,2,11,0,0,NA,NA,NA,NA,Conspecific Control,MTTC,17,35,5,4,30,9,39,T,T,0,0,3,34,154,1,27,26,1,6,M,0,27,3
2380,D06,1712406,MT,14:49,0,NA,0,0,NA,0,LW,D,extinct,11-Feb-24,2024,2,11,#DIV/0!,#DIV/0!,NA,NA,NA,NA,Conspecific Control,MTTC,17,0,0,0,0,0,0,T,T,0,0,3,06,126,1,0,0,0,6,M,0,0,3
2381,D31,1712431,MT,14:50,3,NA,0,3,NA,0,LW,D,,11-Feb-24,2024,2,11,0,0,NA,NA,NA,NA,Allospecific Null,MTH0,17,6,10,7,6,17,23,T,H,1,1,3,31,151,1,6,3,3,6,M,0,6,3
2382,D36,1712436,MT,14:51,0,NA,0,0,NA,0,LW,D,extinct,11-Feb-24,2024,2,11,#DIV/0!,#DIV/0!,NA,NA,NA,NA,Allospecific Null,MTH0,17,0,0,0,0,0,0,T,H,1,1,3,36,156,1,0,0,0,6,M,0,0,3
2383,D15,1712415,MT,14:52,318,NA,94,364,NA,55,LW,D,,11-Feb-24,2024,2,11,0.295597484,0.151098901,NA,NA,NA,NA,Allospecific Null,MTH0,17,682,30,59,1919,89,2008,T,H,1,1,3,15,135,1,1919,257,320,6,M,149,577,3
2384,D35,1712435,MT,14:53,2,NA,0,3,NA,0,LW,D,,11-Feb-24,2024,2,11,0,0,NA,NA,NA,NA,Allospecific Null,MTH0,17,5,50,22,276,72,348,T,H,1,1,3,35,155,1,276,2,3,6,M,0,5,3
2385,D13,1712413,MT,14:54,0,NA,0,0,NA,0,LW,D,extinct,11-Feb-24,2024,2,11,#DIV/0!,#DIV/0!,NA,NA,NA,NA,Allospecific Null,MTH0,17,0,0,0,0,0,0,T,H,1,1,3,13,133,1,0,0,0,6,M,0,0,3
2386,D23,1712423,MT,14:55,91,NA,53,37,NA,20,LW,D,,11-Feb-24,2024,2,11,0.582417582,0.540540541,NA,NA,NA,NA,Allospecific Null,MTH0,17,128,9,51,148,60,208,T,H,1,1,3,23,143,1,148,40,24,6,M,73,64,3
2387,D19,1712419,MT,14:56,0,NA,0,0,NA,0,LW,D,extinct,11-Feb-24,2024,2,11,#DIV/0!,#DIV/0!,NA,NA,NA,NA,Allospecific Null,MTH0,17,0,0,0,0,0,0,T,H,1,1,3,19,139,1,0,0,0,6,M,0,0,3
2388,D30,1712430,MT,14:57,6,NA,2,5,NA,0,LW,D,,11-Feb-24,2024,2,11,0.333333333,0,NA,NA,NA,NA,Allospecific Null,MTH0,17,11,4,7,11,11,22,T,H,1,1,3,30,150,1,11,4,5,6,M,2,9,3
2389,D18,1712418,MT,14:58,78,NA,12,72,NA,17,LW,D,,11-Feb-24,2024,2,11,0.153846154,0.236111111,NA,NA,NA,NA,Allospecific Null,MTH0,17,150,8,7,128,15,143,T,H,1,1,3,18,138,1,128,67,55,6,M,29,122,3
2390,D04,1712404,MT,14:59,0,NA,0,0,NA,0,LW,D,extinct,11-Feb-24,2024,2,11,#DIV/0!,#DIV/0!,NA,NA,NA,NA,Allospecific Null,MTH0,17,0,1,3,0,4,4,T,H,1,1,3,04,124,1,2,0,0,6,M,0,0,3
2391,D27,1712427,MT,15:00,0,NA,0,0,NA,0,LW,D,extinct,11-Feb-24,2024,2,11,#DIV/0!,#DIV/0!,NA,NA,NA,NA,Allospecific Control,MTHC,17,0,4,5,4,9,13,T,H,0,1,3,27,147,1,4,0,0,6,M,0,0,3
2392,D33,1712433,MT,15:01,74,NA,0,73,NA,0,LW,D,,11-Feb-24,2024,2,11,0,0,NA,NA,NA,NA,Allospecific Control,MTHC,17,147,8,4,275,12,287,T,H,0,1,3,33,153,1,275,69,57,6,M,0,126,3
2393,D28,1712428,MT,15:02,2,NA,0,2,NA,0,LW,D,,11-Feb-24,2024,2,11,0,0,NA,NA,NA,NA,Allospecific Control,MTHC,17,4,2,3,10,5,15,T,H,0,1,3,28,148,1,10,2,2,6,M,0,4,3
2394,D38,1712438,MT,15:03,20,NA,0,6,NA,0,LW,D,,11-Feb-24,2024,2,11,0,0,NA,NA,NA,NA,Allospecific Control,MTHC,17,26,5,5,27,10,37,T,H,0,1,3,38,158,1,27,3,0,6,M,0,3,3
2395,D10,1712410,MT,15:04,0,NA,0,0,NA,0,LW,D,extinct,11-Feb-24,2024,2,11,#DIV/0!,#DIV/0!,NA,NA,NA,NA,Allospecific Control,MTHC,17,0,0,0,0,0,0,T,H,0,1,3,10,130,1,0,0,0,6,M,0,0,3
2396,D22,1712422,MT,15:05,0,NA,0,0,NA,0,LW,D,extinct,11-Feb-24,2024,2,11,#DIV/0!,#DIV/0!,NA,NA,NA,NA,Allospecific Control,MTHC,17,0,0,0,0,0,0,T,H,0,1,3,22,142,1,0,0,0,6,M,0,0,3
2397,D16,1712416,MT,15:06,0,NA,0,0,NA,0,LW,D,extinct,11-Feb-24,2024,2,11,#DIV/0!,#DIV/0!,NA,NA,NA,NA,Allospecific Control,MTHC,17,0,0,0,0,0,0,T,H,0,1,3,16,136,1,0,0,0,6,M,0,0,3
2398,D07,1712407,MT,15:07,0,NA,0,0,NA,0,LW,D,extinct,11-Feb-24,2024,2,11,#DIV/0!,#DIV/0!,NA,NA,NA,NA,Allospecific Control,MTHC,17,0,0,0,0,0,0,T,H,0,1,3,07,127,1,0,0,0,6,M,0,0,3
2399,D17,1712417,MT,15:08,5,NA,0,3,NA,0,LW,D,,11-Feb-24,2024,2,11,0,0,NA,NA,NA,NA,Allospecific Control,MTHC,17,8,10,16,19,26,45,T,H,0,1,3,17,137,1,19,5,2,6,M,0,7,3
2400,D37,1712437,MT,15:09,0,NA,0,0,NA,0,LW,D,extinct,11-Feb-24,2024,2,11,#DIV/0!,#DIV/0!,NA,NA,NA,NA,Allospecific Control,MTHC,17,0,0,0,0,0,0,T,H,0,1,3,37,157,1,0,0,0,6,M,0,0,3
2401,A01,1812101,SH,09:01,71,NA,13,30,NA,34,LW,D,,21-Feb-24,2024,2,21,0.183098592,1.133333333,NA,NA,NA,NA,Conspecific Null,SHH0,18,101,3,12,143,15,158,H,H,1,0,0,01,1,1,143,59,7,7,S,47,66,3.5
2402,A23,1812123,SH,09:03,40,NA,29,27,NA,9,LW,D,,21-Feb-24,2024,2,21,0.725,0.333333333,NA,NA,NA,NA,Conspecific Null,SHH0,18,67,38,57,37,95,132,H,H,1,0,0,23,23,1,37,16,17,7,S,38,33,3.5
2403,A30,1812130,SH,09:05,152,NA,23,125,NA,51,LW,D,,21-Feb-24,2024,2,21,0.151315789,0.408,NA,NA,NA,NA,Conspecific Null,SHH0,18,277,39,65,268,104,372,H,H,1,0,0,30,30,1,268,130,81,7,S,74,211,3.5
2404,A40,1812140,SH,09:07,11,NA,1,4,NA,1,LW,D,,21-Feb-24,2024,2,21,0.090909091,0.25,NA,NA,NA,NA,Conspecific Null,SHH0,18,15,39,34,46,73,119,H,H,1,0,0,40,40,1,46,10,3,7,S,2,13,3.5
2405,A13,1812113,SH,09:09,0,NA,0,0,NA,0,LW,D,extinct,21-Feb-24,2024,2,21,#DIV/0!,#DIV/0!,NA,NA,NA,NA,Conspecific Null,SHH0,18,0,27,57,0,84,84,H,H,1,0,0,13,13,1,81,0,0,7,S,0,0,3.5
2406,A22,1812122,SH,09:11,569,NA,85,45,NA,13,LW,D,,21-Feb-24,2024,2,21,0.149384886,0.288888889,NA,NA,NA,NA,Conspecific Null,SHH0,18,614,46,75,787,121,908,H,H,1,0,0,22,22,1,787,486,30,7,S,98,516,3.5
2407,A10,1812110,SH,09:13,0,NA,0,0,NA,0,LW,D,extinct,21-Feb-24,2024,2,21,#DIV/0!,#DIV/0!,NA,NA,NA,NA,Conspecific Null,SHH0,18,0,0,0,0,0,0,H,H,1,0,0,10,10,1,0,0,0,7,S,0,0,3.5
2408,A29,1812129,SH,09:15,2,NA,0,1,NA,0,LW,D,,21-Feb-24,2024,2,21,0,0,NA,NA,NA,NA,Conspecific Null,SHH0,18,3,25,34,0,59,59,H,H,1,0,0,29,29,1,3,2,1,7,S,0,3,3.5
2409,A08,1812108,SH,09:17,183,NA,79,363,NA,196,LW,D,,21-Feb-24,2024,2,21,0.431693989,0.539944904,NA,NA,NA,NA,Conspecific Null,SHH0,18,546,17,31,1013,48,1061,H,H,1,0,0,08,8,1,1013,118,137,7,S,275,255,3.5
2410,A12,1812112,SH,09:19,0,NA,0,0,NA,0,LW,D,extinct,21-Feb-24,2024,2,21,#DIV/0!,#DIV/0!,NA,NA,NA,NA,Conspecific Null,SHH0,18,0,0,0,0,0,0,H,H,1,0,0,12,12,1,0,0,0,7,S,0,0,3.5
2411,A28,1812128,SH,09:21,18,NA,0,10,NA,0,LW,D,,21-Feb-24,2024,2,21,0,0,NA,NA,NA,NA,Conspecific Control,SHHC,18,28,10,35,89,45,134,H,H,0,0,0,28,28,1,89,13,7,7,S,0,20,3.5
2412,A03,1812103,SH,09:23,22,NA,0,30,NA,0,LW,D,,21-Feb-24,2024,2,21,0,0,NA,NA,NA,NA,Allospecific Control,SHTC,18,52,21,24,64,45,109,H,T,0,1,0,03,3,1,64,14,26,7,S,0,40,3.5
2413,A02,1812102,SH,09:25,0,NA,0,0,NA,0,LW,D,extinct,21-Feb-24,2024,2,21,#DIV/0!,#DIV/0!,NA,NA,NA,NA,Conspecific Control,SHHC,18,0,0,0,0,0,0,H,H,0,0,0,02,2,1,0,0,0,7,S,0,0,3.5
2414,A07,1812107,SH,09:27,10,NA,0,9,NA,0,LW,D,,21-Feb-24,2024,2,21,0,0,NA,NA,NA,NA,Conspecific Control,SHHC,18,19,4,4,17,8,25,H,H,0,0,0,07,7,1,17,5,5,7,S,0,10,3.5
2415,A11,1812111,SH,09:29,0,NA,0,0,NA,0,LW,D,extinct,21-Feb-24,2024,2,21,#DIV/0!,#DIV/0!,NA,NA,NA,NA,Conspecific Control,SHHC,18,0,0,0,0,0,0,H,H,0,0,0,11,11,1,0,0,0,7,S,0,0,3.5
2416,A18,1812118,SH,09:31,0,NA,0,0,NA,0,LW,D,extinct,21-Feb-24,2024,2,21,#DIV/0!,#DIV/0!,NA,NA,NA,NA,Conspecific Control,SHHC,18,0,0,0,0,0,0,H,H,0,0,0,18,18,1,0,0,0,7,S,0,0,3.5
2417,A34,1812134,SH,09:33,134,NA,0,67,NA,0,LW,D,,21-Feb-24,2024,2,21,0,0,NA,NA,NA,NA,Conspecific Control,SHHC,18,201,1,3,260,4,264,H,H,0,0,0,34,34,1,260,65,67,7,S,0,132,3.5
2418,A33,1812133,SH,09:35,35,NA,0,80,NA,0,LW,D,,21-Feb-24,2024,2,21,0,0,NA,NA,NA,NA,Conspecific Control,SHHC,18,115,22,40,80,62,142,H,H,0,0,0,33,33,1,80,18,55,7,S,0,73,3.5
2419,A21,1812121,SH,09:37,0,NA,0,0,NA,0,LW,D,extinct,21-Feb-24,2024,2,21,#DIV/0!,#DIV/0!,NA,NA,NA,NA,Conspecific Control,SHHC,18,0,0,0,0,0,0,H,H,0,0,0,21,21,1,0,0,0,7,S,0,0,3.5
2420,A17,1812117,SH,09:39,63,NA,0,72,NA,0,LW,D,,21-Feb-24,2024,2,21,0,0,NA,NA,NA,NA,Conspecific Control,SHHC,18,135,8,12,136,20,156,H,H,0,0,0,17,17,1,136,38,14,7,S,0,52,3.5
2421,A24,1812124,SH,09:41,177,NA,78,34,NA,4,LW,D,,21-Feb-24,2024,2,21,0.440677966,0.117647059,NA,NA,NA,NA,Allospecific Null,SHT0,18,211,17,29,431,46,477,H,T,1,1,0,24,24,1,431,134,30,7,S,82,164,3.5
2422,A15,1812115,SH,09:43,0,NA,0,0,NA,0,LW,D,extinct,21-Feb-24,2024,2,21,#DIV/0!,#DIV/0!,NA,NA,NA,NA,Allospecific Null,SHT0,18,0,0,0,0,0,0,H,T,1,1,0,15,15,1,0,0,0,7,S,0,0,3.5
2423,A04,1812104,SH,09:45,102,NA,9,25,NA,3,LW,D,,21-Feb-24,2024,2,21,0.088235294,0.12,NA,NA,NA,NA,Allospecific Null,SHT0,18,127,33,46,29,79,108,H,T,1,1,0,04,4,1,29,94,22,7,S,12,116,3.5
2424,A32,1812132,SH,09:47,8,NA,0,9,NA,0,LW,D,extinct,21-Feb-24,2024,2,21,0,0,NA,NA,NA,NA,Allospecific Null,SHT0,18,17,2,3,3,5,8,H,T,1,1,0,32,32,1,3,8,9,7,S,0,17,3.5
2425,A36,1812136,SH,09:49,78,NA,14,88,NA,15,LW,D,,21-Feb-24,2024,2,21,0.179487179,0.170454545,NA,NA,NA,NA,Allospecific Null,SHT0,18,166,14,25,143,39,182,H,T,1,1,0,36,36,1,143,61,76,7,S,29,137,3.5
2426,A31,1812131,SH,09:51,0,NA,0,0,NA,0,LW,D,extinct,21-Feb-24,2024,2,21,#DIV/0!,#DIV/0!,NA,NA,NA,NA,Allospecific Null,SHT0,18,0,0,0,0,0,0,H,T,1,1,0,31,31,1,0,0,0,7,S,0,0,3.5
2427,A05,1812105,SH,09:53,13,NA,0,3,NA,0,LW,D,,21-Feb-24,2024,2,21,0,0,NA,NA,NA,NA,Allospecific Null,SHT0,18,16,60,80,221,140,361,H,T,1,1,0,05,5,1,221,13,3,7,S,0,16,3.5
2428,A39,1812139,SH,09:55,5,NA,0,3,NA,1,LW,D,,21-Feb-24,2024,2,21,0,0.333333333,NA,NA,NA,NA,Allospecific Null,SHT0,18,8,9,25,41,34,75,H,T,1,1,0,39,39,1,41,5,2,7,S,1,7,3.5
2429,A19,1812119,SH,09:57,0,NA,0,0,NA,0,LW,D,extinct,21-Feb-24,2024,2,21,#DIV/0!,#DIV/0!,NA,NA,NA,NA,Allospecific Null,SHT0,18,0,0,0,0,0,0,H,T,1,1,0,19,19,1,0,0,0,7,S,0,0,3.5
2430,A27,1812127,SH,09:59,282,NA,76,349,NA,108,LW,D,,21-Feb-24,2024,2,21,0.269503546,0.309455587,NA,NA,NA,NA,Allospecific Null,SHT0,18,631,7,14,1263,21,1284,H,T,1,1,0,27,27,1,1263,212,282,7,S,184,494,3.5
2431,A09,1812109,SH,10:01,0,NA,0,0,NA,0,LW,D,extinct,21-Feb-24,2024,2,21,#DIV/0!,#DIV/0!,NA,NA,NA,NA,Allospecific Control,SHTC,18,0,0,0,0,0,0,H,T,0,1,0,09,9,1,0,0,0,7,S,0,0,3.5
2432,A38,1812138,SH,10:03,0,NA,0,0,NA,0,LW,D,extinct,21-Feb-24,2024,2,21,#DIV/0!,#DIV/0!,NA,NA,NA,NA,Allospecific Control,SHTC,18,0,0,0,0,0,0,H,T,0,1,0,38,38,1,0,0,0,7,S,0,0,3.5
2433,A25,1812125,SH,10:05,98,NA,0,23,NA,0,LW,D,,21-Feb-24,2024,2,21,0,0,NA,NA,NA,NA,Allospecific Control,SHTC,18,121,36,54,180,90,270,H,T,0,1,0,25,25,1,180,87,18,7,S,0,105,3.5
2434,A14,1812114,SH,10:07,0,NA,0,0,NA,0,LW,D,extinct,21-Feb-24,2024,2,21,#DIV/0!,#DIV/0!,NA,NA,NA,NA,Allospecific Control,SHTC,18,0,0,0,0,0,0,H,T,0,1,0,14,14,1,0,0,0,7,S,0,0,3.5
2435,A26,1812126,SH,10:09,0,NA,0,0,NA,0,LW,D,extinct,21-Feb-24,2024,2,21,#DIV/0!,#DIV/0!,NA,NA,NA,NA,Conspecific Control,SHHC,18,0,0,0,0,0,0,H,H,0,0,0,26,26,1,0,0,0,7,S,0,0,3.5
2436,A37,1812137,SH,10:11,0,NA,0,0,NA,0,LW,D,extinct,21-Feb-24,2024,2,21,#DIV/0!,#DIV/0!,NA,NA,NA,NA,Allospecific Control,SHTC,18,0,0,0,0,0,0,H,T,0,1,0,37,37,1,0,0,0,7,S,0,0,3.5
2437,A20,1812120,SH,10:13,0,NA,0,0,NA,0,LW,D,extinct,21-Feb-24,2024,2,21,#DIV/0!,#DIV/0!,NA,NA,NA,NA,Allospecific Control,SHTC,18,0,0,0,0,0,0,H,T,0,1,0,20,20,1,0,0,0,7,S,0,0,3.5
2438,A06,1812106,SH,10:15,0,NA,0,0,NA,0,LW,D,extinct,21-Feb-24,2024,2,21,#DIV/0!,#DIV/0!,NA,NA,NA,NA,Allospecific Control,SHTC,18,0,0,0,0,0,0,H,T,0,1,0,06,6,1,0,0,0,7,S,0,0,3.5
2439,A16,1812116,SH,10:17,0,NA,0,0,NA,0,LW,D,extinct,21-Feb-24,2024,2,21,#DIV/0!,#DIV/0!,NA,NA,NA,NA,Allospecific Control,SHTC,18,0,18,22,12,40,52,H,T,0,1,0,16,16,1,12,0,0,7,S,0,0,3.5
2440,A35,1812135,SH,10:19,0,NA,0,0,NA,0,LW,D,extinct,21-Feb-24,2024,2,21,#DIV/0!,#DIV/0!,NA,NA,NA,NA,Allospecific Control,SHTC,18,0,0,0,0,0,0,H,T,0,1,0,35,35,1,0,0,0,7,S,0,0,3.5
2441,B01,1812201,ST,10:21,15,NA,5,37,NA,20,LW,D,,21-Feb-24,2024,2,21,0.333333333,0.540540541,NA,NA,NA,NA,Conspecific Null,STT0,18,52,15,15,1,30,31,T,T,1,0,1,01,41,1,1,11,21,7,S,25,32,3.5
2442,B31,1812231,ST,10:23,24,NA,8,18,NA,3,LW,D,,21-Feb-24,2024,2,21,0.333333333,0.166666667,NA,NA,NA,NA,Conspecific Null,STT0,18,42,39,71,116,110,226,T,T,1,0,1,31,71,1,47,19,15,7,S,11,34,3.5
2443,B09,1812209,ST,10:25,43,NA,6,44,NA,19,LW,D,,21-Feb-24,2024,2,21,0.139534884,0.431818182,NA,NA,NA,NA,Conspecific Null,STT0,18,87,32,42,255,74,329,T,T,1,0,1,09,49,1,160,36,31,7,S,25,67,3.5
2444,B26,1812226,ST,10:27,2,NA,0,2,NA,1,LW,D,,21-Feb-24,2024,2,21,0,0.5,NA,NA,NA,NA,Conspecific Null,STT0,18,4,37,59,82,96,178,T,T,1,0,1,26,66,1,59,2,1,7,S,1,3,3.5
2445,B13,1812213,ST,10:29,0,NA,0,0,NA,0,LW,D,extinct,21-Feb-24,2024,2,21,#DIV/0!,#DIV/0!,NA,NA,NA,NA,Conspecific Null,STT0,18,0,0,2,0,2,2,T,T,1,0,1,13,53,1,2,0,0,7,S,0,0,3.5
2446,B16,1812216,ST,10:31,170,NA,14,154,NA,88,LW,D,,21-Feb-24,2024,2,21,0.082352941,0.571428571,NA,NA,NA,NA,Conspecific Null,STT0,18,324,8,11,429,19,448,T,T,1,0,1,16,56,1,327,154,73,7,S,102,227,3.5
2447,B14,1812214,ST,10:33,122,NA,34,35,NA,29,LW,D,,21-Feb-24,2024,2,21,0.278688525,0.828571429,NA,NA,NA,NA,Conspecific Null,STT0,18,157,6,4,104,10,114,T,T,1,0,1,14,54,1,71,92,13,7,S,63,105,3.5
2448,B18,1812218,ST,10:35,111,NA,37,20,NA,5,LW,D,,21-Feb-24,2024,2,21,0.333333333,0.25,NA,NA,NA,NA,Conspecific Null,STT0,18,131,5,3,149,8,157,T,T,1,0,1,18,58,1,134,71,16,7,S,42,87,3.5
2449,B37,1812237,ST,10:37,151,NA,65,118,NA,54,LW,D,,21-Feb-24,2024,2,21,0.430463576,0.457627119,NA,NA,NA,NA,Conspecific Null,STT0,18,269,24,31,428,55,483,T,T,1,0,1,37,77,1,333,92,83,7,S,119,175,3.5
2450,B30,1812230,ST,10:39,7,NA,0,8,NA,0,LW,D,,21-Feb-24,2024,2,21,0,0,NA,NA,NA,NA,Conspecific Null,STT0,18,15,18,44,95,62,157,T,T,1,0,1,30,70,1,62,7,8,7,S,0,15,3.5
2451,B38,1812238,ST,10:41,0,NA,0,0,NA,0,LW,D,extinct,21-Feb-24,2024,2,21,#DIV/0!,#DIV/0!,NA,NA,NA,NA,Conspecific Control,STTC,18,0,0,0,0,0,0,T,T,0,0,1,38,78,1,0,0,0,7,S,0,0,3.5
2452,B33,1812233,ST,10:43,0,NA,0,0,NA,0,LW,D,extinct,21-Feb-24,2024,2,21,#DIV/0!,#DIV/0!,NA,NA,NA,NA,Conspecific Control,STTC,18,0,0,0,0,0,0,T,T,0,0,1,33,73,1,0,0,0,7,S,0,0,3.5
2453,B19,1812219,ST,10:45,0,NA,0,0,NA,0,LW,D,extinct,21-Feb-24,2024,2,21,#DIV/0!,#DIV/0!,NA,NA,NA,NA,Conspecific Control,STTC,18,0,0,0,0,0,0,T,T,0,0,1,19,59,1,0,0,0,7,S,0,0,3.5
2454,B36,1812236,ST,10:47,0,NA,0,0,NA,0,LW,D,extinct,21-Feb-24,2024,2,21,#DIV/0!,#DIV/0!,NA,NA,NA,NA,Conspecific Control,STTC,18,0,0,0,0,0,0,T,T,0,0,1,36,76,1,0,0,0,7,S,0,0,3.5
2455,B10,1812210,ST,10:49,0,NA,0,0,NA,0,LW,D,extinct,21-Feb-24,2024,2,21,#DIV/0!,#DIV/0!,NA,NA,NA,NA,Conspecific Control,STTC,18,0,0,0,0,0,0,T,T,0,0,1,10,50,1,0,0,0,7,S,0,0,3.5
2456,B07,1812207,ST,10:51,112,NA,0,74,NA,0,LW,D,,21-Feb-24,2024,2,21,0,0,NA,NA,NA,NA,Conspecific Control,STTC,18,186,3,2,323,5,328,T,T,0,0,1,07,47,1,263,101,53,7,S,0,154,3.5
2457,B08,1812208,ST,10:53,1,NA,0,0,NA,0,LW,D,extinct,21-Feb-24,2024,2,21,0,#DIV/0!,NA,NA,NA,NA,Conspecific Control,STTC,18,1,2,4,0,6,6,T,T,0,0,1,08,48,1,6,0,0,7,S,0,0,3.5
2458,B22,1812222,ST,10:55,4,NA,0,4,NA,0,LW,D,,21-Feb-24,2024,2,21,0,0,NA,NA,NA,NA,Conspecific Control,STTC,18,8,0,1,5,1,6,T,T,0,0,1,22,62,1,3,3,2,7,S,0,5,3.5
2459,B21,1812221,ST,10:57,0,NA,0,0,NA,0,LW,D,extinct,21-Feb-24,2024,2,21,#DIV/0!,#DIV/0!,NA,NA,NA,NA,Conspecific Control,STTC,18,0,0,0,0,0,0,T,T,0,0,1,21,61,1,0,0,0,7,S,0,0,3.5
2460,B17,1812217,ST,10:59,22,NA,0,27,NA,0,LW,D,,21-Feb-24,2024,2,21,0,0,NA,NA,NA,NA,Conspecific Control,STTC,18,49,2,2,66,4,70,T,T,0,0,1,17,57,1,46,1,10,7,S,0,11,3.5
2461,B28,1812228,ST,11:01,39,NA,2,19,NA,4,LW,D,,21-Feb-24,2024,2,21,0.051282051,0.210526316,NA,NA,NA,NA,Allospecific Null,STH0,18,58,19,44,51,63,114,T,H,1,1,1,28,68,1,51,37,16,7,S,6,53,3.5
2462,B24,1812224,ST,11:03,0,NA,0,0,NA,0,LW,D,extinct,21-Feb-24,2024,2,21,#DIV/0!,#DIV/0!,NA,NA,NA,NA,Allospecific Null,STH0,18,0,0,0,0,0,0,T,H,1,1,1,24,64,1,0,0,0,7,S,0,0,3.5
2463,B12,1812212,ST,11:05,272,NA,67,176,NA,76,LW,D,,21-Feb-24,2024,2,21,0.246323529,0.431818182,NA,NA,NA,NA,Allospecific Null,STH0,18,448,49,63,454,112,566,T,H,1,1,1,12,52,1,454,191,101,7,S,143,292,3.5
2464,B25,1812225,ST,11:07,0,NA,0,0,NA,0,LW,D,extinct,21-Feb-24,2024,2,21,#DIV/0!,#DIV/0!,NA,NA,NA,NA,Allospecific Null,STH0,18,0,0,0,0,0,0,T,H,1,1,1,25,65,1,0,0,0,7,S,0,0,3.5
2465,B40,1812240,ST,11:09,100,NA,38,94,NA,41,LW,D,,21-Feb-24,2024,2,21,0.38,0.436170213,NA,NA,NA,NA,Allospecific Null,STH0,18,194,30,48,217,78,295,T,H,1,1,1,40,80,1,217,69,56,7,S,79,125,3.5
2466,B39,1812239,ST,11:11,123,NA,87,60,NA,28,LW,D,,21-Feb-24,2024,2,21,0.707317073,0.466666667,NA,NA,NA,NA,Allospecific Null,STH0,18,183,35,70,165,105,270,T,H,1,1,1,39,79,1,165,55,38,7,S,115,93,3.5
2467,B29,1812229,ST,11:13,0,NA,0,0,NA,0,LW,D,extinct,21-Feb-24,2024,2,21,#DIV/0!,#DIV/0!,NA,NA,NA,NA,Allospecific Null,STH0,18,0,0,0,0,0,0,T,H,1,1,1,29,69,1,0,0,0,7,S,0,0,3.5
2468,B32,1812232,ST,11:15,7,NA,1,11,NA,0,LW,D,,21-Feb-24,2024,2,21,0.142857143,0,NA,NA,NA,NA,Allospecific Null,STH0,18,18,10,14,31,24,55,T,H,1,1,1,32,72,1,31,6,11,7,S,1,17,3.5
2469,B23,1812223,ST,11:17,43,NA,32,21,NA,0,LW,D,,21-Feb-24,2024,2,21,0.744186047,0,NA,NA,NA,NA,Allospecific Null,STH0,18,64,149,147,168,296,464,T,H,1,1,1,23,63,1,168,19,21,7,S,32,40,3.5
2470,B20,1812220,ST,11:19,49,NA,27,33,NA,83,LW,D,,21-Feb-24,2024,2,21,0.551020408,2.515151515,NA,NA,NA,NA,Allospecific Null,STH0,18,82,18,54,167,72,239,T,H,1,1,1,20,60,1,167,21,27,7,S,110,48,3.5
2471,B02,1812202,ST,11:21,0,NA,0,0,NA,0,LW,D,extinct,21-Feb-24,2024,2,21,#DIV/0!,#DIV/0!,NA,NA,NA,NA,Allospecific Control,STHC,18,0,0,0,0,0,0,T,H,0,1,1,02,42,1,0,0,0,7,S,0,0,3.5
2472,B34,1812234,ST,11:23,10,NA,0,17,NA,0,LW,D,,21-Feb-24,2024,2,21,0,0,NA,NA,NA,NA,Allospecific Control,STHC,18,27,4,18,21,22,43,T,H,0,1,1,34,74,1,21,8,9,7,S,0,17,3.5
2473,B15,1812215,ST,11:25,0,NA,0,0,NA,0,LW,D,extinct,21-Feb-24,2024,2,21,#DIV/0!,#DIV/0!,NA,NA,NA,NA,Allospecific Control,STHC,18,0,0,0,0,0,0,T,H,0,1,1,15,55,1,0,0,0,7,S,0,0,3.5
2474,B27,1812227,ST,11:27,0,NA,0,0,NA,0,LW,D,extinct,21-Feb-24,2024,2,21,#DIV/0!,#DIV/0!,NA,NA,NA,NA,Allospecific Control,STHC,18,0,0,0,0,0,0,T,H,0,1,1,27,67,1,0,0,0,7,S,0,0,3.5
2475,B04,1812204,ST,11:29,12,NA,0,9,NA,0,LW,D,,21-Feb-24,2024,2,21,0,0,NA,NA,NA,NA,Allospecific Control,STHC,18,21,1,2,16,3,19,T,H,0,1,1,04,44,1,16,1,9,7,S,0,10,3.5
2476,B03,1812203,ST,11:31,0,NA,0,0,NA,0,LW,D,extinct,21-Feb-24,2024,2,21,#DIV/0!,#DIV/0!,NA,NA,NA,NA,Allospecific Control,STHC,18,0,0,0,0,0,0,T,H,0,1,1,03,43,1,0,0,0,7,S,0,0,3.5
2477,B06,1812206,ST,11:33,0,NA,0,0,NA,0,LW,D,extinct,21-Feb-24,2024,2,21,#DIV/0!,#DIV/0!,NA,NA,NA,NA,Allospecific Control,STHC,18,0,0,0,0,0,0,T,H,0,1,1,06,46,1,0,0,0,7,S,0,0,3.5
2478,B35,1812235,ST,11:35,0,NA,0,0,NA,0,LW,D,extinct,21-Feb-24,2024,2,21,#DIV/0!,#DIV/0!,NA,NA,NA,NA,Allospecific Control,STHC,18,0,0,0,0,0,0,T,H,0,1,1,35,75,1,0,0,0,7,S,0,0,3.5
2479,B05,1812205,ST,11:37,0,NA,0,0,NA,0,LW,D,extinct,21-Feb-24,2024,2,21,#DIV/0!,#DIV/0!,NA,NA,NA,NA,Allospecific Control,STHC,18,0,0,0,0,0,0,T,H,0,1,1,05,45,1,0,0,0,7,S,0,0,3.5
2480,B11,1812211,ST,11:39,137,NA,0,109,NA,0,LW,D,,21-Feb-24,2024,2,21,0,0,NA,NA,NA,NA,Allospecific Control,STHC,18,246,3,0,133,3,136,T,H,0,1,1,11,51,1,133,91,12,7,S,0,103,3.5
2481,C38,1812338,MH,11:41,1,NA,0,1,NA,0,LW,D,,21-Feb-24,2024,2,21,0,0,NA,NA,NA,NA,Conspecific Null,MHH0,18,2,2,9,4,11,15,H,H,1,0,2,38,118,1,4,1,1,7,M,0,2,3.5
2482,C20,1812320,MH,11:43,0,NA,0,0,NA,0,LW,D,,21-Feb-24,2024,2,21,#DIV/0!,#DIV/0!,NA,NA,NA,NA,Conspecific Null,MHH0,18,0,38,36,7,74,81,H,H,1,0,2,20,100,1,7,0,0,7,M,0,0,3.5
2483,C26,1812326,MH,11:45,0,NA,0,0,NA,0,LW,D,extinct,21-Feb-24,2024,2,21,#DIV/0!,#DIV/0!,NA,NA,NA,NA,Conspecific Null,MHH0,18,0,0,0,0,0,0,H,H,1,0,2,26,106,1,0,0,0,7,M,0,0,3.5
2484,C16,1812316,MH,11:47,16,NA,9,18,NA,16,LW,D,,21-Feb-24,2024,2,21,0.5625,0.888888889,NA,NA,NA,NA,Conspecific Null,MHH0,18,34,39,34,0,73,73,H,H,1,0,2,16,96,1,8,9,2,7,M,25,11,3.5
2485,C32,1812332,MH,11:49,36,NA,20,44,NA,81,LW,D,,21-Feb-24,2024,2,21,0.555555556,1.840909091,NA,NA,NA,NA,Conspecific Null,MHH0,18,80,4,9,124,13,137,H,H,1,0,2,32,112,1,124,18,39,7,M,101,57,3.5
2486,C12,1812312,MH,11:51,473,NA,194,332,NA,70,LW,D,,21-Feb-24,2024,2,21,0.410147992,0.210843373,NA,NA,NA,NA,Conspecific Null,MHH0,18,805,23,54,1261,77,1338,H,H,1,0,2,12,92,1,1261,328,270,7,M,264,598,3.5
2487,C18,1812318,MH,11:53,81,NA,42,33,NA,13,LW,D,,21-Feb-24,2024,2,21,0.518518519,0.393939394,NA,NA,NA,NA,Conspecific Null,MHH0,18,114,13,29,89,42,131,H,H,1,0,2,18,98,1,89,55,21,7,M,55,76,3.5
2488,C08,1812308,MH,11:55,0,NA,0,0,NA,0,LW,D,extinct,21-Feb-24,2024,2,21,#DIV/0!,#DIV/0!,NA,NA,NA,NA,Conspecific Null,MHH0,18,0,1,1,0,2,2,H,H,1,0,2,08,88,1,1,0,0,7,M,0,0,3.5
2489,C15,1812315,MH,11:57,0,NA,0,0,NA,0,LW,D,extinct,21-Feb-24,2024,2,21,#DIV/0!,#DIV/0!,NA,NA,NA,NA,Conspecific Null,MHH0,18,0,0,0,0,0,0,H,H,1,0,2,15,95,1,0,0,0,7,M,0,0,3.5
2490,C21,1812321,MH,11:59,346,NA,30,491,NA,145,LW,D,,21-Feb-24,2024,2,21,0.086705202,0.295315682,NA,NA,NA,NA,Conspecific Null,MHH0,18,837,43,78,681,121,802,H,H,1,0,2,21,101,1,681,305,395,7,M,175,700,3.5
2491,C29,1812329,MH,12:01,6,NA,0,5,NA,0,LW,D,,21-Feb-24,2024,2,21,0,0,NA,NA,NA,NA,Conspecific Control,MHHC,18,11,2,2,67,4,71,H,H,0,0,2,29,109,1,67,6,2,7,M,0,8,3.5
2492,C22,1812322,MH,12:03,16,NA,0,11,NA,0,LW,D,,21-Feb-24,2024,2,21,0,0,NA,NA,NA,NA,Conspecific Control,MHHC,18,27,1,2,45,3,48,H,H,0,0,2,22,102,1,45,13,8,7,M,0,21,3.5
2493,C09,1812309,MH,12:05,0,NA,0,0,NA,0,LW,D,extinct,21-Feb-24,2024,2,21,#DIV/0!,#DIV/0!,NA,NA,NA,NA,Conspecific Control,MHHC,18,0,0,0,0,0,0,H,H,0,0,2,09,89,1,0,0,0,7,M,0,0,3.5
2494,C13,1812313,MH,12:07,10,NA,0,17,NA,0,LW,D,,21-Feb-24,2024,2,21,0,0,NA,NA,NA,NA,Conspecific Control,MHHC,18,27,6,2,7,8,15,H,H,0,0,2,13,93,1,7,8,12,7,M,0,20,3.5
2495,C03,1812303,MH,12:09,0,NA,0,0,NA,0,LW,D,extinct,21-Feb-24,2024,2,21,#DIV/0!,#DIV/0!,NA,NA,NA,NA,Conspecific Control,MHHC,18,0,0,0,0,0,0,H,H,0,0,2,03,83,1,0,0,0,7,M,0,0,3.5
2496,C14,1812314,MH,12:11,0,NA,0,0,NA,0,LW,D,extinct,21-Feb-24,2024,2,21,#DIV/0!,#DIV/0!,NA,NA,NA,NA,Conspecific Control,MHHC,18,0,0,0,0,0,0,H,H,0,0,2,14,94,1,0,0,0,7,M,0,0,3.5
2497,C37,1812337,MH,12:13,0,NA,0,0,NA,0,LW,D,extinct,21-Feb-24,2024,2,21,#DIV/0!,#DIV/0!,NA,NA,NA,NA,Conspecific Control,MHHC,18,0,0,0,0,0,0,H,H,0,0,2,37,117,1,0,0,0,7,M,0,0,3.5
2498,C25,1812325,MH,12:15,0,NA,0,0,NA,0,LW,D,extinct,21-Feb-24,2024,2,21,#DIV/0!,#DIV/0!,NA,NA,NA,NA,Conspecific Control,MHHC,18,0,0,0,0,0,0,H,H,0,0,2,25,105,1,0,0,0,7,M,0,0,3.5
2499,C05,1812305,MH,12:17,31,NA,0,32,NA,0,LW,D,,21-Feb-24,2024,2,21,0,0,NA,NA,NA,NA,Conspecific Control,MHHC,18,63,6,9,37,15,52,H,H,0,0,2,05,85,1,37,31,32,7,M,0,63,3.5
2500,C31,1812331,MH,12:19,28,NA,0,33,NA,0,LW,D,,21-Feb-24,2024,2,21,0,0,NA,NA,NA,NA,Conspecific Control,MHHC,18,61,3,4,37,7,44,H,H,0,0,2,31,111,1,37,28,33,7,M,0,61,3.5
2501,C24,1812324,MH,12:21,0,NA,0,0,NA,0,LW,D,,21-Feb-24,2024,2,21,#DIV/0!,#DIV/0!,NA,NA,NA,NA,Allospecific Null,MHT0,18,0,25,41,46,66,112,H,T,1,1,2,24,104,1,46,0,0,7,M,0,0,3.5
2502,C23,1812323,MH,12:23,0,NA,0,0,NA,0,LW,D,extinct,21-Feb-24,2024,2,21,#DIV/0!,#DIV/0!,NA,NA,NA,NA,Allospecific Null,MHT0,18,0,1,5,0,6,6,H,T,1,1,2,23,103,1,2,0,0,7,M,0,0,3.5
2503,C04,1812304,MH,12:25,0,NA,0,0,NA,0,LW,D,extinct,21-Feb-24,2024,2,21,#DIV/0!,#DIV/0!,NA,NA,NA,NA,Allospecific Null,MHT0,18,0,0,0,0,0,0,H,T,1,1,2,04,84,1,0,0,0,7,M,0,0,3.5
2504,C01,1812301,MH,12:27,0,NA,0,0,NA,0,LW,D,extinct,21-Feb-24,2024,2,21,#DIV/0!,#DIV/0!,NA,NA,NA,NA,Allospecific Null,MHT0,18,0,0,0,0,0,0,H,T,1,1,2,01,81,1,0,0,0,7,M,0,0,3.5
2505,C35,1812335,MH,12:29,57,NA,13,108,NA,22,LW,D,,21-Feb-24,2024,2,21,0.228070175,0.203703704,NA,NA,NA,NA,Allospecific Null,MHT0,18,165,29,36,311,65,376,H,T,1,1,2,35,115,1,311,40,91,7,M,35,131,3.5
2506,C27,1812327,MH,12:31,0,NA,0,0,NA,0,LW,D,extinct,21-Feb-24,2024,2,21,#DIV/0!,#DIV/0!,NA,NA,NA,NA,Allospecific Null,MHT0,18,0,0,0,0,0,0,H,T,1,1,2,27,107,1,0,0,0,7,M,0,0,3.5
2507,C19,1812319,MH,12:33,4,NA,0,3,NA,0,LW,D,,21-Feb-24,2024,2,21,0,0,NA,NA,NA,NA,Allospecific Null,MHT0,18,7,19,14,8,33,41,H,T,1,1,2,19,99,1,8,4,3,7,M,0,7,3.5
2508,C06,1812306,MH,12:35,42,NA,14,52,NA,27,LW,D,,21-Feb-24,2024,2,21,0.333333333,0.519230769,NA,NA,NA,NA,Allospecific Null,MHT0,18,94,69,105,90,174,264,H,T,1,1,2,06,86,1,90,31,24,7,M,41,55,3.5
2509,C17,1812317,MH,12:37,0,NA,0,0,NA,0,LW,D,extinct,21-Feb-24,2024,2,21,#DIV/0!,#DIV/0!,NA,NA,NA,NA,Allospecific Null,MHT0,18,0,45,205,0,250,250,H,T,1,1,2,17,97,1,164,0,0,7,M,0,0,3.5
2510,C11,1812311,MH,12:39,77,NA,69,28,NA,17,LW,D,,21-Feb-24,2024,2,21,0.896103896,0.607142857,NA,NA,NA,NA,Allospecific Null,MHT0,18,105,45,43,95,88,183,H,T,1,1,2,11,91,1,95,32,7,7,M,86,39,3.5
2511,C36,1812336,MH,12:41,0,NA,0,0,NA,0,LW,D,extinct,21-Feb-24,2024,2,21,#DIV/0!,#DIV/0!,NA,NA,NA,NA,Allospecific Control,MHTC,18,0,0,0,0,0,0,H,T,0,1,2,36,116,1,0,0,0,7,M,0,0,3.5
2512,C28,1812328,MH,12:43,0,NA,0,0,NA,0,LW,D,extinct,21-Feb-24,2024,2,21,#DIV/0!,#DIV/0!,NA,NA,NA,NA,Allospecific Control,MHTC,18,0,0,0,0,0,0,H,T,0,1,2,28,108,1,0,0,0,7,M,0,0,3.5
2513,C34,1812334,MH,12:45,0,NA,0,0,NA,0,LW,D,extinct,21-Feb-24,2024,2,21,#DIV/0!,#DIV/0!,NA,NA,NA,NA,Allospecific Control,MHTC,18,0,0,0,0,0,0,H,T,0,1,2,34,114,1,0,0,0,7,M,0,0,3.5
2514,C40,1812340,MH,12:47,0,NA,0,0,NA,0,LW,D,extinct,21-Feb-24,2024,2,21,#DIV/0!,#DIV/0!,NA,NA,NA,NA,Allospecific Control,MHTC,18,0,0,0,0,0,0,H,T,0,1,2,40,120,1,0,0,0,7,M,0,0,3.5
2515,C07,1812307,MH,12:49,0,NA,0,0,NA,0,LW,D,extinct,21-Feb-24,2024,2,21,#DIV/0!,#DIV/0!,NA,NA,NA,NA,Allospecific Control,MHTC,18,0,0,0,0,0,0,H,T,0,1,2,07,87,1,0,0,0,7,M,0,0,3.5
2516,C33,1812333,MH,12:51,0,NA,0,0,NA,0,LW,D,extinct,21-Feb-24,2024,2,21,#DIV/0!,#DIV/0!,NA,NA,NA,NA,Allospecific Control,MHTC,18,0,0,0,0,0,0,H,T,0,1,2,33,113,1,0,0,0,7,M,0,0,3.5
2517,C02,1812302,MH,12:53,0,NA,0,0,NA,0,LW,D,extinct,21-Feb-24,2024,2,21,#DIV/0!,#DIV/0!,NA,NA,NA,NA,Allospecific Control,MHTC,18,0,0,0,0,0,0,H,T,0,1,2,02,82,1,0,0,0,7,M,0,0,3.5
2518,C10,1812310,MH,12:55,0,NA,0,0,NA,0,LW,D,extinct,21-Feb-24,2024,2,21,#DIV/0!,#DIV/0!,NA,NA,NA,NA,Allospecific Control,MHTC,18,0,0,0,0,0,0,H,T,0,1,2,10,90,1,0,0,0,7,M,0,0,3.5
2519,C39,1812339,MH,12:57,0,NA,0,0,NA,0,LW,D,extinct,21-Feb-24,2024,2,21,#DIV/0!,#DIV/0!,NA,NA,NA,NA,Allospecific Control,MHTC,18,0,0,0,0,0,0,H,T,0,1,2,39,119,1,0,0,0,7,M,0,0,3.5
2520,C30,1812330,MH,12:59,12,NA,0,3,NA,0,LW,D,,21-Feb-24,2024,2,21,0,0,NA,NA,NA,NA,Allospecific Control,MHTC,18,15,16,18,24,34,58,H,T,0,1,2,30,110,1,24,3,0,7,M,0,3,3.5
2521,D01,1812401,MT,13:01,68,NA,13,8,NA,1,LW,D,,21-Feb-24,2024,2,21,0.191176471,0.125,NA,NA,NA,NA,Conspecific Null,MTT0,18,76,30,15,175,45,220,T,T,1,0,3,01,121,1,127,54,7,7,M,14,61,3.5
2522,D29,1812429,MT,13:03,84,NA,20,10,NA,2,LW,D,,21-Feb-24,2024,2,21,0.238095238,0.2,NA,NA,NA,NA,Conspecific Null,MTT0,18,94,8,2,197,10,207,T,T,1,0,3,29,149,1,130,68,8,7,M,22,76,3.5
2523,D02,1812402,MT,13:05,0,NA,0,0,NA,0,LW,D,extinct,21-Feb-24,2024,2,21,#DIV/0!,#DIV/0!,NA,NA,NA,NA,Conspecific Null,MTT0,18,0,0,0,0,0,0,T,T,1,0,3,02,122,1,0,0,0,7,M,0,0,3.5
2524,D05,1812405,MT,13:07,10,NA,2,15,NA,0,LW,D,,21-Feb-24,2024,2,21,0.2,0,NA,NA,NA,NA,Conspecific Null,MTT0,18,25,3,2,45,5,50,T,T,1,0,3,05,125,1,33,9,15,7,M,2,24,3.5
2525,D12,1812412,MT,13:09,34,NA,0,7,NA,2,LW,D,,21-Feb-24,2024,2,21,0,0.285714286,NA,NA,NA,NA,Conspecific Null,MTT0,18,41,4,5,83,9,92,T,T,1,0,3,12,132,1,46,34,5,7,M,2,39,3.5
2526,D32,1812432,MT,13:11,5,NA,5,7,NA,1,LW,D,,21-Feb-24,2024,2,21,1,0.142857143,NA,NA,NA,NA,Conspecific Null,MTT0,18,12,1,1,6,2,8,T,T,1,0,3,32,152,1,5,2,6,7,M,6,8,3.5
2527,D40,1812440,MT,13:13,0,NA,0,0,NA,0,LW,D,extinct,21-Feb-24,2024,2,21,#DIV/0!,#DIV/0!,NA,NA,NA,NA,Conspecific Null,MTT0,18,0,0,0,0,0,0,T,T,1,0,3,40,160,1,0,0,0,7,M,0,0,3.5
2528,D21,1812421,MT,13:15,145,NA,27,76,NA,16,LW,D,,21-Feb-24,2024,2,21,0.186206897,0.210526316,NA,NA,NA,NA,Conspecific Null,MTT0,18,221,38,30,696,68,764,T,T,1,0,3,21,141,1,550,103,62,7,M,43,165,3.5
2529,D08,1812408,MT,13:17,40,NA,12,10,NA,2,LW,D,,21-Feb-24,2024,2,21,0.3,0.2,NA,NA,NA,NA,Conspecific Null,MTT0,18,50,15,54,138,69,207,T,T,1,0,3,08,128,1,83,29,9,7,M,14,38,3.5
2530,D24,1812424,MT,13:19,352,NA,34,563,NA,108,LW,D,,21-Feb-24,2024,2,21,0.096590909,0.191829485,NA,NA,NA,NA,Conspecific Null,MTT0,18,915,7,26,1154,33,1187,T,T,1,0,3,24,144,1,958,317,458,7,M,142,775,3.5
2531,D20,1812420,MT,13:21,0,NA,0,0,NA,0,LW,D,extinct,21-Feb-24,2024,2,21,#DIV/0!,#DIV/0!,NA,NA,NA,NA,Conspecific Control,MTTC,18,0,0,0,0,0,0,T,T,0,0,3,20,140,1,0,0,0,7,M,0,0,3.5
2532,D39,1812439,MT,13:23,50,NA,0,40,NA,0,LW,D,,21-Feb-24,2024,2,21,0,0,NA,NA,NA,NA,Conspecific Control,MTTC,18,90,4,15,71,19,90,T,T,0,0,3,39,159,1,46,46,26,7,M,0,72,3.5
2533,D14,1812414,MT,13:25,0,NA,0,0,NA,0,LW,D,extinct,21-Feb-24,2024,2,21,#DIV/0!,#DIV/0!,NA,NA,NA,NA,Conspecific Control,MTTC,18,0,0,0,0,0,0,T,T,0,0,3,14,134,1,0,0,0,7,M,0,0,3.5
2534,D11,1812411,MT,13:27,0,NA,0,0,NA,0,LW,D,extinct,21-Feb-24,2024,2,21,#DIV/0!,#DIV/0!,NA,NA,NA,NA,Conspecific Control,MTTC,18,0,0,0,0,0,0,T,T,0,0,3,11,131,1,0,0,0,7,M,0,0,3.5
2535,D03,1812403,MT,13:29,0,NA,0,0,NA,0,LW,D,extinct,21-Feb-24,2024,2,21,#DIV/0!,#DIV/0!,NA,NA,NA,NA,Conspecific Control,MTTC,18,0,0,0,0,0,0,T,T,0,0,3,03,123,1,0,0,0,7,M,0,0,3.5
2536,D25,1812425,MT,13:31,293,NA,0,505,NA,0,LW,D,,21-Feb-24,2024,2,21,0,0,NA,NA,NA,NA,Conspecific Control,MTTC,18,798,30,36,2156,66,2222,T,T,0,0,3,25,145,1,1748,190,387,7,M,0,577,3.5
2537,D09,1812409,MT,13:33,7,NA,0,4,NA,0,LW,D,,21-Feb-24,2024,2,21,0,0,NA,NA,NA,NA,Conspecific Control,MTTC,18,11,3,16,15,19,34,T,T,0,0,3,09,129,1,10,2,3,7,M,0,5,3.5
2538,D26,1812426,MT,13:35,0,NA,0,0,NA,0,LW,D,extinct,21-Feb-24,2024,2,21,#DIV/0!,#DIV/0!,NA,NA,NA,NA,Conspecific Control,MTTC,18,0,12,11,0,23,23,T,T,0,0,3,26,146,1,0,0,0,7,M,0,0,3.5
2539,D34,1812434,MT,13:37,40,NA,0,14,NA,0,LW,D,,21-Feb-24,2024,2,21,0,0,NA,NA,NA,NA,Conspecific Control,MTTC,18,54,5,5,54,10,64,T,T,0,0,3,34,154,1,49,33,14,7,M,0,47,3.5
2540,D06,1812406,MT,13:39,0,NA,0,0,NA,0,LW,D,extinct,21-Feb-24,2024,2,21,#DIV/0!,#DIV/0!,NA,NA,NA,NA,Conspecific Control,MTTC,18,0,0,0,0,0,0,T,T,0,0,3,06,126,1,0,0,0,7,M,0,0,3.5
2541,D31,1812431,MT,13:41,6,NA,0,5,NA,0,LW,D,,21-Feb-24,2024,2,21,0,0,NA,NA,NA,NA,Allospecific Null,MTH0,18,11,11,17,12,28,40,T,H,1,1,3,31,151,1,12,6,5,7,M,0,11,3.5
2542,D36,1812436,MT,13:43,0,NA,0,0,NA,0,LW,D,extinct,21-Feb-24,2024,2,21,#DIV/0!,#DIV/0!,NA,NA,NA,NA,Allospecific Null,MTH0,18,0,0,0,0,0,0,T,H,1,1,3,36,156,1,0,0,0,7,M,0,0,3.5
2543,D15,1812415,MT,13:45,8,NA,3,11,NA,1,LW,D,,21-Feb-24,2024,2,21,0.375,0.090909091,NA,NA,NA,NA,Allospecific Null,MTH0,18,19,23,53,6,76,82,T,H,1,1,3,15,135,1,6,6,10,7,M,4,16,3.5
2544,D35,1812435,MT,13:47,0,NA,0,0,NA,0,LW,D,,21-Feb-24,2024,2,21,#DIV/0!,#DIV/0!,NA,NA,NA,NA,Allospecific Null,MTH0,18,0,63,83,33,146,179,T,H,1,1,3,35,155,1,33,0,0,7,M,0,0,3.5
2545,D13,1812413,MT,13:49,0,NA,0,0,NA,0,LW,D,extinct,21-Feb-24,2024,2,21,#DIV/0!,#DIV/0!,NA,NA,NA,NA,Allospecific Null,MTH0,18,0,0,0,0,0,0,T,H,1,1,3,13,133,1,0,0,0,7,M,0,0,3.5
2546,D23,1812423,MT,13:51,23,NA,9,25,NA,13,LW,D,,21-Feb-24,2024,2,21,0.391304348,0.52,NA,NA,NA,NA,Allospecific Null,MTH0,18,48,11,69,62,80,142,T,H,1,1,3,23,143,1,62,11,15,7,M,22,26,3.5
2547,D19,1812419,MT,13:53,0,NA,0,0,NA,0,LW,D,extinct,21-Feb-24,2024,2,21,#DIV/0!,#DIV/0!,NA,NA,NA,NA,Allospecific Null,MTH0,18,0,0,0,0,0,0,T,H,1,1,3,19,139,1,0,0,0,7,M,0,0,3.5
2548,D30,1812430,MT,13:55,7,NA,3,2,NA,0,LW,D,,21-Feb-24,2024,2,21,0.428571429,0,NA,NA,NA,NA,Allospecific Null,MTH0,18,9,14,28,0,42,42,T,H,1,1,3,30,150,1,1,4,2,7,M,3,6,3.5
2549,D18,1812418,MT,13:57,123,NA,24,19,NA,7,LW,D,,21-Feb-24,2024,2,21,0.195121951,0.368421053,NA,NA,NA,NA,Allospecific Null,MTH0,18,142,10,7,75,17,92,T,H,1,1,3,18,138,1,75,107,15,7,M,31,122,3.5
2550,D04,1812404,MT,13:59,0,NA,0,0,NA,0,LW,D,extinct,21-Feb-24,2024,2,21,#DIV/0!,#DIV/0!,NA,NA,NA,NA,Allospecific Null,MTH0,18,0,0,0,0,0,0,T,H,1,1,3,04,124,1,0,0,0,7,M,0,0,3.5
2551,D27,1812427,MT,14:01,0,NA,0,0,NA,0,LW,D,extinct,21-Feb-24,2024,2,21,#DIV/0!,#DIV/0!,NA,NA,NA,NA,Allospecific Control,MTHC,18,0,14,15,13,29,42,T,H,0,1,3,27,147,1,13,0,0,7,M,0,0,3.5
2552,D33,1812433,MT,14:03,116,NA,0,87,NA,0,LW,D,,21-Feb-24,2024,2,21,0,0,NA,NA,NA,NA,Allospecific Control,MTHC,18,203,6,13,95,19,114,T,H,0,1,3,33,153,1,95,106,66,7,M,0,172,3.5
2553,D28,1812428,MT,14:05,5,NA,0,3,NA,0,LW,D,,21-Feb-24,2024,2,21,0,0,NA,NA,NA,NA,Allospecific Control,MTHC,18,8,12,13,31,25,56,T,H,0,1,3,28,148,1,31,5,3,7,M,0,8,3.5
2554,D38,1812438,MT,14:07,11,NA,0,13,NA,0,LW,D,,21-Feb-24,2024,2,21,0,0,NA,NA,NA,NA,Allospecific Control,MTHC,18,24,6,16,42,22,64,T,H,0,1,3,38,158,1,42,2,0,7,M,0,2,3.5
2555,D10,1812410,MT,14:09,0,NA,0,0,NA,0,LW,D,extinct,21-Feb-24,2024,2,21,#DIV/0!,#DIV/0!,NA,NA,NA,NA,Allospecific Control,MTHC,18,0,0,0,0,0,0,T,H,0,1,3,10,130,1,0,0,0,7,M,0,0,3.5
2556,D22,1812422,MT,14:11,0,NA,0,0,NA,0,LW,D,extinct,21-Feb-24,2024,2,21,#DIV/0!,#DIV/0!,NA,NA,NA,NA,Allospecific Control,MTHC,18,0,0,0,0,0,0,T,H,0,1,3,22,142,1,0,0,0,7,M,0,0,3.5
2557,D16,1812416,MT,14:13,0,NA,0,0,NA,0,LW,D,extinct,21-Feb-24,2024,2,21,#DIV/0!,#DIV/0!,NA,NA,NA,NA,Allospecific Control,MTHC,18,0,0,0,0,0,0,T,H,0,1,3,16,136,1,0,0,0,7,M,0,0,3.5
2558,D07,1812407,MT,14:15,0,NA,0,0,NA,0,LW,D,extinct,21-Feb-24,2024,2,21,#DIV/0!,#DIV/0!,NA,NA,NA,NA,Allospecific Control,MTHC,18,0,0,0,0,0,0,T,H,0,1,3,07,127,1,0,0,0,7,M,0,0,3.5
2559,D17,1812417,MT,14:17,4,NA,0,2,NA,0,LW,D,,21-Feb-24,2024,2,21,0,0,NA,NA,NA,NA,Allospecific Control,MTHC,18,6,13,20,36,33,69,T,H,0,1,3,17,137,1,36,4,1,7,M,0,5,3.5
2560,D37,1812437,MT,14:19,0,NA,0,0,NA,0,LW,D,extinct,21-Feb-24,2024,2,21,#DIV/0!,#DIV/0!,NA,NA,NA,NA,Allospecific Control,MTHC,18,0,0,0,0,0,0,T,H,0,1,3,37,157,1,0,0,0,7,M,0,0,3.5